row_no,title,arxiv_id,doi,verdict,abs_authority,arxiv_abs,published,published_host,oa_pdf,github,homepage,jref,venue,full_abs_len,stored_abs_len,full_abstract
2,Mutual information functions of natural language texts,,,no_identifier,,,,,,,,,,0,661,
3,"Entanglement, quantum phase transitions, and density matrix renormalization",quant-ph/0109024v2,10.1023/a:1019601218492,truncated_snippet,arxiv,https://arxiv.org/abs/quant-ph/0109024v2,https://doi.org/10.1023/a:1019601218492,link.springer.com,https://arxiv.org/pdf/quant-ph/0109024,,,"Quantum Information Processing, vol. 1 (1-2), pp. 45-53 (2002)",Quantum Information Processing,749,184,"We investigate the role of entanglement in quantum phase transitions, and show that the success of the density matrix renormalization group (DMRG) in understanding such phase transitions is due to the way it preserves entanglement under renormalization. We provide a reinterpretation of the DMRG in terms of the language and tools of quantum information science which allows us to rederive the DMRG in a physically transparent way. Motivated by our reinterpretation we suggest a modification of the DMRG which manifestly takes account of the entanglement in a quantum system. This modified renormalization scheme is shown,in certain special cases, to preserve more entanglement in a quantum system than traditional numerical renormalization methods."
4,Entanglement entropy and quantum field theory,hep-th/0405152v3,10.1088/1742-5468/2004/06/p06002/meta,zero_hit,arxiv,https://arxiv.org/abs/hep-th/0405152v3,https://doi.org/10.1088/1742-5468/2004/06/P06002,,https://arxiv.org/pdf/hep-th/0405152v3,,,"J.Stat.Mech.0406:P06002,2004",,1269,185,"We carry out a systematic study of entanglement entropy in relativistic quantum field theory. This is defined as the von Neumann entropy S_A=-Tr rho_A log rho_A corresponding to the reduced density matrix rho_A of a subsystem A. For the case of a 1+1-dimensional critical system, whose continuum limit is a conformal field theory with central charge c, we re-derive the result S_A\sim(c/3) log(l) of Holzhey et al. when A is a finite interval of length l in an infinite system, and extend it to many other cases: finite systems,finite temperatures, and when A consists of an arbitrary number of disjoint intervals. For such a system away from its critical point, when the correlation length ξis large but finite, we show that S_A\sim{\cal A}(c/6)\logξ, where \cal A is the number of boundary points of A. These results are verified for a free massive field theory, which is also used to confirm a scaling ansatz for the case of finite-size off-critical systems, and for integrable lattice models, such as the Ising and XXZ models, which are solvable by corner transfer matrix methods. Finally the free-field results are extended to higher dimensions, and used to motivate a scaling form for the singular part of the entanglement entropy near a quantum phase transition."
5,Entanglement renormalization,cond-mat/0512165v2,10.1103/physrevlett.99.220405,consistent,openalex,https://arxiv.org/abs/cond-mat/0512165v2,https://doi.org/10.1103/physrevlett.99.220405,link.aps.org,https://arxiv.org/pdf/cond-mat/0512165,,,"Phys. Rev. Lett. 99, 220405 (2007)",Physical Review Letters,863,863,"We propose a real-space renormalization group (RG) transformation for quantum systems on a D-dimensional lattice. The transformation partially disentangles a block of sites before coarse-graining it into an effective site. Numerical simulations with the ground state of a 1D lattice at criticality show that the resulting coarse-grained sites require a Hilbert space dimension that does not grow with successive RG transformations. As a result we can address, in a quasi-exact way, tens of thousands of quantum spins with a computational effort that scales logarithmically in the system's size. The calculations unveil that ground state entanglement in extended quantum systems is organized in layers corresponding to different length scales. At a quantum critical point, each relevant length scale makes an equivalent contribution to the entanglement of a block."
6,Area laws for the entanglement entropy-a review,0808.3773v4,,consistent,arxiv,https://arxiv.org/abs/0808.3773v4,https://doi.org/10.1103/RevModPhys.82.277,link.aps.org,https://arxiv.org/pdf/0808.3773v4,,,"Rev. Mod. Phys. 82, 277 (2010)",,1788,1788,"Physical interactions in quantum many-body systems are typically local: Individual constituents interact mainly with their few nearest neighbors. This locality of interactions is inherited by a decay of correlation functions, but also reflected by scaling laws of a quite profound quantity: The entanglement entropy of ground states. This entropy of the reduced state of a subregion often merely grows like the boundary area of the subregion, and not like its volume, in sharp contrast with an expected extensive behavior. Such ""area laws"" for the entanglement entropy and related quantities have received considerable attention in recent years. They emerge in several seemingly unrelated fields, in the context of black hole physics, quantum information science, and quantum many-body physics where they have important implications on the numerical simulation of lattice models. In this Colloquium we review the current status of area laws in these fields. Center stage is taken by rigorous results on lattice models in one and higher spatial dimensions. The differences and similarities between bosonic and fermionic models are stressed, area laws are related to the velocity of information propagation, and disordered systems, non-equilibrium situations, classical correlation concepts, and topological entanglement entropies are discussed. A significant proportion of the article is devoted to the quantitative connection between the entanglement content of states and the possibility of their efficient numerical simulation. We discuss matrix-product states, higher-dimensional analogues, and states from entanglement renormalization and conclude by highlighting the implications of area laws on quantifying the effective degrees of freedom that need to be considered in simulations."
7,Entanglement renormalization and topological order,0712.0348v2,10.1103/physrevlett.100.070404,zero_hit,openalex,https://arxiv.org/abs/0712.0348v2,https://doi.org/10.1103/physrevlett.100.070404,link.aps.org,https://arxiv.org/pdf/0712.0348,,,"Phys. Rev. Lett. 100, 070404 (2008)",Physical Review Letters,562,185,The multiscale entanglement renormalization ansatz (MERA) is argued to provide a natural description for topological states of matter. The case of Kitaev's toric code is analyzed in detail and shown to possess a remarkably simple MERA description leading to distillation of the topological degrees of freedom at the top of the tensor network. Kitaev states on an infinite lattice are also shown to be a fixed point of the renormalization group flow associated with entanglement renormalization. All of these results generalize to arbitrary quantum double models.
8,Visualization of tree-structured data through generative topographic mapping,,,no_identifier,,,,,,,,,,0,189,
9,Variational matrix-product-state approach to quantum impurity models,cond-mat/0504305v2,10.1103/physrevb.80.165117,zero_hit,arxiv,https://arxiv.org/abs/cond-mat/0504305v2,https://doi.org/10.1103/physrevb.80.165117,link.aps.org,http://link.aps.org/pdf/10.1103/PhysRevB.80.165117,,,"Phys. Rev. B 80, 165117 (2009)",Physical Review B,770,185,"We present a unified framework for renormalization group methods, including Wilson's numerical renormalization group (NRG) and White's density-matrix renormalization group (DMRG), within the language of matrix product states. This allows improvements over Wilson's NRG for quantum impurity models, as we illustrate for the one-channel Kondo model. Moreover, we use a variational method for evaluating Green's functions. The proposed method is more flexible in its description of spectral properties at finite frequencies, opening the way to time-dependent, out-of-equilibrium impurity problems. It also substantially improves computational efficiency for one-channel impurity problems, suggesting potentially \emph{linear} scaling of complexity for $n$-channel problems."
11,Colloquium: Area laws for the entanglement entropy,,10.1103/revmodphys.82.277,consistent,openalex,,https://doi.org/10.1103/revmodphys.82.277,link.aps.org,https://arxiv.org/pdf/0808.3773,,,,Reviews of Modern Physics,1968,1968,"Physical interactions in quantum many-body systems are typically local: Individual constituents interact mainly with their few nearest neighbors. This locality of interactions is inherited by a decay of correlation functions, but also reflected by scaling laws of a quite profound quantity: the entanglement entropy of ground states. This entropy of the reduced state of a subregion often merely grows like the boundary area of the subregion, and not like its volume, in sharp contrast with an expected extensive behavior. Such ``area laws'' for the entanglement entropy and related quantities have received considerable attention in recent years. They emerge in several seemingly unrelated fields, in the context of black hole physics, quantum information science, and quantum many-body physics where they have important implications on the numerical simulation of lattice models. In this Colloquium the current status of area laws in these fields is reviewed. Center stage is taken by rigorous results on lattice models in one and higher spatial dimensions. The differences and similarities between bosonic and fermionic models are stressed, area laws are related to the velocity of information propagation in quantum lattice models, and disordered systems, nonequilibrium situations, and topological entanglement entropies are discussed. These questions are considered in classical and quantum systems, in their ground and thermal states, for a variety of correlation measures. A significant proportion is devoted to the clear and quantitative connection between the entanglement content of states and the possibility of their efficient numerical simulation. Matrix-product states, higher-dimensional analogs, and variational sets from entanglement renormalization are also discussed and the paper is concluded by highlighting the implications of area laws on quantifying the effective degrees of freedom that need to be considered in simulations of quantum states."
12,Entanglement renormalization in noninteracting fermionic systems,0710.0692v2,10.1103/physrevb.81.235102,consistent,openalex,https://arxiv.org/abs/0710.0692v2,https://doi.org/10.1103/physrevb.81.235102,link.aps.org,https://arxiv.org/pdf/0710.0692,,,"Phys. Rev. B 81, 235102 (2010)",Physical Review B,659,659,"We demonstrate, in the context of quadratic fermion lattice models in one and two spatial dimensions, the potential of entanglement renormalization (ER) to define a proper real-space renormalization group transformation. Our results show the validity of the multiscale entanglement renormalization ansatz to describe certain ground states in two dimensions, including quantum critical states. They also unveil a connection between the performance of ER and the logarithmic violations of the boundary law for entanglement in systems with a one-dimensional Fermi surface. ER is recast in the language of creation/annihilation operators and correlation matrices."
13,Entanglement renormalization in free bosonic systems: real-space versus momentum-space renormalization group transforms,,10.1088/1367-2630/12/2/025007,consistent,openalex,,https://doi.org/10.1088/1367-2630/12/2/025007/meta,,,,,New Journal of Physics,,593,593,"The ability of entanglement renormalization (ER) to generate a proper real-space renormalization group (RG) flow in extended quantum systems is analyzed in the setting of harmonic lattice systems in D =1 and 2 spatial dimensions. A conceptual overview of the steps involved in momentum-space RG is provided and contrasted against the equivalent steps in the real-space setting. The real-space RG flow, as generated by ER, is compared against the exact results from momentum-space RG, including an investigation of a critical fixed point and the effect of relevant and irrelevant perturbations."
15,Entanglement renormalization and gauge symmetry,1007.4145v2,10.1103/physrevb.83.115127,zero_hit,openalex,https://arxiv.org/abs/1007.4145v2,https://doi.org/10.1103/physrevb.83.115127,link.aps.org,https://arxiv.org/pdf/1007.4145,,,"Phys.Rev.B83:115127,2011",Physical Review B,1302,181,"A lattice gauge theory is described by a redundantly large vector space that is subject to local constraints and can be regarded as the low-energy limit of an extended lattice model with a local symmetry. We propose a numerical coarse-graining scheme to produce low-energy, effective descriptions of lattice models with a local symmetry such that the local symmetry is exactly preserved during coarse-graining. Our approach results in a variational ansatz for the ground state(s) and low-energy excitations of such models and, by extension, of lattice gauge theories. This ansatz incorporates the local symmetry in its structure and exploits it to obtain a significant reduction of computational costs. We test the approach in the context of a ${Z}_{2}$ lattice gauge theory formulated as the low-energy theory of a specific regime of the toric code with a magnetic field, for lattices with up to $16\ifmmode\times\else\texttimes\fi{}16$ sites (${16}^{2}\ifmmode\times\else\texttimes\fi{}2=512$ spins) on a torus. We reproduce the well-known ground-state phase diagram of the model, consisting of a deconfined and spin-polarized phases separated by a continuous quantum phase transition, and obtain accurate estimates of energy gaps, ground-state fidelities, Wilson loops, and several other quantities."
16,Entanglement entropy of Fermi liquids via multidimensional bosonization,,10.1103/physrevx.2.011012,zero_hit,openalex,,https://doi.org/10.1103/physrevx.2.011012,link.aps.org,http://link.aps.org/pdf/10.1103/PhysRevX.2.011012,,,,Physical Review X,305,192,Highly deft technical work by a group of three theoretical physicists leads to much needed fundamental understanding of the ``area law'' governing the entanglement entropy of a many-particle quantum system and shows that the leading form of the law survives the addition of particle-particle interactions.
18,Multiscale entanglement renormalisation ansatz,,,no_identifier,,,,,,,,,,0,2283,
23,Matrix product state applications for the ALPS project,1407.0872v2,,zero_hit,arxiv,https://arxiv.org/abs/1407.0872v2,https://doi.org/10.1016/j.cpc.2014.08.019,linkinghub.elsevier.com,https://arxiv.org/pdf/1407.0872v2,,,"Comput. Phys. Commun. 185, 3430 (2014)",,898,186,"The density-matrix renormalization group method has become a standard computational approach to the low-energy physics as well as dynamics of low-dimensional quantum systems. In this paper, we present a new set of applications, available as part of the ALPS package, that provide an efficient and flexible implementation of these methods based on a matrix-product state (MPS) representation. Our applications implement, within the same framework, algorithms to variationally find the ground state and low-lying excited states as well as simulate the time evolution of arbitrary one-dimensional and two-dimensional models. Implementing the conservation of quantum numbers for generic Abelian symmetries, we achieve performance competitive with the best codes in the community. Example results are provided for (i) a model of itinerant fermions in one dimension and (ii) a model of quantum magnetism."
24,Matrix-product operators and states: NP-hardness and undecidability,1404.4466v2,10.1103/physrevlett.113.160503,zero_hit,openalex,https://arxiv.org/abs/1404.4466v2,https://doi.org/10.1103/physrevlett.113.160503,link.aps.org,http://link.aps.org/pdf/10.1103/PhysRevLett.113.160503,,,"Phys. Rev. Lett. 113, 160503 (2014)",Physical Review Letters,976,196,"Tensor network states constitute an important variational set of quantum states for numerical studies of strongly correlated systems in condensed-matter physics, as well as in mathematical physics. This is specifically true for finitely correlated states or matrix-product operators, designed to capture mixed states of one-dimensional quantum systems. It is a well-known open problem to find an efficient algorithm that decides whether a given matrix-product operator actually represents a physical state that in particular has no negative eigenvalues. We address and answer this question by showing that the problem is provably undecidable in the thermodynamic limit and that the bounded version of the problem is NP-hard (nondeterministic-polynomial-time hard) in the system size. Furthermore, we discuss numerous connections between tensor network methods and (seemingly) different concepts treated before in the literature, such as hidden Markov models and tensor trains."
25,Renormalization of entanglement entropy and the gravitational effective action,1302.1878,10.1007/JHEP12(2014)045,zero_hit,arxiv,https://arxiv.org/abs/1302.1878,https://doi.org/10.1007/JHEP12(2014)045,link.springer.com,https://arxiv.org/pdf/1302.1878,,,Journal of High Energy Physics 12 (2014) 045,,1103,176,"The entanglement entropy associated with a spatial boundary in quantum field theory is UV divergent, with the leading term proportional to the area of the boundary. For a class of quantum states defined by a path integral, the Callan-Wilczek formula gives a geometrical definition of the entanglement entropy. We show that, for this class of quantum states, the entanglement entropy is rendered UV-finite by precisely the counterterms required to cancel the UV divergences in the gravitational effective action. In particular, the leading contribution to the entanglement entropy is given by the renormalized Bekenstein-Hawking formula, in accordance with a proposal of Susskind and Uglum. We show that the subleading UV-divergent terms in the entanglement entropy depend nontrivially on the quantum state. We compute new subleading terms in the entanglement entropy and find agreement with the Wald entropy formula for black hole spacetimes with bifurcate Killing horizons. We speculate that the entanglement entropy of an arbitrary spatial boundary may be a well-defined observable in quantum gravity."
27,Tensorizing neural networks,1509.06569,,zero_hit,arxiv,https://arxiv.org/abs/1509.06569,,,https://arxiv.org/pdf/1509.06569,,,,,846,194,"Deep neural networks currently demonstrate state-of-the-art performance in several domains. At the same time, models of this class are very demanding in terms of computational resources. In particular, a large amount of memory is required by commonly used fully-connected layers, making it hard to use the models on low-end devices and stopping the further increase of the model size. In this paper we convert the dense weight matrices of the fully-connected layers to the Tensor Train format such that the number of parameters is reduced by a huge factor and at the same time the expressive power of the layer is preserved. In particular, for the Very Deep VGG networks we report the compression factor of the dense weight matrix of a fully-connected layer up to 200000 times leading to the compression factor of the whole network up to 7 times."
28,Entanglement-based machine learning on a quantum computer,1409.7770v4,10.1103/physrevlett.114.110504,consistent,openalex,https://arxiv.org/abs/1409.7770v4,https://doi.org/10.1103/physrevlett.114.110504,link.aps.org,https://arxiv.org/pdf/1409.7770,,,"Phys. Rev. Lett. 114, 110504 (2015)",Physical Review Letters,1100,1100,"Machine learning, a branch of artificial intelligence, learns from previous experience to optimize performance, which is ubiquitous in various fields such as computer sciences, financial analysis, robotics, and bioinformatics. A challenge is that machine learning with the rapidly growing ""big data"" could become intractable for classical computers. Recently, quantum machine learning algorithms [Lloyd, Mohseni, and Rebentrost, arXiv.1307.0411] were proposed which could offer an exponential speedup over classical algorithms. Here, we report the first experimental entanglement-based classification of two-, four-, and eight-dimensional vectors to different clusters using a small-scale photonic quantum computer, which are then used to implement supervised and unsupervised machine learning. The results demonstrate the working principle of using quantum computers to manipulate and classify high-dimensional vectors, the core mathematical routine in machine learning. The method can, in principle, be scaled to larger numbers of qubits, and may provide a new route to accelerate machine learning."
29,Mutual information area laws for thermal free fermions,1301.5646v3,10.1088/1742-5468/2015/02/p02008/meta,zero_hit,arxiv,https://arxiv.org/abs/1301.5646v3,https://doi.org/10.1088/1742-5468/2015/02/P02008,,https://arxiv.org/pdf/1301.5646v3,,,J. Stat. Mech. P02008 (2015),,1240,1223,"We provide a rigorous and asymptotically exact expression of the mutual information of translationally invariant free fermionic lattice systems in a Gibbs state. In order to arrive at this result, we introduce a novel frameworkfor computing determinants of Toeplitz operators with smooth symbols, and for treating Toeplitz matrices with system size dependent entries. The asymptotically exact mutual information for a partition of the one-dimensional lattice satisfies an area law, with a prefactor which we compute explicitly. As examples, we discuss the fermionic XX model in one dimension and free fermionic models on the torus in higher dimensions in detail. Special emphasis is put onto the discussion of the temperature dependence of the mutual information, scaling like the logarithm of the inverse temperature, hence confirming an expression suggested by conformal field theory. We also comment on the applicability of the formalism to treat open systems driven by quantum noise. In the appendix, we derive useful bounds to the mutual information in terms of purities. Finally, we provide a detailed error analysis for finite system sizes. This analysis is valuable in its own right for the abstract theory of Toeplitz determinants."
33,Holographic duality from random tensor networks,1601.01694,10.1007/JHEP11(2016)009,zero_hit,arxiv,https://arxiv.org/abs/1601.01694,https://doi.org/10.1007/JHEP11(2016)009,link.springer.com,https://arxiv.org/pdf/1601.01694,,,JHEP 11 (2016) 009,,1914,180,"Tensor networks provide a natural framework for exploring holographic duality because they obey entanglement area laws. They have been used to construct explicit toy models realizing many interesting structural features of the AdS/CFT correspondence, including the non-uniqueness of bulk operator reconstruction in the boundary theory. In this article, we explore the holographic properties of networks of random tensors. We find that our models naturally incorporate many features that are analogous to those of the AdS/CFT correspondence. When the bond dimension of the tensors is large, we show that the entanglement entropy of boundary regions, whether connected or not, obey the Ryu-Takayanagi entropy formula, a fact closely related to known properties of the multipartite entanglement of assistance. Moreover, we find that each boundary region faithfully encodes the physics of the entire bulk entanglement wedge. Our method is to interpret the average over random tensors as the partition function of a classical ferromagnetic Ising model, so that the minimal surfaces of Ryu-Takayanagi appear as domain walls. Upon including the analog of a bulk field, we find that our model reproduces the expected corrections to the Ryu-Takayanagi formula: the minimal surface is displaced and the entropy is augmented by the entanglement of the bulk field. Increasing the entanglement of the bulk field ultimately changes the minimal surface topologically in a way similar to creation of a black hole. Extrapolating bulk correlation functions to the boundary permits the calculation of the scaling dimensions of boundary operators, which exhibit a large gap between a small number of low-dimension operators and the rest. While we are primarily motivated by AdS/CFT duality, our main results define a more general form of bulk-boundary correspondence which could be useful for extending holography to other spacetimes."
34,Renormalized entanglement entropy,1604.06808,10.1007/JHEP08(2016)165,zero_hit,arxiv,https://arxiv.org/abs/1604.06808,https://doi.org/10.1007/JHEP08(2016)165,link.springer.com,https://arxiv.org/pdf/1604.06808,,,,,1309,190,"We develop a renormalization method for holographic entanglement entropy based on area renormalization of entangling surfaces. The renormalized entanglement entropy is derived for entangling surfaces in asymptotically locally anti-de Sitter spacetimes in general dimensions and for entangling surfaces in four dimensional holographic renormalization group flows. The renormalized entanglement entropy for disk regions in $AdS_4$ spacetimes agrees precisely with the holographically renormalized action for $AdS_4$ with spherical slicing and hence with the F quantity, in accordance with the Casini-Huerta-Myers map. We present a generic class of holographic RG flows associated with deformations by operators of dimension $3/2 < Δ< 5/2$ for which the F quantity increases along the RG flow, hence violating the strong version of the F theorem. We conclude by explaining how the renormalized entanglement entropy can be derived directly from the renormalized partition function using the replica trick i.e. our renormalization method for the entanglement entropy is inherited directly from that of the partition function. We show explicitly how the entanglement entropy counterterms can be derived from the standard holographic renormalization counterterms for asymptotically locally anti-de Sitter spacetimes."
40,Quantum entanglement growth under random unitary dynamics,,10.1103/physrevx.7.031016,zero_hit,openalex,,https://doi.org/10.1103/physrevx.7.031016,link.aps.org,http://link.aps.org/pdf/10.1103/PhysRevX.7.031016,,,,Physical Review X,245,185,Physicists have long sought to understand how quantum dynamics generates the nonlocal correlations known as entanglement. Theoretical models are proposed to explain the growth of entanglement over time in different numbers of spatial dimensions.
41,Quantum entanglement in neural network states,,10.1103/physrevx.7.021021,zero_hit,openalex,,https://doi.org/10.1103/physrevx.7.021021,link.aps.org,http://link.aps.org/pdf/10.1103/PhysRevX.7.021021,,,,Physical Review X,331,182,"Machine learning has recently gained attention as a possible way to understand phase transitions in many-body quantum systems. A new entanglement analysis reveals crucial properties of the data structures that encode quantum states in a neural network, opening new inroads in applying machine learning to quantum many-body physics."
42,Machine learning topological states,1609.09060v2,10.1103/physrevb.96.195145,partial,arxiv,https://arxiv.org/abs/1609.09060v2,https://doi.org/10.1103/physrevb.96.195145,link.aps.org,https://arxiv.org/pdf/1609.09060,,,"Phys. Rev. B 96, 195145 (2017)",Physical review. B./Physical review. B,1685,188,"Artificial neural networks and machine learning have now reached a new era after several decades of improvement where applications are to explode in many fields of science, industry, and technology. Here, we use artificial neural networks to study an intriguing phenomenon in quantum physics--- the topological phases of matter. We find that certain topological states, either symmetry-protected or with intrinsic topological order, can be represented with classical artificial neural networks. This is demonstrated by using three concrete spin systems, the one-dimensional (1D) symmetry-protected topological cluster state and the 2D and 3D toric code states with intrinsic topological orders. For all three cases we show rigorously that the topological ground states can be represented by short-range neural networks in an \textit{exact} and \textit{efficient} fashion---the required number of hidden neurons is as small as the number of physical spins and the number of parameters scales only \textit{linearly} with the system size. For the 2D toric-code model, we find that the proposed short-range neural networks can describe the excited states with abelain anyons and their nontrivial mutual statistics as well. In addition, by using reinforcement learning we show that neural networks are capable of finding the topological ground states of non-integrable Hamiltonians with strong interactions and studying their topological phase transitions. Our results demonstrate explicitly the exceptional power of neural networks in describing topological quantum states, and at the same time provide valuable guidance to machine learning of topological phases in generic lattice models."
43,Tensor networks for dimensionality reduction and large-scale optimizations part 2 applications and future perspectives,1708.09165v1,,consistent,arxiv,https://arxiv.org/abs/1708.09165v1,https://doi.org/10.1561/2200000067,emerald.com,https://arxiv.org/pdf/1708.09165v1,,,"Foundations and Trends in Machine Learning: Vol. 9: No. 6, pp 431-673, 2017",,1437,1437,"Part 2 of this monograph builds on the introduction to tensor networks and their operations presented in Part 1. It focuses on tensor network models for super-compressed higher-order representation of data/parameters and related cost functions, while providing an outline of their applications in machine learning and data analytics. A particular emphasis is on the tensor train (TT) and Hierarchical Tucker (HT) decompositions, and their physically meaningful interpretations which reflect the scalability of the tensor network approach. Through a graphical approach, we also elucidate how, by virtue of the underlying low-rank tensor approximations and sophisticated contractions of core tensors, tensor networks have the ability to perform distributed computations on otherwise prohibitively large volumes of data/parameters, thereby alleviating or even eliminating the curse of dimensionality. The usefulness of this concept is illustrated over a number of applied areas, including generalized regression and classification (support tensor machines, canonical correlation analysis, higher order partial least squares), generalized eigenvalue decomposition, Riemannian optimization, and in the optimization of deep neural networks. Part 1 and Part 2 of this work can be used either as stand-alone separate texts, or indeed as a conjoint comprehensive review of the exciting field of low-rank tensor networks and tensor decompositions."
44,Tensor-train recurrent neural networks for video classification,,,no_identifier,,,,,,,,,,0,179,
45,Compressing recurrent neural network with tensor train,1705.08052v1,,zero_hit,arxiv,https://arxiv.org/abs/1705.08052v1,https://doi.org/10.1109/IJCNN.2017.7966420,ieeexplore.ieee.org,https://arxiv.org/pdf/1705.08052v1,,,,,909,182,"Recurrent Neural Network (RNN) are a popular choice for modeling temporal and sequential tasks and achieve many state-of-the-art performance on various complex problems. However, most of the state-of-the-art RNNs have millions of parameters and require many computational resources for training and predicting new data. This paper proposes an alternative RNN model to reduce the number of parameters significantly by representing the weight parameters based on Tensor Train (TT) format. In this paper, we implement the TT-format representation for several RNN architectures such as simple RNN and Gated Recurrent Unit (GRU). We compare and evaluate our proposed RNN model with uncompressed RNN model on sequence classification and sequence prediction tasks. Our proposed RNNs with TT-format are able to preserve the performance while reducing the number of RNN parameters significantly up to 40 times smaller."
46,Neural networks compression for language modeling,1708.05963v1,10.1007/978-3-319-69900-4_44,truncated_snippet,arxiv,https://arxiv.org/abs/1708.05963v1,https://doi.org/10.1007/978-3-319-69900-4_44,link.springer.com,https://arxiv.org/pdf/1708.05963,,,,Lecture notes in computer science,638,179,"In this paper, we consider several compression techniques for the language modeling problem based on recurrent neural networks (RNNs). It is known that conventional RNNs, e.g, LSTM-based networks in language modeling, are characterized with either high space complexity or substantial inference time. This problem is especially crucial for mobile applications, in which the constant interaction with the remote server is inappropriate. By using the Penn Treebank (PTB) dataset we compare pruning, quantization, low-rank factorization, tensor train decomposition for LSTM networks in terms of model size and suitability for fast inference."
47,Tensor network language model,1710.10248v2,,consistent,arxiv,https://arxiv.org/abs/1710.10248v2,,,https://arxiv.org/pdf/1710.10248v2,,,,,672,672,"We propose a new statistical model suitable for machine learning of systems with long distance correlations such as natural languages. The model is based on directed acyclic graph decorated by multi-linear tensor maps in the vertices and vector spaces in the edges, called tensor network. Such tensor networks have been previously employed for effective numerical computation of the renormalization group flow on the space of effective quantum field theories and lattice models of statistical mechanics. We provide explicit algebro-geometric analysis of the parameter moduli space for tree graphs, discuss model properties and applications such as statistical translation."
49,Language as a matrix product state,1711.01416v1,,consistent,arxiv,https://arxiv.org/abs/1711.01416v1,,,https://arxiv.org/pdf/1711.01416v1,,,,,319,319,"We propose a statistical model for natural language that begins by considering language as a monoid, then representing it in complex matrices with a compatible translation invariant probability measure. We interpret the probability measure as arising via the Born rule from a translation invariant matrix product state."
59,Unsupervised generative modeling using matrix product states,,10.1103/physrevx.8.031012,consistent,openalex,,https://doi.org/10.1103/physrevx.8.031012,link.aps.org,http://link.aps.org/pdf/10.1103/PhysRevX.8.031012,,,,Physical Review X,231,231,"Modeling the probability distribution of complex data using insights from quantum physics is a fresh approach to generative modeling in machine learning, and shows great potential compared to conventional neural network approaches."
60,Entanglement entropy: holography and renormalization group,1801.10352v3,10.1103/revmodphys.90.035007,consistent,openalex,https://arxiv.org/abs/1801.10352v3,https://doi.org/10.1103/revmodphys.90.035007,link.aps.org,https://arxiv.org/pdf/1801.10352,,,,Reviews of Modern Physics,331,331,"In this review the entanglement and Renyi entropies in quantum field theory are described from different points of view, including the perturbative approach and holographic dualities. The applications of these results to constraining renormalization group flows are presented effectively and illustrated with a variety of examples."
61,Wide compression: Tensor ring nets,1802.09052,,zero_hit,arxiv,https://arxiv.org/abs/1802.09052,,,https://arxiv.org/pdf/1802.09052,,,,,1055,1035,"Deep neural networks have demonstrated state-of-the-art performance in a variety of real-world applications. In order to obtain performance gains, these networks have grown larger and deeper, containing millions or even billions of parameters and over a thousand layers. The trade-off is that these large architectures require an enormous amount of memory, storage, and computation, thus limiting their usability. Inspired by the recent tensor ring factorization, we introduce Tensor Ring Networks (TR-Nets), which significantly compress both the fully connected layers and the convolutional layers of deep neural networks. Our results show that our TR-Nets approach {is able to compress LeNet-5 by $11\times$ without losing accuracy}, and can compress the state-of-the-art Wide ResNet by $243\times$ with only 2.3\% degradation in {Cifar10 image classification}. Overall, this compression scheme shows promise in scientific computing and deep learning, especially for emerging resource-constrained devices such as smartphones, wearables, and IoT devices."
62,Learning relevant features of data with multi-scale tensor networks,1801.00315v1,10.1088/2058-9565/aaba1a/meta,consistent,arxiv,https://arxiv.org/abs/1801.00315v1,https://doi.org/10.1088/2058-9565/aaba1a,,https://arxiv.org/pdf/1801.00315v1,,,"Quantum Science and Technology 3, 034003 (2018)",,653,190,"Inspired by coarse-graining approaches used in physics, we show how similar algorithms can be adapted for data. The resulting algorithms are based on layered tree tensor networks and scale linearly with both the dimension of the input and the training set size. Computing most of the layers with an unsupervised algorithm, then optimizing just the top layer for supervised classification of the MNIST and fashion-MNIST data sets gives very good results. We also discuss mixing a prior guess for supervised weights together with an unsupervised representation of the data, yielding a smaller number of features nevertheless able to give good performance."
63,Experimental machine learning of quantum states,1712.00456v2,10.1103/physrevlett.120.240501,truncated_snippet,arxiv,https://arxiv.org/abs/1712.00456v2,https://doi.org/10.1103/physrevlett.120.240501,link.aps.org,https://arxiv.org/pdf/1712.00456,,,"Phys. Rev. Lett. 120, 240501 (2018)",Physical Review Letters,1173,182,"Quantum information technologies provide promising applications in communication and computation, while machine learning has become a powerful technique for extracting meaningful structures in 'big data'. A crossover between quantum information and machine learning represents a new interdisciplinary area stimulating progresses in both fields. Traditionally, a quantum state is characterized by quantum state tomography, which is a resource-consuming process when scaled up. Here we experimentally demonstrate a machine-learning approach to construct a quantum-state classifier for identifying the separability of quantum states. We show that it is possible to experimentally train an artificial neural network to efficiently learn and classify quantum states, without the need of obtaining the full information of the states. We also show how adding a hidden layer of neurons to the neural network can significantly boost the performance of the state classifier. These results shed new light on how classification of quantum states can be achieved with limited resources, and represent a step towards machine-learning-based applications in quantum information processing."
64,Information perspective to probabilistic modeling: Boltzmann machines versus born machines,1712.04144,10.3390/e20080583,partial,arxiv,https://arxiv.org/abs/1712.04144,,,https://arxiv.org/pdf/1712.04144,,,"Entropy 2018, 20(8), 583",,677,178,"We compare and contrast the statistical physics and quantum physics inspired approaches for unsupervised generative modeling of classical data. The two approaches represent probabilities of observed data using energy-based models and quantum states respectively.Classical and quantum information patterns of the target datasets therefore provide principled guidelines for structural design and learning in these two approaches. Taking the restricted Boltzmann machines (RBM) as an example, we analyze the information theoretical bounds of the two approaches. We verify our reasonings by comparing the performance of RBMs of various architectures on the standard MNIST datasets."
65,Machine learning spatial geometry from entanglement features,1709.01223v2,10.1103/physrevb.97.045153,consistent,openalex,https://arxiv.org/abs/1709.01223v2,https://doi.org/10.1103/physrevb.97.045153,link.aps.org,https://arxiv.org/pdf/1709.01223,,,"Phys. Rev. B 97, 045153 (2018)",Physical review. B./Physical review. B,508,508,"Machine learning is a fast developing area that finds applications in all disciplines of science. Here, the authors demonstrate that the machine learning (in particular deep learning) technique can be applied to understand the emergence of spatial geometry from learning the features of quantum many-body entanglement, an idea that was proposed in a recent study of the holography duality in quantum gravity. This work is the first to successfully demonstrate the idea of ``geometry emerging from learning''."
66,A tensor-based Bayesian probabilistic model for citywide personalized travel time estimation,,,no_identifier,,,,,,,,,,0,183,
67,Matrix product operators for sequence to sequence learning,1803.10908v3,,consistent,arxiv,https://arxiv.org/abs/1803.10908v3,https://doi.org/10.1103/PhysRevE.98.042114,link.aps.org,https://arxiv.org/pdf/1803.10908v3,,,"Phys. Rev. E 98, 042114 (2018)",,1060,1060,"The method of choice to study one-dimensional strongly interacting many body quantum systems is based on matrix product states and operators. Such method allows to explore the most relevant, and numerically manageable, portion of an exponentially large space. It also allows to describe accurately correlations between distant parts of a system, an important ingredient to account for the context in machine learning tasks. Here we introduce a machine learning model in which matrix product operators are trained to implement sequence to sequence prediction, i.e. given a sequence at a time step, it allows one to predict the next sequence. We then apply our algorithm to cellular automata (for which we show exact analytical solutions in terms of matrix product operators), and to nonlinear coupled maps. We show advantages of the proposed algorithm when compared to conditional random fields and bidirectional long short-term memory neural network. To highlight the flexibility of the algorithm, we also show that it can readily perform classification tasks."
68,Tensor train neighborhood preserving embedding,1712.00828v2,,zero_hit,arxiv,https://arxiv.org/abs/1712.00828v2,https://doi.org/10.1109/TSP.2018.2816568,ieeexplore.ieee.org,https://arxiv.org/pdf/1712.00828v2,,,,,613,640,"In this paper, we propose a Tensor Train Neighborhood Preserving Embedding (TTNPE) to embed multi-dimensional tensor data into low dimensional tensor subspace. Novel approaches to solve the optimization problem in TTNPE are proposed. For this embedding, we evaluate novel trade-off gain among classification, computation, and dimensionality reduction (storage) for supervised learning. It is shown that compared to the state-of-the-arts tensor embedding methods, TTNPE achieves superior trade-off in classification, computation, and dimensionality reduction in MNIST handwritten digits and Weizmann face datasets."
69,"Ergodicity, entanglement and many-body localization",,,no_identifier,,,,,,,,,,0,178,
70,LTNN: A layerwise tensorized compression of multilayer neural network,,,no_identifier,,,,,,,,,,0,186,
71,Tensorial neural networks: Generalization of neural networks and application to model compression,1805.10352v3,,consistent,arxiv,https://arxiv.org/abs/1805.10352v3,,,https://arxiv.org/pdf/1805.10352v3,,,,,1461,1461,"We propose tensorial neural networks (TNNs), a generalization of existing neural networks by extending tensor operations on low order operands to those on high order ones. The problem of parameter learning is challenging, as it corresponds to hierarchical nonlinear tensor decomposition. We propose to solve the learning problem using stochastic gradient descent by deriving nontrivial backpropagation rules in generalized tensor algebra we introduce. Our proposed TNNs has three advantages over existing neural networks: (1) TNNs naturally apply to high order input object and thus preserve the multi-dimensional structure in the input, as there is no need to flatten the data. (2) TNNs interpret designs of existing neural network architectures. (3) Mapping a neural network to TNNs with the same expressive power results in a TNN of fewer parameters. TNN based compression of neural network improves existing low-rank approximation based compression methods as TNNs exploit two other types of invariant structures, periodicity and modulation, in addition to the low rankness. Experiments on LeNet-5 (MNIST), ResNet-32 (CIFAR10) and ResNet-50 (ImageNet) demonstrate that our TNN based compression outperforms (5% test accuracy improvement universally on CIFAR10) the state-of-the-art low-rank approximation based compression methods under the same compression rate, besides achieving orders of magnitude faster convergence rates due to the efficiency of TNNs."
72,Entanglement-guided architectures of machine learning by quantum tensor network,1803.09111v3,,consistent,arxiv,https://arxiv.org/abs/1803.09111v3,https://doi.org/10.3389/fams.2021.716044,frontiersin.org,https://arxiv.org/pdf/1803.09111v3,,,"Front. Appl. Math. Stat., 06 August 2021",,1308,1308,"It is a fundamental, but still elusive question whether the schemes based on quantum mechanics, in particular on quantum entanglement, can be used for classical information processing and machine learning. Even partial answer to this question would bring important insights to both fields of machine learning and quantum mechanics. In this work, we implement simple numerical experiments, related to pattern/images classification, in which we represent the classifiers by many-qubit quantum states written in the matrix product states (MPS). Classical machine learning algorithm is applied to these quantum states to learn the classical data. We explicitly show how quantum entanglement (i.e., single-site and bipartite entanglement) can emerge in such represented images. Entanglement characterizes here the importance of data, and such information are practically used to guide the architecture of MPS, and improve the efficiency. The number of needed qubits can be reduced to less than 1/10 of the original number, which is within the access of the state-of-the-art quantum computers. We expect such numerical experiments could open new paths in charactering classical machine learning algorithms, and at the same time shed lights on the generic quantum simulations/computations of machine learning tasks."
73,Renormalization of Entanglement Entropy from topological terms,,10.1103/physrevd.97.106011,truncated_snippet,openalex,,https://doi.org/10.1103/physrevd.97.106011,link.aps.org,http://link.aps.org/pdf/10.1103/PhysRevD.97.106011,,,,Physical review. D/Physical review. D.,972,188,"We propose a renormalization scheme for entanglement entropy of three-dimensional CFTs with a four-dimensional asymptotically AdS gravity dual in the context of the gauge/gravity correspondence. The procedure consists in adding the Chern form as a boundary term to the area functional of the Ryu-Takayanagi minimal surface. We provide an explicit prescription for the renormalized entanglement entropy, which is derived via the replica trick. This is achieved by considering a Euclidean gravitational action renormalized by the addition of the Chern form at the spacetime boundary, evaluated in the conically-singular replica manifold. We show that the addition of this boundary term cancels the divergent part of the entanglement entropy, recovering the results obtained by Taylor and Woodhead. We comment on how this prescription for renormalizing the entanglement entropy is in line with the general program of topological renormalization in asymptotically AdS gravity."
75,Compressing End-to-end ASR Networks by Tensor-Train Decomposition.,,,no_identifier,,,,,,,,,,0,178,
84,Reconstructing quantum states with generative models,1810.10584v2,,zero_hit,arxiv,https://arxiv.org/abs/1810.10584v2,https://doi.org/10.1038/s42256-019-0028-1,nature.com,https://arxiv.org/pdf/1810.10584v2,https://github.com/carrasqu/POVM_GENMODEL,,"Nature Machine Intelligence, vol. 1, 155-161 (2019)",,1106,181,"A major bottleneck in the quest for scalable many-body quantum technologies is the difficulty in benchmarking their preparations, which suffer from an exponential `curse of dimensionality' inherent to their quantum states. We present an experimentally friendly method for density matrix reconstruction based on deep neural-network generative models. The learning procedure comes with a built-in approximate certificate of the reconstruction and makes no assumptions on the state under scrutiny, making it both reliable and unconditional. It can efficiently handle a broad class of complex systems including prototypical states in quantum information, as well as ground states of local spin models common to condensed matter physics. The key insight is to reduce the state tomography task to an unsupervised learning problem of the statistics of an informationally complete set of quantum measurements. This constitutes a modern machine learning approach to the validation of large quantum devices, which may prove relevant as a neural-network ansatz over mixed states suitable for variational optimization."
85,Quantum entanglement in deep learning architectures,1803.09780v3,10.1103/physrevlett.122.065301,truncated_snippet,arxiv,https://arxiv.org/abs/1803.09780v3,https://doi.org/10.1103/physrevlett.122.065301,link.aps.org,https://arxiv.org/pdf/1803.09780,,,"Phys. Rev. Lett. 122, 065301 (2019)",Physical Review Letters,1155,190,"Modern deep learning has enabled unprecedented achievements in various domains. Nonetheless, employment of machine learning for wave function representations is focused on more traditional architectures such as restricted Boltzmann machines (RBMs) and fully-connected neural networks. In this letter, we establish that contemporary deep learning architectures, in the form of deep convolutional and recurrent networks, can efficiently represent highly entangled quantum systems. By constructing Tensor Network equivalents of these architectures, we identify an inherent reuse of information in the network operation as a key trait which distinguishes them from standard Tensor Network based representations, and which enhances their entanglement capacity. Our results show that such architectures can support volume-law entanglement scaling, polynomially more efficiently than presently employed RBMs. Thus, beyond a quantification of the entanglement capacity of leading deep learning architectures, our analysis formally motivates a shift of trending neural-network based wave function representations closer to the state-of-the-art in machine learning."
86,Tree tensor networks for generative modeling,1901.02217v1,10.1103/physrevb.99.155131,zero_hit,openalex,https://arxiv.org/abs/1901.02217v1,https://doi.org/10.1103/physrevb.99.155131,link.aps.org,https://arxiv.org/pdf/1901.02217,,,"Phys. Rev. B 99, 155131 (2019)",Physical review. B./Physical review. B,1360,187,"Matrix product states (MPSs), a tensor network designed for one-dimensional quantum systems, were recently proposed for generative modeling of natural data (such as images) in terms of the ``Born machine.'' However, the exponential decay of correlation in MPSs restricts its representation power heavily for modeling complex data such as natural images. In this work, we push forward the effort of applying tensor networks to machine learning by employing the tree tensor network (TTN), which exhibits balanced performance in expressibility and efficient training and sampling. We design the tree tensor network to utilize the two-dimensional prior of the natural images and develop sweeping learning and sampling algorithms which can be efficiently implemented utilizing graphical processing units. We apply our model to random binary patterns and the binary MNIST data sets of handwritten digits. We show that the TTN is superior to MPSs for generative modeling in keeping the correlation of pixels in natural images, as well as giving better log-likelihood scores in standard data sets of handwritten digits. We also compare its performance with state-of-the-art generative models such as variational autoencoders, restricted Boltzmann machines, and PixelCNN. Finally, we discuss the future development of tensor network states in machine learning problems."
87,A tensorized transformer for language modeling,1906.09777,,consistent,arxiv,https://arxiv.org/abs/1906.09777,,,https://arxiv.org/pdf/1906.09777,,,,,1054,1054,"Latest development of neural models has connected the encoder and decoder through a self-attention mechanism. In particular, Transformer, which is solely based on self-attention, has led to breakthroughs in Natural Language Processing (NLP) tasks. However, the multi-head attention mechanism, as a key component of Transformer, limits the effective deployment of the model to a resource-limited setting. In this paper, based on the ideas of tensor decomposition and parameters sharing, we propose a novel self-attention model (namely Multi-linear attention) with Block-Term Tensor Decomposition (BTD). We test and verify the proposed attention method on three language modeling tasks (i.e., PTB, WikiText-103 and One-billion) and a neural machine translation task (i.e., WMT-2016 English-German). Multi-linear attention can not only largely compress the model parameters but also obtain performance improvements, compared with a number of language modeling approaches, such as Transformer, Transformer-XL, and Transformer with tensor train decomposition."
88,Expressive power of tensor-network factorizations for probabilistic modeling,1907.03741,,zero_hit,arxiv,https://arxiv.org/abs/1907.03741,,,https://arxiv.org/pdf/1907.03741,https://github.com/glivan/tensor_networks_for_probabilistic_modeling,,"Advances in Neural Information Processing Systems 32, Proceedings of the NeurIPS 2019 Conference",,1679,1449,"Tensor-network techniques have enjoyed outstanding success in physics, and have recently attracted attention in machine learning, both as a tool for the formulation of new learning algorithms and for enhancing the mathematical understanding of existing methods. Inspired by these developments, and the natural correspondence between tensor networks and probabilistic graphical models, we provide a rigorous analysis of the expressive power of various tensor-network factorizations of discrete multivariate probability distributions. These factorizations include non-negative tensor-trains/MPS, which are in correspondence with hidden Markov models, and Born machines, which are naturally related to local quantum circuits. When used to model probability distributions, they exhibit tractable likelihoods and admit efficient learning algorithms. Interestingly, we prove that there exist probability distributions for which there are unbounded separations between the resource requirements of some of these tensor-network factorizations. Particularly surprising is the fact that using complex instead of real tensors can lead to an arbitrarily large reduction in the number of parameters of the network. Additionally, we introduce locally purified states (LPS), a new factorization inspired by techniques for the simulation of quantum systems, with provably better expressive power than all other representations considered. The ramifications of this result are explored through numerical experiments. Our findings imply that LPS should be considered over hidden Markov models, and furthermore provide guidelines for the design of local quantum circuits for probabilistic modeling."
89,Machine learning by unitary tensor network of hierarchical tree structure,1710.04833,10.1088/1367-2630/ab31ef,zero_hit,arxiv,https://arxiv.org/abs/1710.04833,https://doi.org/10.1088/1367-2630/ab31ef/meta,,https://arxiv.org/pdf/1710.04833,,,"New Journal of Physics, 21, 073059 (2019)",,1061,195,"The resemblance between the methods used in quantum-many body physics and in machine learning has drawn considerable attention. In particular, tensor networks (TNs) and deep learning architectures bear striking similarities to the extent that TNs can be used for machine learning. Previous results used one-dimensional TNs in image recognition, showing limited scalability and flexibilities. In this work, we train two-dimensional hierarchical TNs to solve image recognition problems, using a training algorithm derived from the multi-scale entanglement renormalization ansatz. This approach introduces mathematical connections among quantum many-body physics, quantum information theory, and machine learning. While keeping the TN unitary in the training phase, TN states are defined, which encode classes of images into quantum many-body states. We study the quantum features of the TN states, including quantum entanglement and fidelity. We find these quantities could be properties that characterize the image classes, as well as the machine learning tasks."
92,Compressing recurrent neural networks with tensor ring for action recognition,1811.07503,,zero_hit,arxiv,https://arxiv.org/abs/1811.07503,,,https://arxiv.org/pdf/1811.07503,,,,,1183,186,"Recurrent Neural Networks (RNNs) and their variants, such as Long-Short Term Memory (LSTM) networks, and Gated Recurrent Unit (GRU) networks, have achieved promising performance in sequential data modeling. The hidden layers in RNNs can be regarded as the memory units, which are helpful in storing information in sequential contexts. However, when dealing with high dimensional input data, such as video and text, the input-to-hidden linear transformation in RNNs brings high memory usage and huge computational cost. This makes the training of RNNs unscalable and difficult. To address this challenge, we propose a novel compact LSTM model, named as TR-LSTM, by utilizing the low-rank tensor ring decomposition (TRD) to reformulate the input-to-hidden transformation. Compared with other tensor decomposition methods, TR-LSTM is more stable. In addition, TR-LSTM can complete an end-to-end training and also provide a fundamental building block for RNNs in handling large input data. Experiments on real-world action recognition datasets have demonstrated the promising performance of the proposed TR-LSTM compared with the tensor train LSTM and other state-of-the-art competitors."
93,TIE: Energy-efficient tensor train-based inference engine for deep neural network,,10.1145/3307650.3322258,zero_hit,openalex,,https://doi.org/10.1145/3307650.3322258,dl.acm.org,,,,,,373,184,"In the era of artificial intelligence (AI), deep neural networks (DNNs) have emerged as the most important and powerful AI technique. However, large DNN models are both storage and computation intensive, posing significant challenges for adopting DNNs in resource-constrained scenarios. Thus, model compression becomes a crucial technique to ensure wide deployment of DNNs."
94,Matrix product state–based quantum classifier,1905.01426v1,,zero_hit,arxiv,https://arxiv.org/abs/1905.01426v1,,,https://arxiv.org/pdf/1905.01426v1,,,,,1256,190,"In recent years, interest in expressing the success of neural networks to the quantum computing has increased significantly. Tensor network theory has become increasingly popular and widely used to simulate strongly entangled correlated systems. Matrix product state (MPS) is the well-designed class of tensor network states, which plays an important role in processing of quantum information. In this paper, we have shown that matrix product state as one-dimensional array of tensors can be used to classify classical and quantum data. We have performed binary classification of classical machine learning dataset Iris encoded in a quantum state. Further, we have investigated the performance by considering different parameters on the ibmqx4 quantum computer and proved that MPS circuits can be used to attain better accuracy. Further, the learning ability of MPS quantum classifier is tested to classify evapotranspiration ($ET_{o}$) for Patiala meteorological station located in Northern Punjab (India), using three years of historical dataset (Agri). Furthermore, we have used different performance metrics of classification to measure its capability. Finally, the results are plotted and degree of correspondence among values of each sample is shown."
97,Compression of recurrent neural networks for efficient language modeling,1902.02380v1,,zero_hit,arxiv,https://arxiv.org/abs/1902.02380v1,https://doi.org/10.1016/j.asoc.2019.03.057,linkinghub.elsevier.com,https://arxiv.org/pdf/1902.02380v1,,,,,1152,181,"Recurrent neural networks have proved to be an effective method for statistical language modeling. However, in practice their memory and run-time complexity are usually too large to be implemented in real-time offline mobile applications. In this paper we consider several compression techniques for recurrent neural networks including Long-Short Term Memory models. We make particular attention to the high-dimensional output problem caused by the very large vocabulary size. We focus on effective compression methods in the context of their exploitation on devices: pruning, quantization, and matrix decomposition approaches (low-rank factorization and tensor train decomposition, in particular). For each model we investigate the trade-off between its size, suitability for fast inference and perplexity. We propose a general pipeline for applying the most suitable methods to compress recurrent neural networks for language modeling. It has been shown in the experimental study with the Penn Treebank (PTB) dataset that the most efficient results in terms of speed and compression-perplexity balance are obtained by matrix decomposition techniques."
98,Probabilistic modeling with matrix product states,1902.06888,10.3390/e21121236,zero_hit,arxiv,https://arxiv.org/abs/1902.06888,,,https://arxiv.org/pdf/1902.06888,,,,,621,193,"Inspired by the possibility that generative models based on quantum circuits can provide a useful inductive bias for sequence modeling tasks, we propose an efficient training algorithm for a subset of classically simulable quantum circuit models. The gradient-free algorithm, presented as a sequence of exactly solvable effective models, is a modification of the density matrix renormalization group procedure adapted for learning a probability distribution. The conclusion that circuit-based models offer a useful inductive bias for classical datasets is supported by experimental results on the parity learning problem."
100,Mutual information scaling and expressive power of sequence models,1905.04271v1,,consistent,arxiv,https://arxiv.org/abs/1905.04271v1,,,https://arxiv.org/pdf/1905.04271v1,,,,,1116,1116,"Sequence models assign probabilities to variable-length sequences such as natural language texts. The ability of sequence models to capture temporal dependence can be characterized by the temporal scaling of correlation and mutual information. In this paper, we study the mutual information of recurrent neural networks (RNNs) including long short-term memories and self-attention networks such as Transformers. Through a combination of theoretical study of linear RNNs and empirical study of nonlinear RNNs, we find their mutual information decays exponentially in temporal distance. On the other hand, Transformers can capture long-range mutual information more efficiently, making them preferable in modeling sequences with slow power-law mutual information, such as natural languages and stock prices. We discuss the connection of these results with statistical mechanics. We also point out the non-uniformity problem in many natural language datasets. We hope this work provides a new perspective in understanding the expressive power of sequence models and shed new light on improving the architecture of them."
101,Entanglement at a scale and renormalization monotones,1704.05077,10.1007/JHEP01(2019)219,partial,arxiv,https://arxiv.org/abs/1704.05077,https://doi.org/10.1007/JHEP01(2019)219,link.springer.com,https://arxiv.org/pdf/1704.05077,,,JHEP 1901(2019) 219,,890,183,"We study the information content of the reduced density matrix of a region in quantum field theory that cannot be recovered from its subregion density matrices. We reconstruct the density matrix from its subregions using two approaches: scaling maps and recovery maps. The vacuum of a scale-invariant field theory is the fixed point of both transformations. We define the entanglement of scaling and the entanglement of recovery as measures of entanglement that are intrinsic to the continuum limit. Both measures increase monotonically under the renormalization group flow. This provides a unifying information-theoretic structure underlying the different approaches to the renormalization monotones in various dimensions. Our analysis applies to non-relativistic quantum field theories as well the relativistic ones, however, in relativistic case, the entanglement of scaling can diverge."
102,Learning high-dimensional probability distributions using tree tensor networks,1912.07913v3,,consistent,arxiv,https://arxiv.org/abs/1912.07913v3,,,https://arxiv.org/pdf/1912.07913v3,,,,,1608,1608,"We consider the problem of the estimation of a high-dimensional probability distribution from i.i.d. samples of the distribution using model classes of functions in tree-based tensor formats, a particular case of tensor networks associated with a dimension partition tree. The distribution is assumed to admit a density with respect to a product measure, possibly discrete for handling the case of discrete random variables. After discussing the representation of classical model classes in tree-based tensor formats, we present learning algorithms based on empirical risk minimization using a $L^2$ contrast. These algorithms exploit the multilinear parametrization of the formats to recast the nonlinear minimization problem into a sequence of empirical risk minimization problems with linear models. A suitable parametrization of the tensor in tree-based tensor format allows to obtain a linear model with orthogonal bases, so that each problem admits an explicit expression of the solution and cross-validation risk estimates. These estimations of the risk enable the model selection, for instance when exploiting sparsity in the coefficients of the representation. A strategy for the adaptation of the tensor format (dimension tree and tree-based ranks) is provided, which allows to discover and exploit some specific structures of high-dimensional probability distributions such as independence or conditional independence. We illustrate the performances of the proposed algorithms for the approximation of classical probabilistic models (such as Gaussian distribution, graphical models, Markov chain)."
115,Variational quantum circuits for deep reinforcement learning,1907.00397,,consistent,arxiv,https://arxiv.org/abs/1907.00397,,,https://arxiv.org/pdf/1907.00397,,,,,1374,1372,"The state-of-the-art machine learning approaches are based on classical von Neumann computing architectures and have been widely used in many industrial and academic domains. With the recent development of quantum computing, researchers and tech-giants have attempted new quantum circuits for machine learning tasks. However, the existing quantum computing platforms are hard to simulate classical deep learning models or problems because of the intractability of deep quantum circuits. Thus, it is necessary to design feasible quantum algorithms for quantum machine learning for noisy intermediate scale quantum (NISQ) devices. This work explores variational quantum circuits for deep reinforcement learning. Specifically, we reshape classical deep reinforcement learning algorithms like experience replay and target network into a representation of variational quantum circuits. Moreover, we use a quantum information encoding scheme to reduce the number of model parameters compared to classical neural networks. To the best of our knowledge, this work is the first proof-of-principle demonstration of variational quantum circuits to approximate the deep $Q$-value function for decision-making and policy-selection reinforcement learning with experience replay and target network. Besides, our variational quantum circuits can be deployed in many near-term NISQ machines."
116,Encoding of matrix product states into quantum circuits of one-and two-qubit gates,1908.07958v2,10.1103/physreva.101.032310,consistent,openalex,https://arxiv.org/abs/1908.07958v2,https://doi.org/10.1103/physreva.101.032310,link.aps.org,https://arxiv.org/pdf/1908.07958,,,"Phys. Rev. A 101, 032310 (2020)",Physical Review A,1203,193,"The matrix product state (MPS) belongs to the most important models in, for example, quantum information sciences and condensed-matter physics. However, realizing an $N$-qubit MPS with large $N$ and large entanglement on a quantum platform is extremely challenging, since it requires high-level qudits or $n$-qubit gates with $n\ensuremath{\gg}2$ to carry or produce the entanglement. In this work, an efficient method that accurately encodes a given MPS into a quantum circuit with only one- and two-qubit gates is proposed. Essentially different from the existing compiling methods, our idea is to construct the unitary matrix product operators that optimally disentangle the MPS to a product state. These matrix product operators form the quantum circuit that evolves a product state to the targeted MPS with a high fidelity. Our benchmark on the ground-state MPSs of the strongly correlated spin models show that the constructed quantum circuits can simulate the MPSs with much fewer qubits than the sizes of the MPSs themselves. This method paves a feasible and efficient path to realizing useful and/or exotic quantum states and MPS-based models as quantum circuits on near-term quantum platforms."
117,An overview of neural network compression,2006.03669v2,,consistent,arxiv,https://arxiv.org/abs/2006.03669v2,,,https://arxiv.org/pdf/2006.03669v2,,,,,1567,1567,"Overparameterized networks trained to convergence have shown impressive performance in domains such as computer vision and natural language processing. Pushing state of the art on salient tasks within these domains corresponds to these models becoming larger and more difficult for machine learning practitioners to use given the increasing memory and storage requirements, not to mention the larger carbon footprint. Thus, in recent years there has been a resurgence in model compression techniques, particularly for deep convolutional neural networks and self-attention based networks such as the Transformer. Hence, this paper provides a timely overview of both old and current compression techniques for deep neural networks, including pruning, quantization, tensor decomposition, knowledge distillation and combinations thereof. We assume a basic familiarity with deep learning architectures\footnote{For an introduction to deep learning, see ~\citet{goodfellow2016deep}}, namely, Recurrent Neural Networks~\citep[(RNNs)][]{rumelhart1985learning,hochreiter1997long}, Convolutional Neural Networks~\citep{fukushima1980neocognitron}~\footnote{For an up to date overview see~\citet{khan2019survey}} and Self-Attention based networks~\citep{vaswani2017attention}\footnote{For a general overview of self-attention networks, see ~\citet{chaudhari2019attentive}.},\footnote{For more detail and their use in natural language processing, see~\citet{hu2019introductory}}. Most of the papers discussed are proposed in the context of at least one of these DNN architectures."
118,Convolutional tensor-train LSTM for spatio-temporal learning,,,no_identifier,,,,,,,,,,0,184,
120,Compressing pre-trained language models by matrix decomposition,,,no_identifier,,,,,,,,,,0,179,
121,From probabilistic graphical models to generalized tensor networks for supervised learning,1806.05964,,truncated_snippet,arxiv,https://arxiv.org/abs/1806.05964,,,https://arxiv.org/pdf/1806.05964,,,,,1347,186,"Tensor networks have found a wide use in a variety of applications in physics and computer science, recently leading to both theoretical insights as well as practical algorithms in machine learning. In this work we explore the connection between tensor networks and probabilistic graphical models, and show that it motivates the definition of generalized tensor networks where information from a tensor can be copied and reused in other parts of the network. We discuss the relationship between generalized tensor network architectures used in quantum physics, such as string-bond states, and architectures commonly used in machine learning. We provide an algorithm to train these networks in a supervised-learning context and show that they overcome the limitations of regular tensor networks in higher dimensions, while keeping the computation efficient. A method to combine neural networks and tensor networks as part of a common deep learning architecture is also introduced. We benchmark our algorithm for several generalized tensor network architectures on the task of classifying images and sounds, and show that they outperform previously introduced tensor-network algorithms. The models we consider also have a natural implementation on a quantum computer and may guide the development of near-term quantum machine learning architectures."
122,Generative tensor network classification model for supervised machine learning,1903.10742v1,10.1103/physrevb.101.075135,zero_hit,arxiv,https://arxiv.org/abs/1903.10742v1,https://doi.org/10.1103/physrevb.101.075135,link.aps.org,https://arxiv.org/pdf/1903.10742,,,"Phys. Rev. B 101, 075135 (2020)",Physical review. B./Physical review. B,1167,189,"Tensor network (TN) has recently triggered extensive interests in developing machine-learning models in quantum many-body Hilbert space. Here we purpose a generative TN classification (GTNC) approach for supervised learning. The strategy is to train the generative TN for each class of the samples to construct the classifiers. The classification is implemented by comparing the distance in the many-body Hilbert space. The numerical experiments by GTNC show impressive performance on the MNIST and Fashion-MNIST dataset. The testing accuracy is competitive to the state-of-the-art convolutional neural network while higher than the naive Bayes classifier (a generative classifier) and support vector machine. Moreover, GTNC is more efficient than the existing TN models that are in general discriminative. By investigating the distances in the many-body Hilbert space, we find that (a) the samples are naturally clustering in such a space; and (b) bounding the bond dimensions of the TN's to finite values corresponds to removing redundant information in the image recognition. These two characters make GTNC an adaptive and universal model of excellent performance."
123,Deep convolutional neural network compression via coupled tensor decomposition,,,no_identifier,,,,,,,,,,0,1566,
124,Compressing 3DCNNs based on tensor train decomposition,1912.03647v2,,consistent,arxiv,https://arxiv.org/abs/1912.03647v2,https://doi.org/10.1016/j.neunet.2020.07.028,linkinghub.elsevier.com,https://arxiv.org/pdf/1912.03647v2,,,,,1313,186,"Three dimensional convolutional neural networks (3DCNNs) have been applied in many tasks, e.g., video and 3D point cloud recognition. However, due to the higher dimension of convolutional kernels, the space complexity of 3DCNNs is generally larger than that of traditional two dimensional convolutional neural networks (2DCNNs). To miniaturize 3DCNNs for the deployment in confining environments such as embedded devices, neural network compression is a promising approach. In this work, we adopt the tensor train (TT) decomposition, a straightforward and simple in situ training compression method, to shrink the 3DCNN models. Through proposing tensorizing 3D convolutional kernels in TT format, we investigate how to select appropriate TT ranks for achieving higher compression ratio. We have also discussed the redundancy of 3D convolutional kernels for compression, core significance and future directions of this work, as well as the theoretical computation complexity versus practical executing time of convolution in TT. In the light of multiple contrast experiments based on VIVA challenge, UCF11, and UCF101 datasets, we conclude that TT decomposition can compress 3DCNNs by around one hundred times without significant accuracy loss, which will enable its applications in extensive real world scenarios."
125,"Tensor train construction from tensor actions, with application to compression of large high order derivative tensors",2002.06244v2,10.1137/20m131936x,zero_hit,arxiv,https://arxiv.org/abs/2002.06244v2,https://doi.org/10.1137/20m131936x,epubs.siam.org,https://arxiv.org/pdf/2002.06244,,,,SIAM Journal on Scientific Computing,1240,189,"We present a method for converting tensors into tensor train format based on actions of the tensor as a vector-valued multilinear function. Existing methods for constructing tensor trains require access to ""array entries"" of the tensor and are therefore inefficient or computationally prohibitive if the tensor is accessible only through its action, especially for high order tensors. Our method permits efficient tensor train compression of large high order derivative tensors for nonlinear mappings that are implicitly defined through the solution of a system of equations. Array entries of these derivative tensors are not directly accessible, but actions of these tensors can be computed efficiently via a procedure that we discuss. Such tensors are often amenable to tensor train compression in theory, but until now no efficient algorithm existed to convert them into tensor train format. We demonstrate our method by compressing a Hilbert tensor of size $41 \times 42 \times 43 \times 44 \times 45$, and by forming high order (up to $5^\text{th}$ order derivatives/$6^\text{th}$ order tensors) Taylor series surrogates of the noise-whitened parameter-to-output map for a stochastic partial differential equation with boundary output."
126,Residual matrix product state for machine learning,2012.11841v2,,consistent,arxiv,https://arxiv.org/abs/2012.11841v2,https://doi.org/10.21468/SciPostPhys.14.6.142,scipost.org,https://arxiv.org/pdf/2012.11841v2,,,"SciPost Phys. 14, 142 (2023)",,1360,1360,"Tensor network, which originates from quantum physics, is emerging as an efficient tool for classical and quantum machine learning. Nevertheless, there still exists a considerable accuracy gap between tensor network and the sophisticated neural network models for classical machine learning. In this work, we combine the ideas of matrix product state (MPS), the simplest tensor network structure, and residual neural network and propose the residual matrix product state (ResMPS). The ResMPS can be treated as a network where its layers map the ""hidden"" features to the outputs (e.g., classifications), and the variational parameters of the layers are the functions of the features of the samples (e.g., pixels of images). This is different from neural network, where the layers map feed-forwardly the features to the output. The ResMPS can equip with the non-linear activations and dropout layers, and outperforms the state-of-the-art tensor network models in terms of efficiency, stability, and expression power. Besides, ResMPS is interpretable from the perspective of polynomial expansion, where the factorization and exponential machines naturally emerge. Our work contributes to connecting and hybridizing neural and tensor networks, which is crucial to further enhance our understand of the working mechanisms and improve the performance of both models."
127,Tensorcoder: Dimension-wise attention via tensor representation for natural language modeling,2008.01547v2,,consistent,arxiv,https://arxiv.org/abs/2008.01547v2,,,https://arxiv.org/pdf/2008.01547v2,,,,,1022,1022,"Transformer has been widely-used in many Natural Language Processing (NLP) tasks and the scaled dot-product attention between tokens is a core module of Transformer. This attention is a token-wise design and its complexity is quadratic to the length of sequence, limiting its application potential for long sequence tasks. In this paper, we propose a dimension-wise attention mechanism based on which a novel language modeling approach (namely TensorCoder) can be developed. The dimension-wise attention can reduce the attention complexity from the original $O(N^2d)$ to $O(Nd^2)$, where $N$ is the length of the sequence and $d$ is the dimensionality of head. We verify TensorCoder on two tasks including masked language modeling and neural machine translation. Compared with the original Transformer, TensorCoder not only greatly reduces the calculation of the original model but also obtains improved performance on masked language modeling task (in PTB dataset) and comparable performance on machine translation tasks."
129,Tensorized transformer for dynamical systems modeling,2006.03445v1,,consistent,arxiv,https://arxiv.org/abs/2006.03445v1,,,https://arxiv.org/pdf/2006.03445v1,,,,,755,755,"The identification of nonlinear dynamics from observations is essential for the alignment of the theoretical ideas and experimental data. The last, in turn, is often corrupted by the side effects and noise of different natures, so probabilistic approaches could give a more general picture of the process. At the same time, high-dimensional probabilities modeling is a challenging and data-intensive task. In this paper, we establish a parallel between the dynamical systems modeling and language modeling tasks. We propose a transformer-based model that incorporates geometrical properties of the data and provide an iterative training algorithm allowing the fine-grid approximation of the conditional probabilities of high-dimensional dynamical systems."
130,Compressing lstm networks by matrix product operators,2012.11943v3,,consistent,arxiv,https://arxiv.org/abs/2012.11943v3,,,https://arxiv.org/pdf/2012.11943v3,,,,,1592,1592,"Long Short Term Memory(LSTM) models are the building blocks of many state-of-the-art natural language processing(NLP) and speech enhancement(SE) algorithms. However, there are a large number of parameters in an LSTM model. This usually consumes a large number of resources to train the LSTM model. Also, LSTM models suffer from computational inefficiency in the inference phase. Existing model compression methods (e.g., model pruning) can only discriminate based on the magnitude of model parameters, ignoring the issue of importance distribution based on the model information. Here we introduce the MPO decomposition, which describes the local correlation of quantum states in quantum many-body physics and is used to represent the large model parameter matrix in a neural network, which can compress the neural network by truncating the unimportant information in the weight matrix. In this paper, we propose a matrix product operator(MPO) based neural network architecture to replace the LSTM model. The effective representation of neural networks by MPO can effectively reduce the computational consumption of training LSTM models on the one hand, and speed up the computation in the inference phase of the model on the other hand. We compare the MPO-LSTM model-based compression model with the traditional LSTM model with pruning methods on sequence classification, sequence prediction, and speech enhancement tasks in our experiments. The experimental results show that our proposed neural network architecture based on the MPO approach significantly outperforms the pruning approach."
131,Learning phase transition in Ising model with tensor-network Born machines,,,no_identifier,,,,,,,,,,0,183,
135,Adaptive tensor-train decomposition for neural network compression,,10.1007/978-3-030-69244-5_6,no_identifier,,,https://doi.org/10.1007/978-3-030-69244-5_6,link.springer.com,,,,,Lecture notes in computer science,0,184,
152,"Matrix product states and projected entangled pair states: Concepts, symmetries, theorems",2011.12127v2,10.1103/revmodphys.93.045003,consistent,openalex,https://arxiv.org/abs/2011.12127v2,https://doi.org/10.1103/revmodphys.93.045003,link.aps.org,http://link.aps.org/pdf/10.1103/RevModPhys.93.045003,,,"Rev. Mod. Phys. 93, 045003 (2021)",Reviews of Modern Physics,349,349,Many-body wave functions can be described effectively by local tensors in matrix product states and projected entangled pair states. This article reviews how these theories provide not only numerical methods but also insights of a more fundamental nature into the structures of states with global entanglement patterns and topological quantum order.
153,Improving multimodal fusion with hierarchical mutual information maximization for multimodal sentiment analysis,2109.00412,,zero_hit,arxiv,https://arxiv.org/abs/2109.00412,,,https://arxiv.org/pdf/2109.00412,https://github.com/declare-lab/Multimodal-Infomax,,,,1360,190,"In multimodal sentiment analysis (MSA), the performance of a model highly depends on the quality of synthesized embeddings. These embeddings are generated from the upstream process called multimodal fusion, which aims to extract and combine the input unimodal raw data to produce a richer multimodal representation. Previous work either back-propagates the task loss or manipulates the geometric property of feature spaces to produce favorable fusion results, which neglects the preservation of critical task-related information that flows from input to the fusion results. In this work, we propose a framework named MultiModal InfoMax (MMIM), which hierarchically maximizes the Mutual Information (MI) in unimodal input pairs (inter-modality) and between multimodal fusion result and unimodal input in order to maintain task-related information through multimodal fusion. The framework is jointly trained with the main task (MSA) to improve the performance of the downstream MSA task. To address the intractable issue of MI bounds, we further formulate a set of computationally simple parametric and non-parametric methods to approximate their truth value. Experimental results on the two widely used datasets demonstrate the efficacy of our approach. The implementation of this work is publicly available at https://github.com/declare-lab/Multimodal-Infomax."
154,Is attention better than matrix decomposition?,2109.04553v2,,consistent,arxiv,https://arxiv.org/abs/2109.04553v2,,,https://arxiv.org/pdf/2109.04553v2,,,,,1228,1228,"As an essential ingredient of modern deep learning, attention mechanism, especially self-attention, plays a vital role in the global correlation discovery. However, is hand-crafted attention irreplaceable when modeling the global context? Our intriguing finding is that self-attention is not better than the matrix decomposition (MD) model developed 20 years ago regarding the performance and computational cost for encoding the long-distance dependencies. We model the global context issue as a low-rank recovery problem and show that its optimization algorithms can help design global information blocks. This paper then proposes a series of Hamburgers, in which we employ the optimization algorithms for solving MDs to factorize the input representations into sub-matrices and reconstruct a low-rank embedding. Hamburgers with different MDs can perform favorably against the popular global context module self-attention when carefully coping with gradients back-propagated through MDs. Comprehensive experiments are conducted in the vision tasks where it is crucial to learn the global context, including semantic segmentation and image generation, demonstrating significant improvements over self-attention and its variants."
155,Probabilistic transformer for time series analysis,,,no_identifier,,,,,,,,,,0,181,
157,Tt-rec: Tensor train compression for deep learning recommendation models,,,no_identifier,,,,,,,,,,0,1503,
158,Towards efficient tensor decomposition-based dnn model compression with optimization framework,2107.12422v1,,zero_hit,arxiv,https://arxiv.org/abs/2107.12422v1,,,https://arxiv.org/pdf/2107.12422v1,,,,,1636,1637,"Advanced tensor decomposition, such as Tensor train (TT) and Tensor ring (TR), has been widely studied for deep neural network (DNN) model compression, especially for recurrent neural networks (RNNs). However, compressing convolutional neural networks (CNNs) using TT/TR always suffers significant accuracy loss. In this paper, we propose a systematic framework for tensor decomposition-based model compression using Alternating Direction Method of Multipliers (ADMM). By formulating TT decomposition-based model compression to an optimization problem with constraints on tensor ranks, we leverage ADMM technique to systemically solve this optimization problem in an iterative way. During this procedure, the entire DNN model is trained in the original structure instead of TT format, but gradually enjoys the desired low tensor rank characteristics. We then decompose this uncompressed model to TT format and fine-tune it to finally obtain a high-accuracy TT-format DNN model. Our framework is very general, and it works for both CNNs and RNNs, and can be easily modified to fit other tensor decomposition approaches. We evaluate our proposed framework on different DNN models for image classification and video recognition tasks. Experimental results show that our ADMM-based TT-format models demonstrate very high compression performance with high accuracy. Notably, on CIFAR-100, with 2.3X and 2.4X compression ratios, our models have 1.96% and 2.21% higher top-1 accuracy than the original ResNet-20 and ResNet-32, respectively. For compressing ResNet-18 on ImageNet, our model achieves 2.47X FLOPs reduction without accuracy loss."
159,Entangled datasets for quantum machine learning,2109.03400v2,,consistent,arxiv,https://arxiv.org/abs/2109.03400v2,,,https://arxiv.org/pdf/2109.03400v2,,,,,1244,1244,"High-quality, large-scale datasets have played a crucial role in the development and success of classical machine learning. Quantum Machine Learning (QML) is a new field that aims to use quantum computers for data analysis, with the hope of obtaining a quantum advantage of some sort. While most proposed QML architectures are benchmarked using classical datasets, there is still doubt whether QML on classical datasets will achieve such an advantage. In this work, we argue that one should instead employ quantum datasets composed of quantum states. For this purpose, we introduce the NTangled dataset composed of quantum states with different amounts and types of multipartite entanglement. We first show how a quantum neural network can be trained to generate the states in the NTangled dataset. Then, we use the NTangled dataset to benchmark QML models for supervised learning classification tasks. We also consider an alternative entanglement-based dataset, which is scalable and is composed of states prepared by quantum circuits with different depths. As a byproduct of our results, we introduce a novel method for generating multipartite entangled states, providing a use-case of quantum neural networks for quantum entanglement theory."
160,Supervised learning with projected entangled pair states,2009.09932v1,10.1103/physrevb.103.125117,consistent,openalex,https://arxiv.org/abs/2009.09932v1,https://doi.org/10.1103/physrevb.103.125117,link.aps.org,https://arxiv.org/pdf/2009.09932,,,"Phys. Rev. B 103, 125117 (2021)",Physical review. B./Physical review. B,1419,1419,"Tensor networks, a model that originated from quantum physics, has been gradually generalized as efficient models in machine learning in recent years. However, in order to achieve exact contraction, only treelike tensor networks such as the matrix product states and tree tensor networks have been considered, even for modeling two-dimensional data such as images. In this work, we construct supervised learning models for images using the projected entangled pair states (PEPS), a two-dimensional tensor network having a similar structure prior to natural images. Our approach first performs a feature map, which transforms the image data to a product state on a grid, then contracts the product state to a PEPS with trainable parameters to predict image labels. The tensor elements of PEPS are trained by minimizing differences between training labels and predicted labels. The proposed model is evaluated on image classifications using the Modified National Institute of Standards and Technology database (MNIST) and the Fashion-MNIST datasets. We show that our model is significantly superior to existing models using treelike tensor networks. Moreover, using the same input features, our method performs as well as the multilayer perceptron classifier, but with much fewer parameters and is more stable. Our results shed light on potential applications of two-dimensional tensor network models in machine learning."
161,Accurate simulation for finite projected entangled pair states in two dimensions,1908.09359v3,10.1103/physrevb.103.235155,consistent,openalex,https://arxiv.org/abs/1908.09359v3,https://doi.org/10.1103/physrevb.103.235155,link.aps.org,https://arxiv.org/pdf/1908.09359,,,"Phys. Rev. B 103, 235155 (2021)",Physical review. B./Physical review. B,1054,1054,"Based on the scheme of variational Monte Carlo sampling, we develop an accurate and efficient two-dimensional tensor-network algorithm to simulate quantum lattice models. We find that Monte Carlo sampling shows huge advantages in dealing with finite projected entangled pair states, which allows significantly enlarged system size and improves the accuracy of tensor network simulation. We demonstrate our method on the square-lattice antiferromagnetic Heisenberg model up to $32\ifmmode\times\else\texttimes\fi{}32$ sites, as well as a highly frustrated ${J}_{1}\ensuremath{-}{J}_{2}$ model up to $24\ifmmode\times\else\texttimes\fi{}24$ sites. The results, including ground state energy and spin correlations, are in excellent agreement with those of the available quantum Monte Carlo or density matrix renormalization group methods. Therefore, our method substantially advances the calculation of 2D tensor networks for finite systems, and potentially opens a new door towards resolving many challenging strongly correlated quantum many-body problems."
162,Tensor networks for probabilistic sequence modeling,2003.01039,,consistent,arxiv,https://arxiv.org/abs/2003.01039,,,https://arxiv.org/pdf/2003.01039,,,,,1033,1033,"Tensor networks are a powerful modeling framework developed for computational many-body physics, which have only recently been applied within machine learning. In this work we utilize a uniform matrix product state (u-MPS) model for probabilistic modeling of sequence data. We first show that u-MPS enable sequence-level parallelism, with length-n sequences able to be evaluated in depth O(log n). We then introduce a novel generative algorithm giving trained u-MPS the ability to efficiently sample from a wide variety of conditional distributions, each one defined by a regular expression. Special cases of this algorithm correspond to autoregressive and fill-in-the-blank sampling, but more complex regular expressions permit the generation of richly structured data in a manner that has no direct analogue in neural generative models. Experiments on sequence modeling with synthetic and real text data show u-MPS outperforming a variety of baselines and effectively generalizing their predictions in the presence of limited data."
163,Hybrid convolutional neural network and projected entangled pair states wave functions for quantum many-particle states,2009.14370v2,10.1103/physrevb.103.035138,zero_hit,openalex,https://arxiv.org/abs/2009.14370v2,https://doi.org/10.1103/physrevb.103.035138,link.aps.org,https://arxiv.org/pdf/2009.14370,,,"Phys. Rev. B 103, 035138 (2021)",Physical review. B./Physical review. B,659,181,"Neural networks have been used as variational wave functions for quantum many-particle problems. It has been shown that the correct sign structure is crucial to obtain highly-accurate ground state energies. In this paper, we propose a hybrid wave function combining the convolutional neural network (CNN) and projected entangled pair states (PEPS), in which the sign structures are determined by the PEPS, and the amplitudes of the wave functions are provided by CNN. We benchmark the ansatz on the highly frustrated spin-1/2 ${J}_{1}\text{\ensuremath{-}}{J}_{2}$ model. We show that the achieved ground energies are competitive with state-of-the-art results."
164,Generative machine learning with tensor networks: Benchmarks on near-term quantum computers,,10.1103/physrevresearch.3.023010,consistent,openalex,,https://doi.org/10.1103/physrevresearch.3.023010,link.aps.org,http://link.aps.org/pdf/10.1103/PhysRevResearch.3.023010,,,,Physical Review Research,1787,1787,"Noisy, intermediate-scale quantum (NISQ) computing devices have become an industrial reality in the last few years, and cloud-based interfaces to these devices are enabling the exploration of near-term quantum computing on a range of problems.As NISQ devices are too noisy for many of the algorithms with a known quantum advantage, discovering impactful applications for near-term devices is the subject of intense research interest.We explore a quantum-assisted machine learning (QAML) workflow using NISQ devices through the perspective of tensor networks (TNs), which offer a robust platform for designing resource-efficient and expressive machine learning models to be dispatched on quantum devices.In particular, we lay out a framework for designing and optimizing TN-based QAML models using classical techniques, and then compiling these models to be run on quantum hardware, with demonstrations for generative matrix product state (MPS) models.We put forth a generalized canonical form for MPS models that aids in compilation to quantum devices, and demonstrate greedy heuristics for compiling with a given topology and gate set that outperforms known generic methods in terms of the number of entangling gates, e.g., CNOTs, in some cases by an order of magnitude.We present an exactly solvable benchmark problem for assessing the performance of MPS QAML models and also present an application for the canonical MNIST handwritten digit dataset.The impacts of hardware topology and day-to-day experimental noise fluctuations on model performance are explored by analyzing both raw experimental counts and statistical divergences of inferred distributions.We also present parametric studies of depolarization and readout noise impacts on model performance using hardware simulators."
165,Direct sampling of projected entangled-pair states,2109.07356v2,10.1103/physrevb.104.235141,consistent,openalex,https://arxiv.org/abs/2109.07356v2,https://doi.org/10.1103/physrevb.104.235141,link.aps.org,https://arxiv.org/pdf/2109.07356,,,"Phys. Rev. B 104, 235141 (2021)",Physical review. B./Physical review. B,1041,1041,"Variational Monte Carlo studies employing projected entangled-pair states (PEPS) have recently shown that they can provide answers to long-standing questions such as the nature of the phases in the two-dimensional ${J}_{1}\text{\ensuremath{-}}{J}_{2}$ model. The sampling in these Monte Carlo algorithms is typically performed with Markov chain Monte Carlo algorithms employing local update rules, which often suffer from long autocorrelation times and interdependent samples. We propose a sampling algorithm that generates independent samples from a PEPS, bypassing all problems related to finite autocorrelation times. This algorithm is a generalization of an existing direct sampling algorithm for unitary tensor networks. We introduce an auxiliary probability distribution from which independent samples can be drawn, and combine it with importance sampling in order to evaluate expectation values accurately. We benchmark our algorithm on the classical Ising model and on variational optimization of two-dimensional quantum spin models."
166,Enabling lightweight fine-tuning for pre-trained language model compression based on matrix product operators,,,no_identifier,,,,,,,,,,0,273,
167,Tree-tensor-network classifiers for machine learning: From quantum inspired to quantum assisted,2104.02249v1,10.1103/physreva.104.042408,zero_hit,openalex,https://arxiv.org/abs/2104.02249v1,https://doi.org/10.1103/physreva.104.042408,link.aps.org,http://link.aps.org/pdf/10.1103/PhysRevA.104.042408,,,"Phys. Rev. A 104, 042408 (2021)",Physical Review A,2054,194,"We describe a quantum-assisted machine learning method in which multivariate data are encoded into quantum states in a Hilbert space whose dimension is exponentially large in the length of the data vector. Learning in this space occurs through applying a low-depth quantum circuit with a tree-tensor-network (TTN) topology acting as an unsupervised feature extractor to identify the most relevant quantum states in a data-driven fashion and then applying a supervised linear classifier encoding the class decision in a small-dimensional quantum register. We present tools for making TTN classifiers amenable to implementation on gate-based quantum computing devices, including an embedding map with accuracy similar to the recently defined exponential machines (A. Novikov et al., arXiv:1605.03795) but which produces valid quantum state embeddings of classical data vectors, and the use of manifold-based gradient optimization schemes to produce isometric operations mapping quantum states to a register of qubits defining a class decision. We detail methods for efficiently obtaining one-point and two-point correlation functions of the vectors defining the decision boundary of the quantum model, which can be used for model interpretability, as well as methods for obtaining classification decisions from partial data vectors. Further, we show that the use of isometric tensors can significantly aid in the human interpretability of the correlation functions extracted from the decision weights and may produce models that are less susceptible to adversarial perturbations. Finally, we discuss in detail the problem of compiling classically optimized isometric TTN models into unitary operations to be run on quantum computers and how isometric models requiring postselection on quantum hardware can be used to precondition variational Ans\""atze for models without postselection. We demonstrate our methodologies in applications utilizing the MNIST database of handwritten digits and a multivariate time-series data set of human activity recognition."
168,Skeleton of matrix-product-state-solvable models connecting topological phases of matter,,10.1103/physrevresearch.3.033265,zero_hit,openalex,,https://doi.org/10.1103/physrevresearch.3.033265,link.aps.org,http://link.aps.org/pdf/10.1103/PhysRevResearch.3.033265,,,,Physical Review Research,1687,186,"Models whose ground states can be written as an exact matrix-product state (MPS) provide valuable insights into phases of matter. While MPS-solvable models are typically studied as isolated points in a phase diagram, they can belong to a connected network of MPS-solvable models, which we call the MPS skeleton. As a case study where we can completely unearth this skeleton, we focus on the one-dimensional BDI class---noninteracting spinless fermions with time-reversal symmetry. This class, labeled by a topological winding number, contains the Kitaev chain and is Jordan-Wigner-dual to various symmetry-breaking and symmetry-protected topological (SPT) spin chains. We show that one can read off from the Hamiltonian whether its ground state is an MPS: defining a polynomial whose coefficients are the Hamiltonian parameters, MPS-solvability corresponds to this polynomial being a perfect square. We provide an explicit construction of the ground state MPS, its bond dimension growing exponentially with the range of the Hamiltonian. This complete characterization of the MPS skeleton in parameter space has three significant consequences: (i) any two topologically distinct phases in this class admit a path of MPS-solvable models between them, including the phase transition which obeys an area law for its entanglement entropy; (ii) we illustrate that the subset of MPS-solvable models is dense in this class by constructing a sequence of MPS-solvable models which converge to the Kitaev chain (equivalently, the quantum Ising chain in a transverse field); (iii) a subset of these MPS states can be particularly efficiently processed on a noisy intermediate-scale quantum computer."
169,"Free versus bound entanglement, a NP-hard problem tackled by machine learning",,,no_identifier,,,,,,,,,,0,187,
170,Entanglement-based feature extraction by tensor network machine learning,,10.3389/fams.2021.716044,truncated_snippet,openalex,,https://doi.org/10.3389/fams.2021.716044/full,,,,,Frontiers in Applied Mathematics and Statistics,,798,184,"It is a hot topic how entanglement, a quantity from quantum information theory, can assist machine learning. In this work, we implement numerical experiments to classify patterns/images by representing the classifiers as matrix product states (MPS). We show how entanglement can interpret machine learning by characterizing the importance of data and propose a feature extraction algorithm. We show on the MNIST dataset that when reducing the number of the retained pixels to 1/10 of the original number, the decrease of the ten-class testing accuracy is only O (10–3), which significantly improves the efficiency of the MPS machine learning. Our work improves machine learning’s interpretability and efficiency under the MPS representation by using the properties of MPS representing entanglement."
171,Towards quantifying information flows: relative entropy in deep neural networks and the renormalization group,2107.06898v2,,consistent,arxiv,https://arxiv.org/abs/2107.06898v2,,,https://arxiv.org/pdf/2107.06898v2,https://github.com/ro-jefferson/entropy_dnn,,,,1232,1232,"We investigate the analogy between the renormalization group (RG) and deep neural networks, wherein subsequent layers of neurons are analogous to successive steps along the RG. In particular, we quantify the flow of information by explicitly computing the relative entropy or Kullback-Leibler divergence in both the one- and two-dimensional Ising models under decimation RG, as well as in a feedforward neural network as a function of depth. We observe qualitatively identical behavior characterized by the monotonic increase to a parameter-dependent asymptotic value. On the quantum field theory side, the monotonic increase confirms the connection between the relative entropy and the c-theorem. For the neural networks, the asymptotic behavior may have implications for various information maximization methods in machine learning, as well as for disentangling compactness and generalizability. Furthermore, while both the two-dimensional Ising model and the random neural networks we consider exhibit non-trivial critical points, the relative entropy appears insensitive to the phase structure of either system. In this sense, more refined probes are required in order to fully elucidate the flow of information in these models."
172,Nonlinear tensor train format for deep neural network compression,,,no_identifier,,,,,,,,,,0,192,
173,Image search with text feedback by deep hierarchical attention mutual information maximization,,10.1145/3474085.3475619,truncated_snippet,openalex,,https://doi.org/10.1145/3474085.3475619,dl.acm.org,,,,,,1748,185,"Image retrieval with text feedback is an emerging research topic with the objective of integrating inputs from multiple modalities as queries. In this paper, queries contain a reference image plus text feedback that describes modifications between this image and the desired image. The existing work for this task mainly focuses on designing a new fusion network to compose the image and text. Still, little research pays attention to the modality gap caused by the inconsistent distribution of features from different modalities, which dramatically influences the feature fusion and similarity learning between queries and the desired image. We propose a Distribution-Aligned Text-based Image Retrieval (DATIR) model, which consists of attention mutual information maximization and hierarchical mutual information maximization, to bridge this gap by increasing non-linear statistic dependencies between representations of different modalities. More specifically, attention mutual information maximization narrows the modality gap between different input modalities by maximizing mutual information between the text representation and its semantically consistent representation captured from the reference image and the desired image by the difference transformer. For hierarchical mutual information maximization, it aligns distributions of features from the image modality and the fusion modality by estimating mutual information between a single-layer representation in the fusion network and the multi-level representations in the desired image encoder. Extensive experiments on three large-scale benchmark datasets demonstrate that we can bridge the modality gap between different modalities and achieve state-of-the-art retrieval performance."
174,Computable Rényi mutual information: Area laws and correlations,2103.01709,10.22331/q-2021-09-14-541,partial,arxiv,https://arxiv.org/abs/2103.01709,,,https://arxiv.org/pdf/2103.01709,,,"Quantum 5, 541 (2021)",,937,193,"The mutual information is a measure of classical and quantum correlations of great interest in quantum information. It is also relevant in quantum many-body physics, by virtue of satisfying an area law for thermal states and bounding all correlation functions. However, calculating it exactly or approximately is often challenging in practice. Here, we consider alternative definitions based on Rényi divergences. Their main advantage over their von Neumann counterpart is that they can be expressed as a variational problem whose cost function can be efficiently evaluated for families of states like matrix product operators while preserving all desirable properties of a measure of correlations. In particular, we show that they obey a thermal area law in great generality, and that they upper bound all correlation functions. We also investigate their behavior on certain tensor network states and on classical thermal distributions."
175,"Quantum tensor networks, stochastic processes, and weighted automata",2010.10653,,zero_hit,arxiv,https://arxiv.org/abs/2010.10653,,,https://arxiv.org/pdf/2010.10653,,,,,1304,177,"Modeling joint probability distributions over sequences has been studied from many perspectives. The physics community developed matrix product states, a tensor-train decomposition for probabilistic modeling, motivated by the need to tractably model many-body systems. But similar models have also been studied in the stochastic processes and weighted automata literature, with little work on how these bodies of work relate to each other. We address this gap by showing how stationary or uniform versions of popular quantum tensor network models have equivalent representations in the stochastic processes and weighted automata literature, in the limit of infinitely long sequences. We demonstrate several equivalence results between models used in these three communities: (i) uniform variants of matrix product states, Born machines and locally purified states from the quantum tensor networks literature, (ii) predictive state representations, hidden Markov models, norm-observable operator models and hidden quantum Markov models from the stochastic process literature,and (iii) stochastic weighted automata, probabilistic automata and quadratic automata from the formal languages literature. Such connections may open the door for results and methods developed in one area to be applied in another."
176,TENT: Tensorized encoder transformer for temperature forecasting,2106.14742v2,,consistent,arxiv,https://arxiv.org/abs/2106.14742v2,,,https://arxiv.org/pdf/2106.14742v2,,,,,1509,1509,"Reliable weather forecasting is of great importance in science, business, and society. The best performing data-driven models for weather prediction tasks rely on recurrent or convolutional neural networks, where some of which incorporate attention mechanisms. In this work, we introduce a novel model based on Transformer architecture for weather forecasting. The proposed Tensorial Encoder Transformer (TENT) model is equipped with tensorial attention and thus it exploits the spatiotemporal structure of weather data by processing it in multidimensional tensorial format. We show that compared to the classical encoder transformer, 3D convolutional neural networks, LSTM, and Convolutional LSTM, the proposed TENT model can better learn the underlying complex pattern of the weather data for the studied temperature prediction task. Experiments on two real-life weather datasets are performed. The datasets consist of historical measurements from weather stations in the USA, Canada and Europe. The first dataset contains hourly measurements of weather attributes for 30 cities in the USA and Canada from October 2012 to November 2017. The second dataset contains daily measurements of weather attributes of 18 cities across Europe from May 2005 to April 2020. Two attention scores are introduced based on the obtained tonsorial attention and are visualized in order to shed light on the decision-making process of our model and provide insight knowledge on the most important cities for the target cities."
177,Unsupervised mapping of phase diagrams of 2D systems from infinite projected entangled-pair states via deep anomaly dete,2105.09089v2,,consistent,arxiv,https://arxiv.org/abs/2105.09089v2,https://doi.org/10.21468/SciPostPhys.11.2.025,scipost.org,https://arxiv.org/pdf/2105.09089v2,https://github.com/Qottmann/anomaly-detection-PEPS,,"SciPost Phys. 11, 025 (2021)",,1101,1101,"We demonstrate how to map out the phase diagram of a two dimensional quantum many body system with no prior physical knowledge by applying deep \textit{anomaly detection} to ground states from infinite projected entangled pair state simulations. As a benchmark, the phase diagram of the 2D frustrated bilayer Heisenberg model is analyzed, which exhibits a second-order and two first-order quantum phase transitions. We show that in order to get a good qualitative picture of the transition lines, it suffices to use data from the cost-efficient simple update optimization. Results are further improved by post-selecting ground-states based on their energy at the cost of contracting the tensor network once. Moreover, we show that the mantra of ``more training data leads to better results'' is not true for the learning task at hand and that, in principle, one training example suffices for this learning task. This puts the necessity of neural network optimizations for these learning tasks in question and we show that, at least for the model and data at hand, a simple geometric analysis suffices."
178,On the renormalization of entanglement entropy,,10.1007/s43673-021-00032-1,zero_hit,openalex,,https://doi.org/10.1007/s43673-021-00032-1,link.springer.com,https://link.springer.com/content/pdf/10.1007/s43673-021-00032-1.pdf,,,,AAPPS bulletin,882,789,"Abstract The renormalization of entanglement entropy of quantum field theories is investigated in the simplest setting with a λϕ4 scalar field theory. The 3+1 dimensional spacetime is separated into two regions by an infinitely flat 2-dimensional interface. The entanglement entropy of the system across the interface has an elegant geometrical interpretation using the replica trick, which requires putting the field theory on a curved spacetime background. We demonstrate that the theory, and hence the entanglement entropy, is renormalizable at order λ once all the relevant operators up to dimension 4 are included in the action. This exercise has a one-to-one correspondence to entanglement entropy interpretation of the black hole entropy which suggests that our treatment is sensible. Our study suggests that entanglement entropy is renormalizable and is a physical quantity."
179,Probabilistic graphical models and tensor networks: a hybrid framework,2106.15666v1,,consistent,arxiv,https://arxiv.org/abs/2106.15666v1,,,https://arxiv.org/pdf/2106.15666v1,,,,,1521,1521,"We investigate a correspondence between two formalisms for discrete probabilistic modeling: probabilistic graphical models (PGMs) and tensor networks (TNs), a powerful modeling framework for simulating complex quantum systems. The graphical calculus of PGMs and TNs exhibits many similarities, with discrete undirected graphical models (UGMs) being a special case of TNs. However, more general probabilistic TN models such as Born machines (BMs) employ complex-valued hidden states to produce novel forms of correlation among the probabilities. While representing a new modeling resource for capturing structure in discrete probability distributions, this behavior also renders the direct application of standard PGM tools impossible. We aim to bridge this gap by introducing a hybrid PGM-TN formalism that integrates quantum-like correlations into PGM models in a principled manner, using the physically-motivated concept of decoherence. We first prove that applying decoherence to the entirety of a BM model converts it into a discrete UGM, and conversely, that any subgraph of a discrete UGM can be represented as a decohered BM. This method allows a broad family of probabilistic TN models to be encoded as partially decohered BMs, a fact we leverage to combine the representational strengths of both model families. We experimentally verify the performance of such hybrid models in a sequential modeling task, and identify promising uses of our method within the context of existing applications of graphical models."
180,TextTN: Probabilistic encoding of language on tensor network,,,no_identifier,,,,,,,,,,0,190,
181,Matrix product states for inference in discrete probabilistic models,,,no_identifier,,,,,,,,,,0,187,
187,A tensorized spectral attention mechanism for efficient natural language processing,,,no_identifier,,,,,,,,,,0,187,
188,Matrix Product State Representations for Machine Learning,,10.1007/978-3-030-77445-5_43,no_identifier,,,https://doi.org/10.1007/978-3-030-77445-5_43,link.springer.com,,,,,Lecture notes in networks and systems,0,190,
208,Enhancing generative models via quantum correlations,,10.1103/physrevx.12.021037,consistent,openalex,,https://doi.org/10.1103/physrevx.12.021037,link.aps.org,http://link.aps.org/pdf/10.1103/PhysRevX.12.021037,,,,Physical Review X,1118,1118,"Generative modeling using samples drawn from the probability distribution constitutes a powerful approach for unsupervised machine learning.Quantum mechanical systems can produce probability distributions that exhibit quantum correlations which are difficult to capture using classical models.We show theoretically that such quantum-inspired correlations provide a powerful resource for generative modeling.In particular, we provide an unconditional proof of separation in expressive power between a class of widely used generative models, known as Bayesian networks, and its minimal quantum-inspired extension.We show that this expressivity enhancement is associated with quantum nonlocality and quantum contextuality.Furthermore, we numerically test this separation on standard machine-learning data sets and show that it holds for practical problems.The possibility of quantum-inspired enhancement demonstrated in this work not only sheds light on the design of useful quantum machine-learning protocols but also provides inspiration to draw on ideas from quantum foundations to improve purely classical algorithms."
209,Tensor program optimization with probabilistic programs,2205.13603,,zero_hit,arxiv,https://arxiv.org/abs/2205.13603,,,https://arxiv.org/pdf/2205.13603,,,,,1095,183,"Automatic optimization for tensor programs becomes increasingly important as we deploy deep learning in various environments, and efficient optimization relies on a rich search space and effective search. Most existing efforts adopt a search space which lacks the ability to efficiently enable domain experts to grow the search space. This paper introduces MetaSchedule, a domain-specific probabilistic programming language abstraction to construct a rich search space of tensor programs. Our abstraction allows domain experts to analyze the program, and easily propose stochastic choices in a modular way to compose program transformation accordingly. We also build an end-to-end learning-driven framework to find an optimized program for a given search space. Experimental results show that MetaSchedule can cover the search space used in the state-of-the-art tensor program optimization frameworks in a modular way. Additionally, it empowers domain experts to conveniently grow the search space and modularly enhance the system, which brings 48% speedup on end-to-end deep learning workloads."
210,Entanglement phase transitions in random stabilizer tensor networks,2107.12376v2,10.1103/physrevb.105.104306,partial,arxiv,https://arxiv.org/abs/2107.12376v2,https://doi.org/10.1103/physrevb.105.104306,link.aps.org,https://arxiv.org/pdf/2107.12376,,,"Phys. Rev. B 105, 104306 (2022)",Physical review. B./Physical review. B,1791,191,"We explore a class of random tensor network models with ""stabilizer"" local tensors which we name Random Stabilizer Tensor Networks (RSTNs). For RSTNs defined on a two-dimensional square lattice, we perform extensive numerical studies of entanglement phase transitions between volume-law and area-law entangled phases of the one-dimensional boundary states. These transitions occur when either (a) the bond dimension $D$ of the constituent tensors is varied, or (b) the tensor network is subject to random breaking of bulk bonds, implemented by forced measurements. In the absence of broken bonds, we find that the RSTN supports a volume-law entangled boundary state with bond dimension $D\geq3$ where $D$ is a prime number, and an area-law entangled boundary state for $D=2$. Upon breaking bonds at random in the bulk with probability $p$, there exists a critical measurement rate $p_c$ for each $D\geq 3$ above which the boundary state becomes area-law entangled. To explore the conformal invariance at these entanglement transitions for different prime $D$, we consider tensor networks on a finite rectangular geometry with a variety of boundary conditions, and extract universal operator scaling dimensions via extensive numerical calculations of the entanglement entropy, mutual information and mutual negativity at their respective critical points. Our results at large $D$ approach known universal data of percolation conformal field theory, while showing clear discrepancies at smaller $D$, suggesting a distinct entanglement transition universality class for each prime $D$. We further study universal entanglement properties in the volume-law phase and demonstrate quantitative agreement with the recently proposed description in terms of a directed polymer in a random environment."
211,Testing matrix product states,2201.01824v1,10.1137/1.9781611977073.68,consistent,openalex,https://arxiv.org/abs/2201.01824v1,https://doi.org/10.1137/1.9781611977073.68,epubs.siam.org,https://arxiv.org/pdf/2201.01824v1,,,,Society for Industrial and Applied Mathematics eBooks,1762,1762,"Matrix product states (MPS) are a class of physically-relevant quantum states which arise in the study of quantum many-body systems. A quantum state comprised of n qudits is said to be an MPS of bond dimension r if the reduced density matrix ψ1, …, k has rank r for each k ∊ {1, …, n}. When r = 1, this corresponds to the set of product states, i.e. states of the form |ψ1〉 ⊗ ⃛ ⊗ |ψn), which possess no entanglement. For larger values of r, this yields a more expressive class of quantum states, which are allowed to possess limited amounts of entanglement. Devising schemes for testing the amount of entanglement in quantum systems has played a crucial role in quantum computing and information theory. In this work, we study the problem of testing whether an unknown state |ψ〉 is an MPS in the property testing model. In this model, one is given m identical copies of |ψ〉, and the goal is to determine whether |ψ〉 is an MPS of bond dimension r or whether |ψ〉 is far from all such states. For the case of product states, we study the product test, a simple two-copy test previously analyzed by Harrow and Montanaro [17], and a key ingredient in their proof that QMA(2) = QMA(k) for k ≥ 2. We give a new and simpler analysis of the product test which achieves an optimal bound for a wide range of parameters, answering open problems in [17] and [23]. For the case of r ≥ 2, we give an efficient algorithm for testing whether |ψ〉 is an MPS of bond dimension r using m = O(nr2) copies, independent of the dimensions of the qudits, and we show that Ω(n1/2) copies are necessary for this task. This lower bound shows that a dependence on the number of qudits n is necessary, in sharp contrast to the case of product states where a constant number of copies suffices."
213,A -Tensor-Aided Multiscale Transformer for Remaining Useful Life Prediction in IIoT,,,no_identifier,,,,,,,,,,0,182,
214,Mutual information scaling for tensor network machine learning,2103.00105,10.1088/2632-2153/ac44a9,zero_hit,arxiv,https://arxiv.org/abs/2103.00105,https://doi.org/10.1088/2632-2153/ac44a9/meta,,https://arxiv.org/pdf/2103.00105,,,Mach. Learn.: Sci. Technol. 3 015017 (2022),,1407,185,"Tensor networks have emerged as promising tools for machine learning, inspired by their widespread use as variational ansatze in quantum many-body physics. It is well known that the success of a given tensor network ansatz depends in part on how well it can reproduce the underlying entanglement structure of the target state, with different network designs favoring different scaling patterns. We demonstrate here how a related correlation analysis can be applied to tensor network machine learning, and explore whether classical data possess correlation scaling patterns similar to those found in quantum states which might indicate the best network to use for a given dataset. We utilize mutual information as measure of correlations in classical data, and show that it can serve as a lower-bound on the entanglement needed for a probabilistic tensor network classifier. We then develop a logistic regression algorithm to estimate the mutual information between bipartitions of data features, and verify its accuracy on a set of Gaussian distributions designed to mimic different correlation patterns. Using this algorithm, we characterize the scaling patterns in the MNIST and Tiny Images datasets, and find clear evidence of boundary-law scaling in the latter. This quantum-inspired classical analysis offers insight into the design of tensor networks which are best suited for specific learning tasks."
215,Entanglement quantification from collective measurements processed by machine learning,2203.01607,10.1016/j.physleta.2022.128270,zero_hit,arxiv,https://arxiv.org/abs/2203.01607,,,https://arxiv.org/pdf/2203.01607,,,,,719,188,"In this paper, we investigate how to reduce the number of measurement configurations needed for sufficiently precise entanglement quantification. Instead of analytical formulae, we employ artificial neural networks to predict the amount of entanglement in a quantum state based on results of collective measurements (simultaneous measurements on multiple instances of the investigated state). This approach allows us to explore the precision of entanglement quantification as a function of measurement configurations. For the purpose of our research, we consider general two-qubit states and their negativity as entanglement quantifier. We outline the benefits of this approach in future quantum communication networks."
216,Generative modeling with projected entangled-pair states,2202.08177v1,,consistent,arxiv,https://arxiv.org/abs/2202.08177v1,,,https://arxiv.org/pdf/2202.08177v1,,,,,376,376,"We argue and demonstrate that projected entangled-pair states (PEPS) outperform matrix product states significantly for the task of generative modeling of datasets with an intrinsic two-dimensional structure such as images. Our approach builds on a recently introduced algorithm for sampling PEPS, which allows for the efficient optimization and sampling of the distributions."
217,Born machine model based on matrix product state quantum circuit,,,no_identifier,,,,,,,,,,0,194,
218,Conditional Born machine for Monte Carlo event generation,,10.1103/physreva.106.022612,zero_hit,openalex,,https://doi.org/10.1103/physreva.106.022612,link.aps.org,http://link.aps.org/pdf/10.1103/PhysRevA.106.022612,,,,Physical Review A,1016,180,"Generative modeling is a promising task for near-term quantum devices, which can use the stochastic nature of quantum measurements as a random source. So-called Born machines are purely quantum models and promise to generate probability distributions in a quantum way, inaccessible to classical computers. This paper presents an application of Born machines to Monte Carlo simulations and extends their reach to multivariate and conditional distributions. Models are run on (noisy) simulators and IBM Quantum superconducting quantum hardware. More specifically, Born machines are used to generate muonic force carrier (MFC) events resulting from scattering processes between muons and the detector material in high-energy physics collider experiments. MFCs are bosons appearing in beyond-the-standard-model theoretical frameworks, which are candidates for dark matter. Empirical evidence suggests that Born machines can reproduce the marginal distributions and correlations of data sets from Monte Carlo simulations."
219,Language design as information renormalization,1708.01525v5,10.1007/s42979-021-01002-y,zero_hit,arxiv,https://arxiv.org/abs/1708.01525v5,https://doi.org/10.1007/s42979-021-01002-y,link.springer.com,https://arxiv.org/pdf/1708.01525,,,"SN COMPUT. SCI. 3, 140 (2022)",SN Computer Science,1390,193,"Here we consider some well-known facts in syntax from a physics perspective, allowing us to establish equivalences between both fields with many consequences. Mainly, we observe that the operation MERGE, put forward by N. Chomsky in 1995, can be interpreted as a physical information coarse-graining. Thus, MERGE in linguistics entails information renormalization in physics, according to different time scales. We make this point mathematically formal in terms of language models. In this setting, MERGE amounts to a probability tensor implementing a coarse-graining, akin to a probabilistic context-free grammar. The probability vectors of meaningful sentences are given by stochastic tensor networks (TN) built from diagonal tensors and which are mostly loop-free, such as Tree Tensor Networks and Matrix Product States, thus being computationally very efficient to manipulate. We show that this implies the polynomially-decaying (long-range) correlations experimentally observed in language, and also provides arguments in favour of certain types of neural networks for language processing. Moreover, we show how to obtain such language models from quantum states that can be efficiently prepared on a quantum computer, and use this to find bounds on the perplexity of the probability distribution of words in a sentence. Implications of our results are discussed across several ambits."
220,Toward compact transformers for end-to-end object detection with decomposed chain tensor structure,,,no_identifier,,,,,,,,,,0,190,
221,Deeply tensor compressed transformers for end-to-end object detection,,,no_identifier,,,,,,,,,,0,1728,
222,Explainable natural language processing with matrix product states,2112.08628,10.1088/1367-2630/ac6232,zero_hit,arxiv,https://arxiv.org/abs/2112.08628,https://doi.org/10.1088/1367-2630/ac6232/meta,,https://arxiv.org/pdf/2112.08628,,,"New Journal of Physics, Volume 24, May 2022, 053032",,1519,1524,"Despite empirical successes of recurrent neural networks (RNNs) in natural language processing (NLP), theoretical understanding of RNNs is still limited due to intrinsically complex non-linear computations. We systematically analyze RNNs' behaviors in a ubiquitous NLP task, the sentiment analysis of movie reviews, via the mapping between a class of RNNs called recurrent arithmetic circuits (RACs) and a matrix product state (MPS). Using the von-Neumann entanglement entropy (EE) as a proxy for information propagation, we show that single-layer RACs possess a maximum information propagation capacity, reflected by the saturation of the EE. Enlarging the bond dimension beyond the EE saturation threshold does not increase model prediction accuracies, so a minimal model that best estimates the data statistics can be inferred. Although the saturated EE is smaller than the maximum EE allowed by the area law, our minimal model still achieves ~99% training accuracies in realistic sentiment analysis data sets. Thus, low EE is not a warrant against the adoption of single-layer RACs for NLP. Contrary to a common belief that long-range information propagation is the main source of RNNs' successes, we show that single-layer RACs harness high expressiveness from the subtle interplay between the information propagation and the word vector embeddings. Our work sheds light on the phenomenology of learning in RACs, and more generally on the explainability of RNNs for NLP, using tools from many-body quantum physics."
223,Heat: Hardware-efficient automatic tensor decomposition for transformer compression,2211.16749v1,,consistent,arxiv,https://arxiv.org/abs/2211.16749v1,,,https://arxiv.org/pdf/2211.16749v1,,,,,1433,1433,"Transformers have attained superior performance in natural language processing and computer vision. Their self-attention and feedforward layers are overparameterized, limiting inference speed and energy efficiency. Tensor decomposition is a promising technique to reduce parameter redundancy by leveraging tensor algebraic properties to express the parameters in a factorized form. Prior efforts used manual or heuristic factorization settings without hardware-aware customization, resulting in poor hardware efficiencies and large performance degradation. In this work, we propose a hardware-aware tensor decomposition framework, dubbed HEAT, that enables efficient exploration of the exponential space of possible decompositions and automates the choice of tensorization shape and decomposition rank with hardware-aware co-optimization. We jointly investigate tensor contraction path optimizations and a fused Einsum mapping strategy to bridge the gap between theoretical benefits and real hardware efficiency improvement. Our two-stage knowledge distillation flow resolves the trainability bottleneck and thus significantly boosts the final accuracy of factorized Transformers. Overall, we experimentally show that our hardware-aware factorized BERT variants reduce the energy-delay product by 5.7x with less than 1.1% accuracy loss and achieve a better efficiency-accuracy Pareto frontier than hand-tuned and heuristic baselines."
224,Convolutional neural network compression via tensor-train decomposition on permuted weight tensor with automatic rank de,,10.1007/978-3-031-08757-8_54,no_identifier,,,https://doi.org/10.1007/978-3-031-08757-8_54,link.springer.com,,,,,Lecture notes in computer science,0,181,
226,Urban tree generator: spatio-temporal and generative deep learning for urban tree localization and modeling: A. Firoze e,,10.1007/s00371-022-02526-x,no_identifier,,,https://doi.org/10.1007/s00371-022-02526-x,link.springer.com,,,,,The Visual Computer,0,191,
227,Ensemble of tensor train decomposition and quantization methods for deep learning model compression,,,no_identifier,,,,,,,,,,0,181,
228,Learning generative models for active inference using tensor networks,2208.08713v2,10.1007/978-3-031-28719-0_20,zero_hit,arxiv,https://arxiv.org/abs/2208.08713v2,https://doi.org/10.1007/978-3-031-28719-0_20,link.springer.com,https://biblio.ugent.be/publication/01GWP7P5YT6PVCKJC04GN0C1KC/file/01GWP7Q0ZN3Z63K27RCNRTTF6Y.pdf,,https://biblio.ugent.be/publication/01GWP7P5YT6PVCKJC04GN0C1KC,,Communications in computer and information science,1239,181,"Active inference provides a general framework for behavior and learning in autonomous agents. It states that an agent will attempt to minimize its variational free energy, defined in terms of beliefs over observations, internal states and policies. Traditionally, every aspect of a discrete active inference model must be specified by hand, i.e. by manually defining the hidden state space structure, as well as the required distributions such as likelihood and transition probabilities. Recently, efforts have been made to learn state space representations automatically from observations using deep neural networks. In this paper, we present a novel approach of learning state spaces using quantum physics-inspired tensor networks. The ability of tensor networks to represent the probabilistic nature of quantum states as well as to reduce large state spaces makes tensor networks a natural candidate for active inference. We show how tensor networks can be used as a generative model for sequential data. Furthermore, we show how one can obtain beliefs from such a generative model and how an active inference agent can use these to compute the expected free energy. Finally, we demonstrate our method on the classic T-maze environment."
239,Entangling Solid Solutions: Machine Learning of Tensor Networks for Materials Property Prediction,2203.09613v1,,consistent,arxiv,https://arxiv.org/abs/2203.09613v1,,,https://arxiv.org/pdf/2203.09613v1,,,,,1457,1457,"Progress in the application of machine learning techniques to the prediction of solid-state and molecular materials properties has been greatly facilitated by the development state-of-the-art feature representations and novel deep learning architectures. A large class of atomic structure representations based on expansions of smoothed atomic densities have been shown to correspond to specific choices of basis sets in an abstract many-body Hilbert space. Concurrently, tensor network structures, conventionally the purview of quantum many-body physics and quantum information, have been successfully applied in supervised and unsupervised learning tasks in computer vision and natural language processing. In this work, we argue that architectures based on tensor networks are well-suited to machine learning on Hilbert-space representations of atomic structures. This is demonstrated on supervised learning tasks involving widely available datasets of density functional theory calculations of metal and semiconductor alloys. In particular, we show that certain standard tensor network topologies exhibit strong generalizability even on small training datasets while being parametrically efficient. We further relate this generalizability to the presence of complex entanglement in the trained tensor networks. We also discuss connections to learning with generalized structural kernels and related strategies for compressing large input feature spaces."
270,Losparse: Structured compression of large language models based on low-rank and sparse approximation,2306.11222,,truncated_snippet,arxiv,https://arxiv.org/abs/2306.11222,,,https://arxiv.org/pdf/2306.11222,,,,,1014,185,"Transformer models have achieved remarkable results in various natural language tasks, but they are often prohibitively large, requiring massive memories and computational resources. To reduce the size and complexity of these models, we propose LoSparse (Low-Rank and Sparse approximation), a novel model compression technique that approximates a weight matrix by the sum of a low-rank matrix and a sparse matrix. Our method combines the advantages of both low-rank approximations and pruning, while avoiding their limitations. Low-rank approximation compresses the coherent and expressive parts in neurons, while pruning removes the incoherent and non-expressive parts in neurons. Pruning enhances the diversity of low-rank approximations, and low-rank approximation prevents pruning from losing too many expressive neurons. We evaluate our method on natural language understanding, question answering, and natural language generation tasks. We show that it significantly outperforms existing compression methods."
271,Tensor networks meet neural networks: A survey and future perspectives,2302.09019v3,,consistent,arxiv,https://arxiv.org/abs/2302.09019v3,,,https://arxiv.org/pdf/2302.09019v3,https://github.com/tnbar/awesome-tensorial-neural-networks,,,,1808,1808,"Tensor networks (TNs) and neural networks (NNs) are two fundamental data modeling approaches. TNs were introduced to solve the curse of dimensionality in large-scale tensors by converting an exponential number of dimensions to polynomial complexity. As a result, they have attracted significant attention in the fields of quantum physics and machine learning. Meanwhile, NNs have displayed exceptional performance in various applications, e.g., computer vision, natural language processing, and robotics research. Interestingly, although these two types of networks originate from different observations, they are inherently linked through the typical multilinearity structure underlying both TNs and NNs, thereby motivating a significant number of developments regarding combinations of TNs and NNs. In this paper, we refer to these combinations as tensorial neural networks~(TNNs) and present an introduction to TNNs from both data processing and model architecture perspectives. From the data perspective, we explore the capabilities of TNNs in multi-source fusion, multimodal pooling, data compression, multi-task training, and quantum data processing. From the model perspective, we examine TNNs' integration with various architectures, including Convolutional Neural Networks, Recurrent Neural Networks, Graph Neural Networks, Transformers, Large Language Models, and Quantum Neural Networks. Furthermore, this survey also explores methods for improving TNNs, examines flexible toolboxes for implementing TNNs, and documents TNN development while highlighting potential future directions. To the best of our knowledge, this is the first comprehensive survey that bridges the connections among NNs and TNs. We provide a curated list of TNNs at https://github.com/tnbar/awesome-tensorial-neural-networks."
272,Tensorgpt: Efficient compression of large language models based on tensor-train decomposition,2307.00526v2,,consistent,arxiv,https://arxiv.org/abs/2307.00526v2,,,https://arxiv.org/pdf/2307.00526v2,,,,,1494,1494,"High-dimensional token embeddings underpin Large Language Models (LLMs), as they can capture subtle semantic information and significantly enhance the modelling of complex language patterns. However, this high dimensionality also introduces considerable model parameters and prohibitively high model storage and memory requirements, which is particularly unaffordable for low-end devices. Targeting no extra training data and insufficient computation cases, we propose a training-free model compression approach based on the Tensor-Train Decomposition (TTD), whereby each pre-trained token embedding is converted into a lower-dimensional Matrix Product State (MPS). We then comprehensively investigate the low-rank structures extracted by this approach, in terms of the compression ratio, the language task performance, and latency on a typical low-end device (i.e. Raspberry Pi). Taking GPT family models (i.e. GPT-2 and CerebrasGPT) as case studies, our approach theoretically results in $46.89\%$ fewer parameters of the entire model, with a compression ratio $39.38\times$ - $65.64\times$ for the embedding layers. With different hyperparameter choices, the model compressed with our approach can achieve a comparable language task performance to the original model with around $2.0\times$ embedding layer compression. This empirically proves the existence of low-rank structure in GPT family models, and demonstrates that about half of the parameters in the embedding layers are redundant."
273,Verification of the area law of mutual information in a quantum field simulator,2206.10563v2,,zero_hit,arxiv,https://arxiv.org/abs/2206.10563v2,https://doi.org/10.1038/s41567-023-02027-1,nature.com,https://arxiv.org/pdf/2206.10563v2,,,"Nature Physics 19, 1022 (2023)",,874,190,"Theoretical understanding of the scaling of entropies and the mutual information has led to significant advances in the research of correlated states of matter, quantum field theory, and gravity. Measuring von Neumann entropy in quantum many-body systems is challenging as it requires complete knowledge of the density matrix. In this work, we measure the von Neumann entropy of spatially extended subsystems in an ultra-cold atom simulator of one-dimensional quantum field theories. We experimentally verify one of the fundamental properties of equilibrium states of gapped quantum many-body systems, the area law of quantum mutual information. We also study the dependence of mutual information on temperature and the separation between the subsystems. Our work is a crucial step toward employing ultra-cold atom simulators to probe entanglement in quantum field theories."
274,Tensor networks for unsupervised machine learning,2106.12974v2,10.1103/physreve.107.l012103,partial,arxiv,https://arxiv.org/abs/2106.12974v2,https://doi.org/10.1103/physreve.107.l012103,link.aps.org,https://arxiv.org/pdf/2106.12974,,,,Physical review. E,1362,185,"Modeling the joint distribution of high-dimensional data is a central task in unsupervised machine learning. In recent years, many interests have been attracted to developing learning models based on tensor networks, which have the advantages of a principle understanding of the expressive power using entanglement properties, and as a bridge connecting classical computation and quantum computation. Despite the great potential, however, existing tensor network models for unsupervised machine learning only work as a proof of principle, as their performance is much worse than the standard models such as restricted Boltzmann machines and neural networks. In this Letter, we present autoregressive matrix product states (AMPS), a tensor network model combining matrix product states from quantum many-body physics and autoregressive modeling from machine learning. Our model enjoys the exact calculation of normalized probability and unbiased sampling. We demonstrate the performance of our model using two applications, generative modeling on synthetic and real-world data, and reinforcement learning in statistical physics. Using extensive numerical experiments, we show that the proposed model significantly outperforms the existing tensor network models and the restricted Boltzmann machines, and is competitive with state-of-the-art neural network models."
275,Simulating quantum circuits using tree tensor networks,2206.01000,10.22331/q-2023-03-30-964,zero_hit,arxiv,https://arxiv.org/abs/2206.01000,,,https://arxiv.org/pdf/2206.01000,,,"Quantum 7, 964 (2023)",,851,192,"We develop and analyze a method for simulating quantum circuits on classical computers by representing quantum states as rooted tree tensor networks. Our algorithm first determines a suitable, fixed tree structure adapted to the expected entanglement generated by the quantum circuit. The gates are sequentially applied to the tree by absorbing single-qubit gates into leaf nodes, and splitting two-qubit gates via singular value decomposition and threading the resulting virtual bond through the tree. We theoretically analyze the applicability of the method as well as its computational cost and memory requirements, and identify advantageous scenarios in terms of required bond dimensions as compared to a matrix product state representation. The study is complemented by numerical experiments for different quantum circuit layouts up to 37 qubits."
276,Tensor decomposition for model reduction in neural networks: A review [feature],2304.13539v1,,zero_hit,arxiv,https://arxiv.org/abs/2304.13539v1,https://doi.org/10.1109/MCAS.2023.3267921,ieeexplore.ieee.org,https://arxiv.org/pdf/2304.13539v1,,,"IEEE Circuits and Systems Magazine, pp. 8-28, Second Quarter, 2023",,996,998,"Modern neural networks have revolutionized the fields of computer vision (CV) and Natural Language Processing (NLP). They are widely used for solving complex CV tasks and NLP tasks such as image classification, image generation, and machine translation. Most state-of-the-art neural networks are over-parameterized and require a high computational cost. One straightforward solution is to replace the layers of the networks with their low-rank tensor approximations using different tensor decomposition methods. This paper reviews six tensor decomposition methods and illustrates their ability to compress model parameters of convolutional neural networks (CNNs), recurrent neural networks (RNNs) and Transformers. The accuracy of some compressed models can be higher than the original versions. Evaluations indicate that tensor decompositions can achieve significant reductions in model size, run-time and energy consumption, and are well suited for implementing neural networks on edge devices."
277,Tensor networks for interpretable and efficient quantum-inspired machine learning,,10.34133/icomputing.0061,consistent,openalex,,https://doi.org/10.34133/icomputing.0061,spj.science.org,https://spj.science.org/doi/pdf/10.34133/icomputing.0061?download=true,,,,Intelligent Computing,928,928,"It is a critical challenge to simultaneously achieve high interpretability and high efficiency with the current schemes of deep machine learning (ML). The tensor network (TN), a well-established mathematical tool originating from quantum mechanics, has shown its unique advantages in developing efficient “white-box” ML schemes. Here, we provide a brief review of the inspiring progress in TN-based ML. On the one hand, the interpretability of TN ML can be accommodated by a solid theoretical foundation based on quantum information and many-body physics. On the other hand, high efficiency can be obtained from powerful TN representations and the advanced computational techniques developed in quantum many-body physics. Keeping pace with the rapid development of quantum computers, TNs are expected to produce novel schemes runnable on quantum hardware in the direction of “quantum artificial intelligence” in the near future."
279,An introduction to infinite projected entangled-pair state methods for variational ground state simulations using automa,2308.12358v4,,consistent,arxiv,https://arxiv.org/abs/2308.12358v4,https://doi.org/10.21468/SciPostPhysLectNotes.86,scipost.org,https://arxiv.org/pdf/2308.12358v4,,,SciPost Phys. Lect. Notes 86 (2024),,1072,1072,"Tensor networks capture large classes of ground states of phases of quantum matter faithfully and efficiently. Their manipulation and contraction has remained a challenge over the years, however. For most of the history, ground state simulations of two-dimensional quantum lattice systems using (infinite) projected entangled pair states have relied on what is called a time-evolving block decimation. In recent years, multiple proposals for the variational optimization of the quantum state have been put forward, overcoming accuracy and convergence problems of previously known methods. The incorporation of automatic differentiation in tensor networks algorithms has ultimately enabled a new, flexible way for variational simulation of ground states and excited states. In this work we review the state-of-the-art of the variational iPEPS framework, providing a detailed introduction to automatic differentiation, a description of a general foundation into which various two-dimensional lattices can be conveniently incorporated, and demonstrative benchmarking results."
280,PROTES: probabilistic optimization with tensor sampling,2301.12162,,zero_hit,arxiv,https://arxiv.org/abs/2301.12162,,,https://arxiv.org/pdf/2301.12162,,,,,712,191,"We developed a new method PROTES for black-box optimization, which is based on the probabilistic sampling from a probability density function given in the low-parametric tensor train format. We tested it on complex multidimensional arrays and discretized multivariable functions taken, among others, from real-world applications, including unconstrained binary optimization and optimal control problems, for which the possible number of elements is up to $2^{100}$. In numerical experiments, both on analytic model functions and on complex problems, PROTES outperforms existing popular discrete optimization methods (Particle Swarm Optimization, Covariance Matrix Adaptation, Differential Evolution, and others)."
281,Detecting genuine multipartite entanglement via machine learning,2311.17548v1,10.1103/physreva.108.052424,consistent,openalex,https://arxiv.org/abs/2311.17548v1,https://doi.org/10.1103/physreva.108.052424,link.aps.org,https://arxiv.org/pdf/2311.17548,,,"Phys. Rev. A 108, 052424 (2023)",Physical Review A,896,896,"In recent years, supervised and semisupervised machine learning methods such as neural networks, support vector machines (SVMs), and semisupervised support vector machines (S4VMs) have been widely used in quantum entanglement and quantum steering verification problems. However, few studies have focused on detecting genuine multipartite entanglement based on machine learning. Here, we investigate supervised and semisupervised machine learning for detecting genuine multipartite entanglement of three-qubit states. We randomly generate three-qubit density matrices and train an SVM for the detection of genuine multipartite entangled states. Moreover, we improve the S4VM training method, which optimizes the grouping of prediction samples and then performs iterative predictions. Through numerical simulation, it is confirmed that this method can significantly improve the prediction accuracy."
282,Typical correlation length of sequentially generated tensor network states,,10.1103/prxquantum.4.030330,partial,openalex,,https://doi.org/10.1103/prxquantum.4.030330,link.aps.org,http://link.aps.org/pdf/10.1103/PRXQuantum.4.030330,,,,PRX Quantum,1636,190,"The complexity of quantum many-body systems is manifested in the vast diversity of their correlations, making it challenging to distinguish the generic from the atypical features.This can be addressed by analyzing correlations through ensembles of random states, chosen to faithfully embody the relevant physical properties.Here, we focus on spins with local interactions, whose correlations are extremely well captured by tensor network states.Adopting an operational perspective, we define ensembles of random tensor network states in one and two spatial dimensions that admit a sequential generation.As such, they directly correspond to outputs of quantum circuits with a sequential architecture and random gates.In one spatial dimension, the ensemble explores the entire family of matrix product states, while in two spatial dimensions, it corresponds to random isometric tensor network states.We extract the scaling behavior of the average correlations between two subsystems as a function of their distance.Using elementary concentration results, we then deduce the typical case for measures of correlation such as the von Neumann mutual information and a measure arising from the Hilbert-Schmidt norm.We find for all considered cases that the typical behavior is an exponential decay (for both one and two spatial dimensions).We observe the consistent emergence of a correlation length that depends only on the underlying spatial dimension and not the considered measure.Remarkably, increasing the bond dimension leads to a higher correlation length in one spatial dimension but has the opposite effect in two spatial dimensions."
283,Renormalization group for measurement and entanglement phase transitions,2303.07848v1,10.1103/physrevb.108.104203,zero_hit,arxiv,https://arxiv.org/abs/2303.07848v1,https://doi.org/10.1103/physrevb.108.104203,link.aps.org,http://arxiv.org/pdf/2303.07848,,https://hal.science/hal-04049418,Phys. Rev. B 108 (2023) 104203,Physical review. B./Physical review. B,1772,188,"We analyze the renormalization-group (RG) flows of two effective Lagrangians, one for measurement induced transitions of monitored quantum systems and one for entanglement transitions in random tensor networks. These Lagrangians, previously proposed on grounds of replica symmetry, are derived in a controlled regime for an illustrative family of tensor networks. They have different forms in the two cases, and involve distinct replica limits. The perturbative RG is controlled by working close to a critical dimensionality, ${d_c=6}$ for measurements and ${d_c=10}$ for random tensors, where interactions become marginal. The resulting RG flows are surprising in several ways. They indicate that in high dimensions $d&gt;d_c$ there are at least two (stable) universality classes for each kind of transition, separated by a nontrivial tricritical point. In each case one of the two stable fixed points is Gaussian, while the other is nonperturbative. In lower dimensions, $d&lt;d_c$, the flow always runs to the nonperturbative regime. This picture clarifies the ""mean-field theory"" of these problems, including the phase diagram of all-to-all quantum circuits. It suggests a way of reconciling exact results on tree tensor networks with field theory. Most surprisingly, the perturbation theory for the random tensor network (which also applies to a version of the measurement transition with ""forced"" measurements) formally possesses a dimensional reduction property analogous to that of the random-field Ising model. When only the leading interactions are retained, perturbative calculations in $d$ dimensions reduce to those in a simple scalar field theory in ${d-4}$ dimensions. We show that this holds to all orders by writing the action in a superspace formulation."
284,Symmetric tensor networks for generative modeling and constrained combinatorial optimization,2211.09121,10.1088/2632-2153/ace0f5,zero_hit,arxiv,https://arxiv.org/abs/2211.09121,https://doi.org/10.1088/2632-2153/ace0f5/meta,,https://arxiv.org/pdf/2211.09121,,,Mach. Learn.: Sci. Technol. 4 035009 (2023),,1323,194,"Constrained combinatorial optimization problems abound in industry, from portfolio optimization to logistics. One of the major roadblocks in solving these problems is the presence of non-trivial hard constraints which limit the valid search space. In some heuristic solvers, these are typically addressed by introducing certain Lagrange multipliers in the cost function, by relaxing them in some way, or worse yet, by generating many samples and only keeping valid ones, which leads to very expensive and inefficient searches. In this work, we encode arbitrary integer-valued equality constraints of the form Ax=b, directly into U(1) symmetric tensor networks (TNs) and leverage their applicability as quantum-inspired generative models to assist in the search of solutions to combinatorial optimization problems. This allows us to exploit the generalization capabilities of TN generative models while constraining them so that they only output valid samples. Our constrained TN generative model efficiently captures the constraints by reducing number of parameters and computational costs. We find that at tasks with constraints given by arbitrary equalities, symmetric Matrix Product States outperform their standard unconstrained counterparts at finding novel and better solutions to combinatorial optimization problems."
285,ETTE: Efficient tensor-train-based computing engine for deep neural networks,,10.1145/3579371.3589103,partial,openalex,,https://doi.org/10.1145/3579371.3589103,dl.acm.org,https://dl.acm.org/doi/pdf/10.1145/3579371.3589103,,,,,511,184,"Tensor-train (TT) decomposition enables ultra-high compression ratio, making the deep neural network (DNN) accelerators based on this method very attractive. TIE, the state-of-the-art TT based DNN accelerator, achieved high performance by leveraging a compact inference scheme to remove unnecessary computations and memory access. However, TIE increases memory costs for stage-wise intermediate results and additional intra-layer data transfer, leading to limited speedups even the models are highly compressed."
286,Introducing nonlinear activations into quantum generative models,2205.14506v4,10.1103/physreva.107.012406,truncated_snippet,openalex,https://arxiv.org/abs/2205.14506v4,https://doi.org/10.1103/physreva.107.012406,link.aps.org,https://arxiv.org/pdf/2205.14506v4,,,,Physical Review A,1694,179,"Due to the linearity of quantum mechanics, it remains a challenge to design quantum generative machine learning models that embed nonlinear activations into the evolution of the state vector. However, some of the most successful classical generative models, such as those based on neural networks, involve highly nonlinear dynamics for quality training. In this paper we explore the effect of these dynamics in quantum generative modeling by introducing a model that adds nonlinear activations via a neural network structure onto the standard Born machine framework---the quantum neuron Born machine (QNBM). To achieve this, we utilize a previously introduced quantum neuron subroutine, which is a repeat-until-success circuit with midcircuit measurements and classical control. After introducing the QNBM, we investigate how its performance depends on network size, by training a three-layer QNBM with four output neurons and various input and hidden layer sizes. We then compare our nonlinear QNBM to the linear quantum circuit Born machine (QCBM). We allocate similar time and memory resources to each model such that the only major difference is the qubit overhead required by the QNBM. With gradient-based training, we show that while both models can easily learn a trivial uniform probability distribution, on a more challenging class of distributions, the QNBM achieves an almost three-times-smaller error rate than a QCBM with a similar number of tunable parameters. We therefore provide evidence that suggests that nonlinearity is a useful resource in quantum generative models, and we put forth the QNBM as a model with good generative performance and potential for quantum advantage."
287,Generative learning of continuous data by tensor networks,2310.20498v2,,consistent,arxiv,https://arxiv.org/abs/2310.20498v2,,,https://arxiv.org/pdf/2310.20498v2,,,,,1445,1445,"Beyond their origin in modeling many-body quantum systems, tensor networks have emerged as a promising class of models for solving machine learning problems, notably in unsupervised generative learning. While possessing many desirable features arising from their quantum-inspired nature, tensor network generative models have previously been largely restricted to binary or categorical data, limiting their utility in real-world modeling problems. We overcome this by introducing a new family of tensor network generative models for continuous data, which are capable of learning from distributions containing continuous random variables. We develop our method in the setting of matrix product states, first deriving a universal expressivity theorem proving the ability of this model family to approximate any reasonably smooth probability density function with arbitrary precision. We then benchmark the performance of this model on several synthetic and real-world datasets, finding that the model learns and generalizes well on distributions of continuous and discrete variables. We develop methods for modeling different data domains, and introduce a trainable compression layer which is found to increase model performance given limited memory or computational resources. Overall, our methods give important theoretical and empirical evidence of the efficacy of quantum-inspired methods for the rapidly growing field of generative learning."
288,TT-Net: Tensorized Transformer Network for 3D medical image segmentation,,,no_identifier,,,,,,,,,,0,192,
289,Generative modeling via tree tensor network states,2209.01341v1,10.1007/s40687-023-00381-3,zero_hit,arxiv,https://arxiv.org/abs/2209.01341v1,https://doi.org/10.1007/s40687-023-00381-3,link.springer.com,https://arxiv.org/pdf/2209.01341v1,,,,Research in the Mathematical Sciences,491,188,"In this paper, we present a density estimation framework based on tree tensor-network states. The proposed method consists of determining the tree topology with Chow-Liu algorithm, and obtaining a linear system of equations that defines the tensor-network components via sketching techniques. Novel choices of sketch functions are developed in order to consider graphical models that contain loops. Sample complexity guarantees are provided and further corroborated by numerical experiments."
290,Tree-Invent: a novel multipurpose molecular generative model constrained with a topological tree,,10.1021/acs.jcim.3c01626,consistent,openalex,,https://doi.org/10.1021/acs.jcim.3c01626,pubs.acs.org,,,,,Journal of Chemical Information and Modeling,1032,1032,"De novo molecular design plays an important role in drug discovery. Here, a novel generative model, Tree-Invent, was proposed to integrate topological constraints in the generation of a molecular graph. In this model, a molecular graph is represented as a topological tree in which a ring system, a nonring atom, and a chemical bond are regarded as the ring node, single node, and edge, respectively. The molecule generation is driven by three independent submodels for carrying out operations of node addition, ring generation, and node connection. One unique feature of the generative model is that the topological tree structure can be specified as a constraint for structure generation, which provides more precise control of structure generation. Combined with reinforcement learning, the Tree-Invent model could efficiently explore targeted chemical space. Moreover, the Tree-Invent model is flexible enough to be used in versatile molecule design settings such as scaffold decoration, scaffold hopping, and linker generation."
291,Multi-layered projected entangled pair states for image classification,,,no_identifier,,,,,,,,,,0,1719,
292,Sequence processing with quantum tensor networks,2308.07865v1,,consistent,arxiv,https://arxiv.org/abs/2308.07865v1,,,https://arxiv.org/pdf/2308.07865v1,,,,,1637,1637,"We introduce complex-valued tensor network models for sequence processing motivated by correspondence to probabilistic graphical models, interpretability and resource compression. Inductive bias is introduced to our models via network architecture, and is motivated by the correlation structure inherent in the data, as well as any relevant compositional structure, resulting in tree-like connectivity. Our models are specifically constructed using parameterised quantum circuits, widely used in quantum machine learning, effectively using Hilbert space as a feature space. Furthermore, they are efficiently trainable due to their tree-like structure. We demonstrate experimental results for the task of binary classification of sequences from real-world datasets relevant to natural language and bioinformatics, characterised by long-range correlations and often equipped with syntactic information. Since our models have a valid operational interpretation as quantum processes, we also demonstrate their implementation on Quantinuum's H2-1 trapped-ion quantum processor, demonstrating the possibility of efficient sequence processing on near-term quantum devices. This work constitutes the first scalable implementation of near-term quantum language processing, providing the tools for large-scale experimentation on the role of tensor structure and syntactic priors. Finally, this work lays the groundwork for generative sequence modelling in a hybrid pipeline where the training may be conducted efficiently in simulation, while sampling from learned probability distributions may be done with polynomial speed-up on quantum devices."
294,Undirected probabilistic model for tensor decomposition,,,no_identifier,,,,,,,,,,0,187,
295,Distributive pre-training of generative modeling using matrix-product states,2306.14787v1,,consistent,arxiv,https://arxiv.org/abs/2306.14787v1,,,https://arxiv.org/pdf/2306.14787v1,,https://tensorworkshop.github.io/NeurIPS2021/accepted_papers/MPS_MNIST.pdf,,,898,898,"Tensor networks have recently found applications in machine learning for both supervised learning and unsupervised learning. The most common approaches for training these models are gradient descent methods. In this work, we consider an alternative training scheme utilizing basic tensor network operations, e.g., summation and compression. The training algorithm is based on compressing the superposition state constructed from all the training data in product state representation. The algorithm could be parallelized easily and only iterates through the dataset once. Hence, it serves as a pre-training algorithm. We benchmark the algorithm on the MNIST dataset and show reasonable results for generating new images and classification tasks. Furthermore, we provide an interpretation of the algorithm as a compressed quantum kernel density estimation for the probability amplitude of input data."
298,On Translation-Invariant Matrix Product States and advances in MPS representations of the -state,2306.16456v2,,consistent,arxiv,https://arxiv.org/abs/2306.16456v2,,,https://arxiv.org/pdf/2306.16456v2,,,,,1034,1034,"This work is devoted to the study Translation-Invariant (TI) Matrix Product State (MPS) representations of quantum states with periodic boundary conditions (PBC). We pursue two directions: we introduce new methods for constructing TI MPS representations of a certain class of TI states and study their optimality in terms of their bond dimension. We pay particular attention to the $n$-party $W$-state and construct a TI MPS representation of bond dimension $\left \lfloor \dfrac{n}{2} \right \rfloor +1$ for it. We further study properties of this class and show that we can can always achieve a bond dimension of $n$ for TI MPS representation of states in this class. In the framework of studying optimality of TI MPS representations with PBC, we study the optimal bond dimension $d(ψ)$ for a given state $ψ$. In particular we introduce a deterministic algorithm for the search of $d(ψ)$ for an arbitary state. Using numerical methods, we verify the optimality of our previous construction for the $n$-party $W$-state for small $n$."
299,An efficient tensor-based transformer for industrial Internet of Things,,,no_identifier,,,,,,,,,,0,183,
300,Renormalized Von Neumann entropy with application to entanglement in genuine infinite dimensional systems: R. Gielerak,,10.1007/s11128-023-04059-1,consistent,openalex,,https://doi.org/10.1007/s11128-023-04059-1,link.springer.com,https://link.springer.com/content/pdf/10.1007/s11128-023-04059-1.pdf,,,,Quantum Information Processing,1010,1010,"Abstract A renormalized version of the von Neumann quantum entropy (which is finite and continuous in general, infinite dimensional case) which obeys several of the natural physical demands (as expected for a “good” measure of entanglement in the case of general quantum states describing bipartite and infinite-dimensional systems) is proposed. The renormalized quantum entropy is defined by the explicit use of the Fredholm determinants theory. To prove the main results on continuity and finiteness of the introduced renormalization, the fundamental Grothendick approach, which is based on the infinite dimensional Grassmann algebra theory, is applied. Several features of majorization theory are preserved under the introduced renormalization as it is proved in this paper. This fact allows to extend most of the known (mainly, in the context of two-partite, finite-dimensional quantum systems) results of the LOCC comparison theory to the case of genuine infinite-dimensional, two-partite quantum systems."
301,Quantum generative modeling of sequential data with trainable token embedding,2311.05050v2,,consistent,arxiv,https://arxiv.org/abs/2311.05050v2,,,https://arxiv.org/pdf/2311.05050v2,,,,,1265,1265,"Generative models aim to learn the probability distributions underlying data, enabling the generation of new, realistic samples. Quantum inspired generative models, such as Born machines based on the matrix product state framework, have demonstrated remarkable capabilities in unsupervised learning tasks. This study advances the Born machine paradigm by introducing trainable token embeddings through positive operator valued measurements, replacing the traditional approach of static tensor indices. Key technical innovations include encoding tokens as quantum measurement operators with trainable parameters and leveraging QR decomposition to adjust the physical dimensions of the MPS. This approach maximizes the utilization of operator space and enhances the model's expressiveness. Empirical results on RNA data demonstrate that the proposed method significantly reduces negative log likelihood compared to one hot embeddings, with higher physical dimensions further enhancing single site probabilities and multi site correlations. The model also outperforms GPT2 in single site estimation and achieves competitive correlation modeling, showcasing the potential of trainable POVM embeddings for complex data correlations in quantum inspired sequence modeling."
305,Partial Tensorized Transformers for Natural Language Processing,2310.20077v1,,consistent,arxiv,https://arxiv.org/abs/2310.20077v1,,,https://arxiv.org/pdf/2310.20077v1,,,,,751,751,"The transformer architecture has revolutionized Natural Language Processing (NLP) and other machine-learning tasks, due to its unprecedented accuracy. However, their extensive memory and parameter requirements often hinder their practical applications. In this work, we study the effect of tensor-train decomposition to improve the accuracy and compress transformer vision-language neural networks, namely BERT and ViT. We focus both on embedding-layer compression and partial tensorization of neural networks (PTNN) through an algorithmic approach. Our novel PTNN approach significantly improves the accuracy of existing models by up to 5%, all without the need for post-training adjustments, breaking new ground in the field of tensor decomposition."
312,Generative machine learning with tensor networks,,,empty,,,,,,,,,,0,0,
334,A survey on model compression for large language models,2308.07633,10.1162/tacl_a_00704/125482,zero_hit,arxiv,https://arxiv.org/abs/2308.07633,https://doi.org/10.1162/tacl_a_00704/125482,,https://arxiv.org/pdf/2308.07633,,,,,771,780,"Large Language Models (LLMs) have transformed natural language processing tasks successfully. Yet, their large size and high computational needs pose challenges for practical use, especially in resource-limited settings. Model compression has emerged as a key research area to address these challenges. This paper presents a survey of model compression techniques for LLMs. We cover methods like quantization, pruning, and knowledge distillation, highlighting recent advancements. We also discuss benchmarking strategies and evaluation metrics crucial for assessing compressed LLMs. This survey offers valuable insights for researchers and practitioners, aiming to enhance efficiency and real-world applicability of LLMs while laying a foundation for future advancements."
335,Decomposition of matrix product states into shallow quantum circuits,2209.00595v1,10.1088/2058-9565/ad04e6/meta,zero_hit,arxiv,https://arxiv.org/abs/2209.00595v1,https://doi.org/10.1088/2058-9565/ad04e6/meta,,https://arxiv.org/pdf/2209.00595v1,,,,,1780,2133,"The rapid pace of recent advancements in numerical computation, notably the rise of GPU and TPU hardware accelerators, have allowed tensor network (TN) algorithms to scale to even larger quantum simulation problems, and to be employed more broadly for solving machine learning tasks. The ""quantum-inspired"" nature of TNs permits them to be mapped to parametrized quantum circuits (PQCs), a fact which has inspired recent proposals for enhancing the performance of TN algorithms using near-term quantum devices, as well as enabling joint quantum-classical training frameworks which benefit from the distinct strengths of TN and PQC models. However, the success of any such methods depends on efficient and accurate methods for approximating TN states using realistic quantum circuits, something which remains an unresolved question. In this work, we compare a range of novel and previously-developed algorithmic protocols for decomposing matrix product states (MPS) of arbitrary bond dimensions into low-depth quantum circuits consisting of stacked linear layers of two-qubit unitaries. These protocols are formed from different combinations of a preexisting analytical decomposition scheme with constrained optimization of circuit unitaries, and all possess efficient classical runtimes. Our experimental results reveal one particular protocol, involving sequential growth and optimization of the quantum circuit, to outperform all other methods, with even greater benefits seen in the setting of limited computational resources. Given these promising results, we expect our proposed decomposition protocol to form a useful ingredient within any joint application of TNs and PQCs, in turn further unlocking the rich and complementary benefits of classical and quantum computation."
336,Model compression and efficient inference for large language models: A survey,2402.09748v1,,consistent,arxiv,https://arxiv.org/abs/2402.09748v1,,,https://arxiv.org/pdf/2402.09748v1,,,,,1663,1663,"Transformer based large language models have achieved tremendous success. However, the significant memory and computational costs incurred during the inference process make it challenging to deploy large models on resource-constrained devices. In this paper, we investigate compression and efficient inference methods for large language models from an algorithmic perspective. Regarding taxonomy, similar to smaller models, compression and acceleration algorithms for large language models can still be categorized into quantization, pruning, distillation, compact architecture design, dynamic networks. However, Large language models have two prominent characteristics compared to smaller models: (1) Most of compression algorithms require finetuning or even retraining the model after compression. The most notable aspect of large models is the very high cost associated with model finetuning or training. Therefore, many algorithms for large models, such as quantization and pruning, start to explore tuning-free algorithms. (2) Large models emphasize versatility and generalization rather than performance on a single task. Hence, many algorithms, such as knowledge distillation, focus on how to preserving their versatility and generalization after compression. Since these two characteristics were not very pronounced in early large models, we further distinguish large language models into medium models and ``real'' large models. Additionally, we also provide an introduction to some mature frameworks for efficient inference of large models, which can support basic compression or acceleration algorithms, greatly facilitating model deployment for users."
337,Hydra: Bidirectional state space models through generalized matrix mixers,2407.09941,,zero_hit,arxiv,https://arxiv.org/abs/2407.09941,,,https://arxiv.org/pdf/2407.09941,,,,,1446,183,"A wide array of sequence models are built on a framework modeled after Transformers, comprising alternating sequence mixer and channel mixer layers. This paper studies a unifying matrix mixer view of sequence mixers that can be conceptualized as a linear map on the input sequence. This framework encompasses a broad range of well-known sequence models, including the self-attention of Transformers as well as recent strong alternatives such as structured state space models (SSMs), and allows understanding downstream characteristics such as efficiency and expressivity through properties of their structured matrix class. We identify a key axis of matrix parameterizations termed sequence alignment, which increases the flexibility and performance of matrix mixers, providing insights into the strong performance of Transformers and recent SSMs such as Mamba. Furthermore, the matrix mixer framework offers a systematic approach to developing sequence mixers with desired properties, allowing us to develop several new sub-quadratic sequence models. In particular, we propose a natural bidirectional extension of the Mamba model (Hydra), parameterized as a quasiseparable matrix mixer, which demonstrates superior performance over other sequence models including Transformers on non-causal tasks. As a drop-in replacement for attention layers, Hydra outperforms BERT by 0.8 points on the GLUE benchmark and ViT by 2% Top-1 accuracy on ImageNet."
338,Tensor attention training: Provably efficient learning of higher-order transformers,,,no_identifier,,,,,,,,,,0,188,
339,Transition role of entangled data in quantum machine learning,2306.03481,10.1038/s41467-024-47983-1,consistent,arxiv,https://arxiv.org/abs/2306.03481,,,https://arxiv.org/pdf/2306.03481,,,,,1360,1360,"Entanglement serves as the resource to empower quantum computing. Recent progress has highlighted its positive impact on learning quantum dynamics, wherein the integration of entanglement into quantum operations or measurements of quantum machine learning (QML) models leads to substantial reductions in training data size, surpassing a specified prediction error threshold. However, an analytical understanding of how the entanglement degree in data affects model performance remains elusive. In this study, we address this knowledge gap by establishing a quantum no-free-lunch (NFL) theorem for learning quantum dynamics using entangled data. Contrary to previous findings, we prove that the impact of entangled data on prediction error exhibits a dual effect, depending on the number of permitted measurements. With a sufficient number of measurements, increasing the entanglement of training data consistently reduces the prediction error or decreases the required size of the training data to achieve the same prediction error. Conversely, when few measurements are allowed, employing highly entangled data could lead to an increased prediction error. The achieved results provide critical guidance for designing advanced QML protocols, especially for those tailored for execution on early-stage quantum computers with limited access to quantum resources."
340,A neural matrix decomposition recommender system model based on the multimodal large language model,,10.1145/3696271.3696295,consistent,openalex,,https://doi.org/10.1145/3696271.3696295,dl.acm.org,,,,,,767,767,"Recommendation systems have become an important solution to information search problems. This article proposes a neural matrix factorization recommendation system model based on the multimodal large language model called BoNMF. This model combines BoBERTa's powerful capabilities in natural language processing, ViT in computer in vision, and neural matrix decomposition technology. By capturing the potential characteristics of users and items, and after interacting with a low-dimensional matrix composed of user and item IDs, the neural network outputs the results. recommend. Cold start and ablation experimental results show that the BoNMF model exhibits excellent performance on large public data sets and significantly improves the accuracy of recommendations."
341,Temporal entanglement entropy as a probe of renormalization group flow,2312.08534,10.1007/JHEP05(2024)030,partial,arxiv,https://arxiv.org/abs/2312.08534,https://doi.org/10.1007/JHEP05(2024)030,link.springer.com,https://arxiv.org/pdf/2312.08534,,,JHEP 05 (2024) 030,,1380,189,"The recently introduced concept of timelike entanglement entropy has sparked a lot of interest. Unlike the traditional spacelike entanglement entropy, timelike entanglement entropy involves tracing over a timelike subsystem. In this work, we propose an extension of timelike entanglement entropy to Euclidean space (""temporal entanglement entropy""), and relate it to the renormalization group (RG) flow. Specifically, we show that tracing over a period of Euclidean time corresponds to coarse-graining the system and can be connected to momentum space entanglement. We employ Holography, a framework naturally embedding RG flow, to illustrate our proposal. Within cutoff holography, we establish a direct link between the UV cutoff and the smallest resolvable time interval within the effective theory through the irrelevant $T\bar T$ deformation. Increasing the UV cutoff results in an enhanced capability to resolve finer time intervals, while reducing it has the opposite effect. Moreover, we show that tracing over a larger Euclidean time interval is formally equivalent to integrating out more UV degrees of freedom (or lowering the temperature). As an application, we point out that the temporal entanglement entropy can detect the critical Lifshitz exponent $z$ in non-relativistic theories which is not accessible from spatial entanglement at zero temperature and density."
342,Compactifai: extreme compression of large language models using quantum-inspired tensor networks,2401.14109v2,,consistent,arxiv,https://arxiv.org/abs/2401.14109v2,,,https://arxiv.org/pdf/2401.14109v2,,,"Proceedings of the 33rd European Symposium on Artificial Neural Networks, Computational Intelligence and Machine Learning (ESANN 2025), Bruges, Belgium, pp. 531-537, April 2025. ISBN: 9782875870926",,1887,1887,"Large Language Models (LLMs) such as ChatGPT and LlaMA are advancing rapidly in generative Artificial Intelligence (AI), but their immense size poses significant challenges, such as huge training and inference costs, substantial energy demands, and limitations for on-site deployment. Traditional compression methods such as pruning, distillation, and low-rank approximation focus on reducing the effective number of neurons in the network, while quantization focuses on reducing the numerical precision of individual weights to reduce the model size while keeping the number of neurons fixed. While these compression methods have been relatively successful in practice, there is no compelling reason to believe that truncating the number of neurons is an optimal strategy. In this context, this paper introduces CompactifAI, an innovative LLM compression approach using quantum-inspired Tensor Networks that focuses on the model's correlation space instead, allowing for a more controlled, refined and interpretable model compression. Our method is versatile and can be implemented with - or on top of - other compression techniques. As a benchmark, we demonstrate that a combination of CompactifAI with quantization allows to reduce a 93% the memory size of LlaMA 7B, reducing also 70% the number of parameters, accelerating 50% the training and 25% the inference times of the model, and just with a small accuracy drop of 2% - 3%, going much beyond of what is achievable today by other compression techniques. Our methods also allow to perform a refined layer sensitivity profiling, showing that deeper layers tend to be more suitable for tensor network compression, which is compatible with recent observations on the ineffectiveness of those layers for LLM performance. Our results imply that standard LLMs are, in fact, heavily overparametrized, and do not need to be large at all."
343,"Machine learning with tree tensor networks, CP rank constraints, and tensor dropout",2305.19440v2,,zero_hit,arxiv,https://arxiv.org/abs/2305.19440v2,https://doi.org/10.1109/TPAMI.2024.3396386,ieeexplore.ieee.org,https://arxiv.org/pdf/2305.19440v2,,,"IEEE Transactions on Pattern Analysis and Machine Intelligence 46, 7825 (2024)",,1291,190,"Tensor networks developed in the context of condensed matter physics try to approximate order-$N$ tensors with a reduced number of degrees of freedom that is only polynomial in $N$ and arranged as a network of partially contracted smaller tensors. As we have recently demonstrated in the context of quantum many-body physics, computation costs can be further substantially reduced by imposing constraints on the canonical polyadic (CP) rank of the tensors in such networks [arXiv:2205.15296]. Here, we demonstrate how tree tensor networks (TTN) with CP rank constraints and tensor dropout can be used in machine learning. The approach is found to outperform other tensor-network-based methods in Fashion-MNIST image classification. A low-rank TTN classifier with branching ratio $b=4$ reaches a test set accuracy of 90.3\% with low computation costs. Consisting of mostly linear elements, tensor network classifiers avoid the vanishing gradient problem of deep neural networks. The CP rank constraints have additional advantages: The number of parameters can be decreased and tuned more freely to control overfitting, improve generalization properties, and reduce computation costs. They allow us to employ trees with large branching ratios, substantially improving the representation power."
344,Tensor decomposition based attention module for spiking neural networks,2310.14576v2,,truncated_snippet,arxiv,https://arxiv.org/abs/2310.14576v2,,,https://arxiv.org/pdf/2310.14576v2,,,,,1380,178,"The attention mechanism has been proven to be an effective way to improve spiking neural network (SNN). However, based on the fact that the current SNN input data flow is split into tensors to process on GPUs, none of the previous works consider the properties of tensors to implement an attention module. This inspires us to rethink current SNN from the perspective of tensor-relevant theories. Using tensor decomposition, we design the \textit{projected full attention} (PFA) module, which demonstrates excellent results with linearly growing parameters. Specifically, PFA is composed by the \textit{linear projection of spike tensor} (LPST) module and \textit{attention map composing} (AMC) module. In LPST, we start by compressing the original spike tensor into three projected tensors using a single property-preserving strategy with learnable parameters for each dimension. Then, in AMC, we exploit the inverse procedure of the tensor decomposition process to combine the three tensors into the attention map using a so-called connecting factor. To validate the effectiveness of the proposed PFA module, we integrate it into the widely used VGG and ResNet architectures for classification tasks. Our method achieves state-of-the-art performance on both static and dynamic benchmark datasets, surpassing the existing SNN models with Transformer-based and CNN-based backbones."
345,Enabling tensor language model to assist in generating {High-Performance} tensor programs for deep learning,,,no_identifier,,,,,,,,,,0,178,
347,Nuclear norm regularized loop optimization for tensor network,,10.1103/physrevresearch.6.043102,zero_hit,openalex,,https://doi.org/10.1103/physrevresearch.6.043102,link.aps.org,,,,,Physical Review Research,805,194,"We propose a loop optimization algorithm based on nuclear norm regularization for the tensor network. The key ingredient of this scheme is to introduce a rank penalty term proposed in the context of data processing. Compared to the standard variational periodic matrix product states method, this algorithm can circumvent the local minima related to short-ranged correlation in a simpler fashion. We demonstrate its performance when used as a part of the tensor network renormalization algorithms [S. Yang, Z.-C. Gu, and X.-G. Wen, ] for the critical two-dimensional Ising model. The scale invariance of the renormalized tensors is attained with higher accuracy while the higher parts of the scaling dimension spectrum are obtained in a more stable fashion. Published by the American Physical Society 2024"
348,Quantum large language models via tensor network disentanglers,2410.17397v2,,consistent,arxiv,https://arxiv.org/abs/2410.17397v2,,,https://arxiv.org/pdf/2410.17397v2,,,,,1153,1153,"We introduce a framework for seamlessly integrating quantum computing into pretrained large language models (LLMs). The key idea is to construct a hybrid quantum-classical representation that exactly reproduces the original model, providing a principled starting point from which quantum resources can only improve performance. Our approach replaces the weight matrices in self-attention and multilayer perceptron layers with two variational quantum circuits coupled to a matrix product operator (MPO). Tensor network disentanglers transfer much of each layer's information into the quantum circuits, enabling the remaining tensor network to be compressed to a bond-dimension-one MPO with over three orders of magnitude fewer classical parameters (in our experiments, from 110,592 to approximately 36 for the replaced layer) and less than a 0.3\% increase in perplexity. Training an added unitary adapter on top of this representation then surpasses the original model, reducing perplexity by up to 1.6\%. Finally, we validate the hybrid architecture on a real quantum processor, demonstrating a practical route towards quantum-enhanced language models."
349,Neural network compression based on tensor ring decomposition,,,no_identifier,,,,,,,,,,0,187,
350,Compressing multivariate functions with tree tensor networks,2410.03572v4,,consistent,arxiv,https://arxiv.org/abs/2410.03572v4,,,https://arxiv.org/pdf/2410.03572v4,,,,,962,962,"Tensor networks are a compressed format for multi-dimensional data. One dimensional tensor networks -- often referred to as tensor trains (TT) or matrix product states (MPS) -- are increasingly being used as a numerical ansatz for continuum functions by ``quantizing'' the inputs into discrete binary digits. Here we demonstrate the power of more general tree tensor networks (TTNs) for this purpose. We provide direct constructions of a number of elementary functions as generic tree tensor networks and interpolative constructions for more complicated functions via a generalization of the tensor cross interpolation algorithm. For a range of multi-dimensional functions we show how more structured tree tensor networks offer a significantly more efficient ansatz than the commonly used tensor train. Finally, we demonstrate how the methods introduced in this work can be used to realize a TTN-based solver for multi-dimensional, non-linear Fredholm equations."
351,TNGPS: Discovering unknown tensor network structure search algorithms via large language models (LLMs),2402.02456v2,,consistent,arxiv,https://arxiv.org/abs/2402.02456v2,,,https://arxiv.org/pdf/2402.02456v2,,,,,1031,1031,"Tensor networks are efficient for extremely high-dimensional representation, but their model selection, known as tensor network structure search (TN-SS), is a challenging problem. Although several works have targeted TN-SS, most existing algorithms are manually crafted heuristics with poor performance, suffering from the curse of dimensionality and local convergence. In this work, we jump out of the box, studying how to harness large language models (LLMs) to automatically discover new TN-SS algorithms, replacing the involvement of human experts. By observing how human experts innovate in research, we model their common workflow and propose an automatic algorithm discovery framework called tnGPS. The proposed framework is an elaborate prompting pipeline that instruct LLMs to generate new TN-SS algorithms through iterative refinement and enhancement. The experimental results demonstrate that the algorithms discovered by tnGPS exhibit superior performance in benchmarks compared to the current state-of-the-art methods."
352,Dual-isometric projected entangled pair states,,10.1103/physrevlett.133.190401,consistent,openalex,,https://doi.org/10.1103/physrevlett.133.190401,link.aps.org,,,,,Physical Review Letters,897,184,"Efficient characterization of higher dimensional many-body physical states presents significant challenges. In this Letter, we propose a new class of projected entangled pair states (PEPS) that incorporates two isometric conditions. This new class facilitates the efficient calculation of general local observables and certain two-point correlation functions, which have been previously shown to be intractable for general PEPS, or PEPS with only a single isometric constraint. Despite incorporating two isometric conditions, our class preserves the rich physical structure while enhancing the analytical capabilities. It features a large set of tunable parameters, with only a subleading correction compared to that of general PEPS. Furthermore, we analytically demonstrate that this class can encode universal quantum computation and can represent a transition from topological to trivial order."
353,Identification of quantum entanglement with Siamese convolutional neural networks and semisupervised learning,2210.07410v5,10.1103/physrevapplied.22.014068,partial,openalex,https://arxiv.org/abs/2210.07410v5,https://doi.org/10.1103/physrevapplied.22.014068,link.aps.org,https://arxiv.org/pdf/2210.07410v5,,,"Phys. Rev. Applied 22, 014068 (2024)",Physical Review Applied,1232,181,"Quantum entanglement is a fundamental property commonly used in various quantum information protocols and algorithms. Nonetheless, the problem of identifying entanglement has still not reached a general solution for systems larger than $2\ifmmode\times\else\texttimes\fi{}3$. In this study, we use deep convolutional NNs, a type of supervised machine learning, to identify quantum entanglement for any bipartition in a three-qubit system. We demonstrate that training the model on synthetically generated datasets of random density matrices excluding challenging positive-under-partial-transposition entangled states (PPTES), which cannot be identified (and correctly labeled) in general, leads to good model accuracy even for PPTES states, that were outside the training data. Our aim is to enhance the model's generalization on PPTES. By applying entanglement-preserving symmetry operations through a triple Siamese network trained in a semisupervised manner, we improve the model's accuracy and ability to recognize PPTES. Moreover, by constructing an ensemble of Siamese models, even better generalization is observed, in analogy with the idea of finding separate types of entanglement witnesses for different classes of states."
354,Probabilistic inference in the era of tensor networks and differential programming,,10.1103/physrevresearch.6.033261,zero_hit,openalex,,https://doi.org/10.1103/physrevresearch.6.033261,link.aps.org,,,,,Physical Review Research,1294,187,"Probabilistic inference is a fundamental task in modern machine learning. Recent advances in tensor network (TN) contraction algorithms have enabled the development of better exact inference methods. However, many common inference tasks in probabilistic graphical models (PGMs) still lack corresponding TN-based adaptations. In this paper, we advance the connection between PGMs and TNs by formulating and implementing tensor-based solutions for the following inference tasks: (A) computing the partition function, (B) computing the marginal probability of sets of variables in the model, (C) determining the most likely assignment to a set of variables, (D) the same as (C) but after having marginalized a different set of variables, and (E) generating samples from a learned probability distribution using a generalized method. Our study is motivated by recent technical advances in the fields of quantum circuit simulation, quantum many-body physics, and statistical physics. Through an experimental evaluation, we demonstrate that the integration of these quantum technologies with a series of algorithms introduced in this study significantly improves the performance efficiency of existing methods for solving probabilistic inference tasks. Published by the American Physical Society 2024"
355,"Rényi mutual information in quantum field theory, tensor networks, and gravity",2308.08600,10.1007/JHEP06(2024)195,zero_hit,arxiv,https://arxiv.org/abs/2308.08600,https://doi.org/10.1007/JHEP06(2024)195,link.springer.com,https://arxiv.org/pdf/2308.08600,,,,,870,891,"We explore a large class of correlation measures called the $α-z$ Rényi mutual informations (RMIs). Unlike the commonly used notion of RMI involving linear combinations of Rényi entropies, the $α-z$ RMIs are positive semi-definite and monotonically decreasing under quantum operations, making them sensible measures of total (quantum and classical) correlations. This follows from their descendance from Rényi relative entropies. In addition to upper bounding connected correlation functions between subsystems, we prove the much stronger statement that for certain values of $α$ and $z$, the $α-z$ RMIs also lower bound connected correlation functions. We develop an easily implementable replica trick which enables us to compute the $α-z$ RMIs in a variety of many-body systems including conformal field theories, free fermions, random tensor networks, and holography."
356,Accelerating large language model training with hybrid gpu-based compression,2409.02423v1,,zero_hit,arxiv,https://arxiv.org/abs/2409.02423v1,,,https://arxiv.org/pdf/2409.02423v1,,,,,1816,182,"Data Parallelism (DP), Tensor Parallelism (TP), and Pipeline Parallelism (PP) are the three strategies widely adopted to enable fast and efficient Large Language Model (LLM) training. However, these approaches rely on data-intensive communication routines to collect, aggregate, and re-distribute gradients, activations, and other important model information, which pose significant overhead. Co-designed with GPU-based compression libraries, MPI libraries have been proven to reduce message size significantly, and leverage interconnect bandwidth, thus increasing training efficiency while maintaining acceptable accuracy. In this work, we investigate the efficacy of compression-assisted MPI collectives under the context of distributed LLM training using 3D parallelism and ZeRO optimizations. We scaled up to 192 V100 GPUs on the Lassen supercomputer. First, we enabled a naïve compression scheme across all collectives and observed a 22.5\% increase in TFLOPS per GPU and a 23.6\% increase in samples per second for GPT-NeoX-20B training. Nonetheless, such a strategy ignores the sparsity discrepancy among messages communicated in each parallelism degree, thus introducing more errors and causing degradation in training loss. Therefore, we incorporated hybrid compression settings toward each parallel dimension and adjusted the compression intensity accordingly. Given their low-rank structure (arXiv:2301.02654), we apply aggressive compression on gradients when performing DP All-reduce. We adopt milder compression to preserve precision while communicating activations, optimizer states, and model parameters in TP and PP. Using the adjusted hybrid compression scheme, we demonstrate a 17.3\% increase in TFLOPS per GPU and a 12.7\% increase in samples per second while reaching baseline loss convergence."
357,Higher order transformers: Efficient attention mechanism for tensor structured data,,,no_identifier,,,,,,,,,,0,189,
358,Long sequence modeling with attention tensorization: From sequence to tensor learning,2410.20926,,zero_hit,arxiv,https://arxiv.org/abs/2410.20926,,,https://arxiv.org/pdf/2410.20926,,,,,1233,1255,"As the demand for processing extended textual data grows, the ability to handle long-range dependencies and maintain computational efficiency is more critical than ever. One of the key issues for long-sequence modeling using attention-based model is the mismatch between the limited-range modeling power of full attention and the long-range token dependency in the input sequence. In this work, we propose to scale up the attention receptive field by tensorizing long input sequences into compact tensor representations followed by attention on each transformed dimension. The resulting Tensorized Attention can be adopted as efficient transformer backbones to extend input context length with improved memory and time efficiency. We show that the proposed attention tensorization encodes token dependencies as a multi-hop attention process, and is equivalent to Kronecker decomposition of full attention. Extensive experiments show that tensorized attention can be used to adapt pretrained LLMs with improved efficiency. Notably, Llama-8B with tensorization is trained under 32,768 context length and can steadily extrapolate to 128k length during inference with $11\times$ speedup, compared to full attention with FlashAttention-2."
359,Teaformers: Tensor-augmented transformers for multi-dimensional time series forecasting,2410.20439v1,,consistent,arxiv,https://arxiv.org/abs/2410.20439v1,,,https://arxiv.org/pdf/2410.20439v1,,,,,1526,1526,"Multi-dimensional time series data, such as matrix and tensor-variate time series, are increasingly prevalent in fields such as economics, finance, and climate science. Traditional Transformer models, though adept with sequential data, do not effectively preserve these multi-dimensional structures, as their internal operations in effect flatten multi-dimensional observations into vectors, thereby losing critical multi-dimensional relationships and patterns. To address this, we introduce the Tensor-Augmented Transformer (TEAFormer), a novel method that incorporates tensor expansion and compression within the Transformer framework to maintain and leverage the inherent multi-dimensional structures, thus reducing computational costs and improving prediction accuracy. The core feature of the TEAFormer, the Tensor-Augmentation (TEA) module, utilizes tensor expansion to enhance multi-view feature learning and tensor compression for efficient information aggregation and reduced computational load. The TEA module is not just a specific model architecture but a versatile component that is highly compatible with the attention mechanism and the encoder-decoder structure of Transformers, making it adaptable to existing Transformer architectures. Our comprehensive experiments, which integrate the TEA module into three popular time series Transformer models across three real-world benchmarks, show significant performance enhancements, highlighting the potential of TEAFormers for cutting-edge time series forecasting."
360,Quantum topic model: Topic modeling using variational quantum circuits,,,no_identifier,,,,,,,,,,0,184,
362,Tensor-networks-based learning of probabilistic cellular automata dynamics,,10.1103/physrevresearch.6.043202,zero_hit,openalex,,https://doi.org/10.1103/physrevresearch.6.043202,link.aps.org,,,,,Physical Review Research,1051,191,"Algorithms developed to solve many-body quantum problems, like tensor networks, can turn into powerful quantum-inspired tools to tackle issues in the classical domain. This work focuses on matrix product operators, a prominent numerical technique to study many-body quantum systems, especially in one dimension. It has been previously shown that such a tool can be used for classification, learning of deterministic sequence-to-sequence processes, and generic quantum processes. We further develop a matrix product operator algorithm to learn probabilistic sequence-to-sequence processes and apply this algorithm to probabilistic cellular automata. This new approach can accurately learn probabilistic cellular automata processes in different conditions, even when the process is a probabilistic mixture of different chaotic rules. In addition, we find that the ability to learn these dynamics is a function of the bitwise difference between the rules and whether one is much more likely than the other. Published by the American Physical Society 2024"
363,Leveraging pre-trained neural networks to enhance machine learning with variational quantum circuits,2411.08552v1,,consistent,arxiv,https://arxiv.org/abs/2411.08552v1,,,https://arxiv.org/pdf/2411.08552v1,,,,,1095,1095,"Quantum Machine Learning (QML) offers tremendous potential but is currently limited by the availability of qubits. We introduce an innovative approach that utilizes pre-trained neural networks to enhance Variational Quantum Circuits (VQC). This technique effectively separates approximation error from qubit count and removes the need for restrictive conditions, making QML more viable for real-world applications. Our method significantly improves parameter optimization for VQC while delivering notable gains in representation and generalization capabilities, as evidenced by rigorous theoretical analysis and extensive empirical testing on quantum dot classification tasks. Moreover, our results extend to applications such as human genome analysis, demonstrating the broad applicability of our approach. By addressing the constraints of current quantum hardware, our work paves the way for a new era of advanced QML applications, unlocking the full potential of quantum computing in fields such as machine learning, materials science, medicine, mimetics, and various interdisciplinary areas."
364,Markov chain Monte Carlo in tensor network representation,2412.02974v2,,consistent,arxiv,https://arxiv.org/abs/2412.02974v2,,,https://arxiv.org/pdf/2412.02974v2,,,,,1229,1229,"Markov chain Monte Carlo (MCMC) is a powerful tool for sampling from complex probability distributions. Despite its versatility, MCMC often suffers from strong autocorrelation and the negative sign problem, leading to slowing down the convergence of statistical error. We propose a novel MCMC formulation based on tensor network representations to reduce the population variance and mitigate these issues systematically. By introducing stochastic projectors into the tensor network framework and employing Markov chain sampling, our method eliminates the systematic error associated with low-rank approximation in tensor contraction while maintaining the high accuracy of the tensor network method. We demonstrate the effectiveness of the proposed method on the two-dimensional Ising model, achieving an exponential reduction in statistical error with increasing bond dimension cutoff. Furthermore, we address the sign problem in systems with negative weights, showing significant improvements in average signs as bond dimension cutoff increases. The proposed framework provides a robust solution for accurate statistical estimation in complex systems, paving the way for broader applications in computational physics and beyond."
365,An adaptive tensor-train decomposition approach for efficient deep neural network compression,2408.01534v3,,consistent,arxiv,https://arxiv.org/abs/2408.01534v3,,,https://arxiv.org/pdf/2408.01534v3,,,,,1391,1391,"In the field of model compression, choosing an appropriate rank for tensor decomposition is pivotal for balancing model compression rate and efficiency. However, this selection, whether done manually or through optimization-based automatic methods, often increases computational complexity. Manual rank selection lacks efficiency and scalability, often requiring extensive trial-and-error, while optimization-based automatic methods significantly increase the computational burden. To address this, we introduce a novel, automatic, and budget-aware rank selection method for efficient model compression, which employs Layer-Wise Imprinting Quantitation (LWIQ). LWIQ quantifies each layer's significance within a neural network by integrating a proxy classifier. This classifier assesses the layer's impact on overall model performance, allowing for a more informed adjustment of tensor rank. Furthermore, our approach includes a scaling factor to cater to varying computational budget constraints. This budget awareness eliminates the need for repetitive rank recalculations for different budget scenarios. Experimental results on the CIFAR-10 dataset show that our LWIQ improved by 63.2% in rank search efficiency, and the accuracy only dropped by 0.86% with 3.2x less model size on the ResNet-56 model as compared to the state-of-the-art proxy-based automatic tensor rank selection method."
366,Many-body localized hidden generative models,,10.1103/physrevresearch.6.043041,zero_hit,openalex,,https://doi.org/10.1103/physrevresearch.6.043041,link.aps.org,,,,,Physical Review Research,1036,188,"Quantum generative models hold the promise of accelerating or improving machine learning tasks by leveraging the probabilistic nature of quantum states, but the successful optimization of these models remains a difficult challenge. To tackle this challenge, we present a new architecture for quantum generative modeling that combines insights from classical machine learning and quantum phases of matter. In particular, our model utilizes both many-body localized (MBL) dynamics and hidden units to improve the optimization of the model. We demonstrate the applicability of our model on a diverse set of classical and quantum tasks, including a toy version of MNIST handwritten digits, quantum data obtained from quantum many-body states, and nonlocal parity data. Our architecture and algorithm provide novel strategies of utilizing quantum many-body systems as learning resources and reveal a powerful connection between disorder, interaction, and learning in quantum many-body systems. Published by the American Physical Society 2024"
370,Beyond Boundaries: efficient Projected Entangled Pair States methods for periodic quantum systems,2407.15333v1,,consistent,arxiv,https://arxiv.org/abs/2407.15333v1,,,https://arxiv.org/pdf/2407.15333v1,,,,,1166,1166,"Projected Entangled Pair States (PEPS) are recognized as a potent tool for exploring two-dimensional quantum many-body systems. However, a significant challenge emerges when applying conventional PEPS methodologies to systems with periodic boundary conditions (PBC), attributed to the prohibitive computational scaling with the bond dimension. This has notably restricted the study of systems with complex boundary conditions. To address this challenge, we have developed a strategy that involves the superposition of PEPS with open boundary conditions (OBC) to treat systems with PBC. This approach significantly reduces the computational complexity of such systems while maintaining their translational invariance and the PBC. We benchmark this method against the Heisenberg model and the $J_1$-$J_2$ model, demonstrating its capability to yield highly accurate results at low computational costs, even for large system sizes. The techniques are adaptable to other boundary conditions, including cylindrical and twisted boundary conditions, and therefore significantly expands the application scope of the PEPS approach, shining new light on numerous applications."
371,Enhancing Neural Language Models: A Comprehensive Approach With Tensorized Transformer and Over-Parameterization,,,no_identifier,,,,,,,,,,0,184,
372,Training Tensor Attention Efficiently: From Cubic to Almost Linear Time,2405.16411v3,,consistent,arxiv,https://arxiv.org/abs/2405.16411v3,,,https://arxiv.org/pdf/2405.16411v3,,,,,1104,1104,"Tensor Attention, a multi-view attention that is able to capture high-order correlations among multiple modalities, can overcome the representational limitations of classical matrix attention. However, the $O(n^3)$ time complexity of tensor attention poses a significant obstacle to its utilization in transformers, where $n$ is the input sequence length. In this work, we prove that the backward gradient of tensor attention training can be computed in almost linear time $n^{1+o(1)}$, the same complexity as its forward computation under the bounded entries assumption. We provide a closed-form solution for the gradient and propose a fast computation method utilizing polynomial approximation methods and tensor algebraic techniques. Furthermore, we prove the necessity and tightness of our assumption through hardness analysis, showing that slightly weakening it renders the gradient problem unsolvable in truly subcubic time. Our theoretical results establish the feasibility of efficient higher-order transformer training and may facilitate practical applications of tensor attention architectures."
377,Deep Learning and Tensor-Based Multiple Clustering Approaches for Cyber-Physical-Social Applications,,,no_identifier,,,,,,,,,,0,190,
378,Enhancing Generation Stability with Generative Matrix Product States in Adversarial Networks,,,no_identifier,,,,,,,,,,0,190,
379,Generating Quantum Circuits with Finetuned Pretrained Large Language Models,,,no_identifier,,,,,,,,,,0,181,
380,Tensor Mutual Information for Similarity Measurement of High-Dimensional Data: An Image Classification Perspective,,10.1007/978-981-96-6606-5_19,no_identifier,,,https://doi.org/10.1007/978-981-96-6606-5_19,link.springer.com,,,,,Lecture notes in computer science,0,189,
417,Quantum generative adversarial network based on the quantum Born machine,,,no_identifier,,,,,,,,,,0,180,
418,Tensor networks and efficient descriptions of classical data,,10.1103/physreva.111.032409,zero_hit,openalex,,https://doi.org/10.1103/physreva.111.032409,link.aps.org,,,,,Physical Review A,1180,190,"We investigate the potential of tensor-network-based machine-learning methods to scale to large image and text datasets. We study how the mutual information between a subregion and its complement scales with the subsystem size L , similarly to approaches used in quantum many-body physics. Using various mutual information (MI) estimation methods, including an autoregressive network-based estimator, we find that simple image datasets exhibit area law scaling, suggesting efficient representation by two-dimensional tensor networks. More complex image datasets exceed the area law, indicating the need for generalized tensor network states or hybrid models. For Wikipedia text data, we observe power-law scaling I ( L ) ∝ L ν with ν ≈ 0.82 , approaching a volume law. This implies that one-dimensional tensor networks with area law entanglement may not efficiently capture the structure of text. We introduce two models to reproduce this scaling: a quantum-inspired random pair toy model and a linguistically motivated Markovian dependency tree model. In the latter model, matching the observed MI scaling allows us to infer the word-word correlation length distribution in text."
419,Spin- Kagome Heisenberg Antiferromagnet: Machine Learning Discovery of the Spinon Pair-Density-Wave Ground State,,10.1103/physrevx.15.011047,truncated_snippet,openalex,,https://doi.org/10.1103/physrevx.15.011047,link.aps.org,,,,,Physical Review X,1661,194,"The spin- 1 / 2 kagome antiferromagnet (AFM) is one of the most studied models in frustrated magnetism since it is a promising candidate to host exotic spin-liquid states. However, despite numerous studies using both analytical and numerical approaches, the nature of the ground state and low-energy excitations in this system remains elusive. This challenge is related to the difficulty in determining the spin gap in various calculations. We present the results of our investigation of the kagome AFM using the recently developed group equivariant convolutional neural networks—a novel machine learning technique for studying strongly frustrated models. This approach, combined with variational Monte Carlo method, introduces significant improvement of the achievable results’ accuracy for frustrated spin systems in comparison with approaches based on other neural-network architectures. Contrary to the results obtained previously with various methods, which predicted Z 2 or U ( 1 ) Dirac spin-liquid states, our results strongly indicate that the ground state of the kagome lattice antiferromagnet is a spinon pair density wave that does not break time-reversal symmetry or any of the lattice symmetries. The state appears due to the spinon Cooper pairing instability close to two Dirac points in the spinon energy spectrum, and it resembles the pair density wave state studied previously in the context of underdoped cuprate superconductors in connection with the pseudogap phase. This state has significantly lower energy than the lowest-energy states found by the S U ( 2 ) symmetric density matrix renormalization group calculations and other methods."
420,Agent-q: fine-tuning large language models for quantum circuit generation and optimization,2504.11109v2,,zero_hit,arxiv,https://arxiv.org/abs/2504.11109v2,https://doi.org/10.1109/QCE65121.2025.00179,ieeexplore.ieee.org,https://arxiv.org/pdf/2504.11109v2,,,"2025 IEEE International Conference on Quantum Computing and Engineering (QCE), Albuquerque, NM, USA, 2025, pp. 1621-1632",,1741,187,"Large language models (LLMs) have achieved remarkable outcomes in complex problems, including math, coding, and analyzing large amounts of scientific reports. Yet, few works have explored the potential of LLMs in quantum computing. The most challenging problem is to leverage LLMs to automatically generate quantum circuits at a large scale. Fundamentally, the existing pre-trained LLMs lack the knowledge of quantum circuits. In this paper, we address this challenge by fine-tuning LLMs and injecting the domain-specific knowledge of quantum computing. We describe Agent-Q, an LLM fine-tuning system to generate and optimize quantum circuits. In particular, Agent-Q implements the mechanisms to generate training data sets and constructs an end-to-end pipeline to fine-tune pre-trained LLMs to generate parameterized quantum circuits for various optimization problems. Agent-Q provides 14,000 quantum circuits covering a large spectrum of the quantum optimization landscape: 12 optimization problem instances and their optimized QAOA, VQE, and adaptive VQE circuits. Based thereon, Agent-Q fine-tunes LLMs and constructs syntactically correct parametrized quantum circuits in OpenQASM 3.0. We have evaluated the quality of the LLM-generated circuits and parameters by comparing them to the optimized expectation values and distributions. Experimental results show superior performance of Agent-Q, compared to several state-of-the-art LLMs and better parameters than random. Agent-Q can be integrated into an agentic workflow, and the generated parametrized circuits with initial parameters can be used as a starting point for further optimization, e.g., as templates in quantum machine learning and as benchmarks for compilers and hardware."
421,Entanglement and the density matrix renormalization group in the generalized Landau paradigm,,,no_identifier,,,,,,,,,,0,1625,
422,Thermalization from quantum entanglement: Jet simulations in the massive Schwinger model,,10.1103/sgrx-jpp9,consistent,openalex,,https://doi.org/10.1103/sgrx-jpp9,link.aps.org,,,,,Physical review. D/Physical review. D.,803,803,"We investigate the emergence of thermalization in a quantum-field-theoretic model mimicking the production of jets in QCD: the massive lattice Schwinger model coupled to external sources. Specifically, we compute the expectation values of local operators as functions of time and compare them to their thermal counterparts, quantify the overlap between the evolving density matrix and the thermal one, and compare the dynamics of the energy-momentum tensor to predictions from relativistic hydrodynamics. Through these studies, we find that the system approaches thermalization at late times and elucidate the mechanisms by which quantum entanglement drives thermalization in closed field-theoretic systems. Our results show how thermodynamic behavior emerges in real time from unitary quantum dynamics."
423,Direct entanglement detection of quantum systems using machine learning,,,no_identifier,,,,,,,,,,0,183,
424,Tensor networks for explainable machine learning in cybersecurity,2401.00867,10.1016/j.neucom.2025.130211,zero_hit,arxiv,https://arxiv.org/abs/2401.00867,,,https://arxiv.org/pdf/2401.00867,,,"Neurocomputing, Volume 639, 28 July 2025, Article 130211",,834,182,"In this paper we show how tensor networks help in developing explainability of machine learning algorithms. Specifically, we develop an unsupervised clustering algorithm based on Matrix Product States (MPS) and apply it in the context of a real use-case of adversary-generated threat intelligence. Our investigation proves that MPS rival traditional deep learning models such as autoencoders and GANs in terms of performance, while providing much richer model interpretability. Our approach naturally facilitates the extraction of feature-wise probabilities, Von Neumann Entropy, and mutual information, offering a compelling narrative for classification of anomalies and fostering an unprecedented level of transparency and interpretability, something fundamental to understand the rationale behind artificial intelligence decisions."
425,A review of state-of-the-art techniques for large language model compression,,10.1007/s40747-025-02019-z,truncated_snippet,openalex,,https://doi.org/10.1007/s40747-025-02019-z,link.springer.com,https://link.springer.com/content/pdf/10.1007/s40747-025-02019-z.pdf,,,,Complex & Intelligent Systems,1772,186,"Abstract The rapid advancement of large language models (LLMs) has driven significant progress in natural language processing (NLP) and related domains. However, their deployment remains constrained by challenges related to computation, memory, and energy efficiency—particularly in real-world applications. This work presents a comprehensive review of state-of-the-art compression techniques, including pruning, quantization, knowledge distillation, and neural architecture search (NAS), which collectively aim to reduce model size, enhance inference speed, and lower energy consumption while maintaining performance. A robust evaluation framework is introduced, incorporating traditional metrics, such as accuracy and perplexity (PPL), alongside advanced criteria including latency-accuracy trade-offs, parameter efficiency, multi-objective Pareto optimization, and fairness considerations. This study further highlights trends and challenges, such as fairness-aware compression, robustness against adversarial attacks, and hardware-specific optimizations. Additionally, NAS-driven strategies are explored as a means to design task-aware, hardware-adaptive architectures that enhance LLM compression efficiency. Hybrid and adaptive methods are also examined to dynamically optimize computational efficiency across diverse deployment scenarios. This work not only synthesizes recent advancements and identifies open problems but also proposes a structured research roadmap to guide the development of efficient, scalable, and equitable LLMs. By bridging the gap between compression research and real-world deployment, this study offers actionable insights for optimizing LLMs across a range of environments, including mobile devices and large-scale cloud infrastructures."
426,Compressing neural networks using tensor networks with exponentially fewer variational parameters,,10.34133/icomputing.0123,zero_hit,openalex,,https://doi.org/10.34133/icomputing.0123,spj.science.org,https://spj.science.org/doi/pdf/10.34133/icomputing.0123?download=true,,,,Intelligent Computing,1498,184,"The neural network (NN) designed for challenging machine learning tasks is in general a highly nonlinear mapping that contains numerous variational parameters. The complexity of NNs, if unbounded or unconstrained, might unpredictably cause severe issues including overfitting, loss of generalization power, and excessive cost of hardware. In this study, we propose a general compression scheme that considerably reduces the variational parameters of NNs, regardless of their specific types (linear, convolutional, etc.), by encoding them into deep automatically differentiable tensor networks (ADTNs) that contain exponentially fewer free parameters. The superior compression performance of our scheme is demonstrated on several widely recognized NNs (FC-2, LeNet-5, AlexNet, ZFNet, and VGG-16) and datasets (MNIST, CIFAR-10, and CIFAR-100). For instance, we compress 2 linear layers in VGG-16 with approximately 10 7 parameters to 2 ADTNs with only 424 parameters, improving the testing accuracy on CIFAR-10 from 90.17% to 91.74%. We argue that the deep structure of the ADTN is an essential reason for its remarkable compression performance compared to existing compression schemes, which are mainly based on tensor decompositions/factorization and shallow TNs. Our study suggests that the deep TN is an exceptionally efficient mathematical structure for representing the variational parameters of NNs, one that exhibits better compressibility than the commonly used matrices and multiway arrays."
427,Fermionic born machines: Classical training of quantum generative models based on fermion sampling,2511.13844v1,,consistent,arxiv,https://arxiv.org/abs/2511.13844v1,,,https://arxiv.org/pdf/2511.13844v1,,,,,1408,1408,"Quantum generative learning is a promising application of quantum computers, but faces several trainability challenges, including the difficulty in experimental gradient estimations. For certain structured quantum generative models, however, expectation values of local observables can be efficiently computed on a classical computer, enabling fully classical training without quantum gradient evaluations. Although training is classically efficient, sampling from these circuits is still believed to be classically hard, so inference must be carried out on a quantum device, potentially yielding a computational advantage. In this work, we introduce Fermionic Born Machines as an example of such classically trainable quantum generative models. The model employs parameterized magic states and fermionic linear optical (FLO) transformations with learnable parameters. The training exploits a decomposition of the magic states into Gaussian operators, which permits efficient estimation of expectation values. Furthermore, the specific structure of the ansatz induces a loss landscape that exhibits favorable characteristics for optimization. The FLO circuits can be implemented, via fermion-to-qubit mappings, on qubit architectures to sample from the learned distribution during inference. Numerical experiments on systems up to 160 qubits demonstrate the effectiveness of our model and training framework."
428,Quantum large language model fine-tuning,2504.08732v1,,consistent,arxiv,https://arxiv.org/abs/2504.08732v1,,,https://arxiv.org/pdf/2504.08732v1,,,,,1165,1161,"We introduce a hybrid quantum-classical deep learning architecture for large language model fine-tuning. The classical portion of the architecture is a sentence transformer that is powerful enough to display significant accuracy for complex tasks such as sentiment prediction. The quantum portion of the architecture consists of parameterized quantum circuits that utilize long-range connections between qubits. We analyze the performance of the hybrid models for various settings of hyperparameters, including the number of qubits, the depth of the quantum circuits, learning rate, number of re-uploading steps, etc. Based on a screening study of main effects, we show an overall improvement in prediction accuracy over a comparable classical baseline, with a trend of increasing accuracy with number of qubits. We observe up to $3.14\%$ improvements in accuracy over classical architectures of comparable model size, within the set of hyperparameters probed in this study. We demonstrate the contribution of each module in our architecture through ablation studies. Our studies are based on finite shot-counts and include simulations based on noisy quantum gates."
429,A matrix product state model for simultaneous classification and generation,,10.1007/s42484-025-00272-6,truncated_snippet,openalex,,https://doi.org/10.1007/s42484-025-00272-6,link.springer.com,https://link.springer.com/content/pdf/10.1007/s42484-025-00272-6.pdf,,,,Quantum Machine Intelligence,1352,187,"Abstract Quantum machine learning (QML) is a rapidly expanding field that merges the principles of quantum computing with the techniques of machine learning. One of the powerful mathematical frameworks in this domain is tensor networks. These networks are used to approximate high-order tensors by contracting tensors with lower ranks. Initially developed for simulating quantum systems, tensor networks have become integral to quantum computing and, by extension, to QML. Drawing inspiration from these quantum methods, specifically the Matrix Product States (MPS), we apply them in a classical machine learning setting. Their ability to efficiently represent and manipulate complex, high-dimensional data makes them effective in a supervised learning framework. Here, we present an MPS model, in which the MPS functions as both a classifier and a generator. The dual functionality of this novel MPS model permits a strategy that enhances the traditional training of supervised MPS models. This framework is inspired by generative adversarial networks and is geared towards generating more realistic samples by reducing outliers. In addition, our contributions offer insights into the mechanics of tensor network methods for generation tasks. Specifically, we discuss alternative embedding functions and a new sampling method from non-normalized MPSs."
430,Application of large language models to quantum state simulation,2410.06629,10.1007/s11433-024-2598-y,partial,arxiv,https://arxiv.org/abs/2410.06629,https://doi.org/10.1007/s11433-024-2598-y,link.springer.com,https://arxiv.org/pdf/2410.06629,,,,Science China Physics Mechanics and Astronomy,1299,187,"Quantum computers leverage the unique advantages of quantum mechanics to achieve acceleration over classical computers for certain problems. Currently, various quantum simulators provide powerful tools for researchers, but simulating quantum evolution with these simulators often incurs high time costs. Additionally, resource consumption grows exponentially as the number of quantum bits increases. To address this issue, our research aims to utilize Large Language Models (LLMs) to simulate quantum circuits. This paper details the process of constructing 1-qubit and 2-qubit quantum simulator models, extending to multiple qubits, and ultimately implementing a 3-qubit example. Our study demonstrates that LLMs can effectively learn and predict the evolution patterns among quantum bits, with minimal error compared to the theoretical output states. Even when dealing with quantum circuits comprising an exponential number of quantum gates, LLMs remain computationally efficient. Overall, our results highlight the potential of LLMs to predict the outputs of complex quantum dynamics, achieving speeds far surpassing those required to run the same process on a quantum computer. This finding provides new insights and tools for applying machine learning methods in the field of quantum computing."
431,Simulating quantum circuits using the multi-scale entanglement renormalization ansatz,,10.1103/physrevresearch.7.013063,zero_hit,openalex,,https://doi.org/10.1103/physrevresearch.7.013063,link.aps.org,http://link.aps.org/pdf/10.1103/PhysRevResearch.7.013063,,,,Physical Review Research,1024,182,"Understanding the limiting capabilities of classical methods in simulating complex quantum systems is of paramount importance for quantum technologies. Although many advanced approaches have been proposed and recently used to challenge quantum advantage experiments, novel efficient methods for the approximate simulation of complex quantum systems are still in high demand. Here, we propose a scalable technique for approximate simulations of intermediate-size quantum circuits on the basis of the multi-scale entanglement renormalization ansatz (MERA) and Riemannian optimization. The MERA is a tensor network, whose geometry together with orthogonality constraints imposed on its tensors allow approximating many-body quantum states lying beyond the area-law scaling of the entanglement entropy. We benchmark the proposed technique for brick-wall quantum circuits of up to 243 qubits with various depths up to 20 layers. Our approach paves a way to exploring efficient simulation techniques for quantum many-body systems."
432,Steps: sequential probability tensor estimation for text-to-image hard prompt search,,,no_identifier,,,,,,,,,,0,1380,
433,Matrix product states as observations of entangled hidden Markov models: A. Souissi,2502.12641v1,10.1007/s10955-025-03472-3,consistent,arxiv,https://arxiv.org/abs/2502.12641v1,https://doi.org/10.1007/s10955-025-03472-3,link.springer.com,https://arxiv.org/pdf/2502.12641v1,,,,Journal of Statistical Physics,827,184,"This paper reveals the intrinsic structure of Matrix Product States (MPS) by establishing their deep connection to entangled hidden Markov models (EHMMs). It is demonstrated that a significant class of MPS can be derived as the outcomes of EHMMs, showcasing their underlying quantum correlations. Additionally, a lower bound is derived for the relative entropy between the EHMM-observation process and the corresponding MPS, providing a quantitative measure of their informational divergence. Conversely, it is shown that every MPS is naturally associated with an EHMM, further highlighting the interplay between these frameworks. These results are supported by illustrative examples from quantum information, emphasizing their importance in understanding entanglement, quantum correlations, and tensor network representations."
434,Sequence processing with quantum-inspired tensor networks,,,no_identifier,,,,,,,,,,0,183,
435,Tensor tree learns hidden relational structures in data to construct generative models,2408.10669,10.1088/2632-2153/adc2c7,partial,arxiv,https://arxiv.org/abs/2408.10669,https://doi.org/10.1088/2632-2153/adc2c7/meta,,https://arxiv.org/pdf/2408.10669,,,Mach. Learn.: Sci. Technol. 6 025002 (2025),,895,185,"Based on the tensor tree network with the Born machine framework, we propose a general method for constructing a generative model by expressing the target distribution function as the amplitude of the quantum wave function represented by a tensor tree. The key idea is dynamically optimizing the tree structure that minimizes the bond mutual information. The proposed method offers enhanced performance and uncovers hidden relational structures in the target data. We illustrate potential practical applications with four examples: (i) random patterns, (ii) QMNIST handwritten digits, (iii) Bayesian networks, and (iv) the pattern of stock price fluctuation pattern in S&P500. In (i) and (ii), the strongly correlated variables were concentrated near the center of the network; in (iii), the causality pattern was identified; and in (iv), a structure corresponding to the eleven sectors emerged."
436,Trawl: Tensor reduced and approximated weights for large language models,2406.17261v3,10.1007/978-981-96-8298-0_32,zero_hit,arxiv,https://arxiv.org/abs/2406.17261v3,https://doi.org/10.1007/978-981-96-8298-0_32,link.springer.com,https://arxiv.org/pdf/2406.17261v3,,,,Lecture notes in computer science,965,182,"Recent research has shown that pruning large-scale language models for inference is an effective approach to improving model efficiency, significantly reducing model weights with minimal impact on performance. Interestingly, pruning can sometimes even enhance accuracy by removing noise that accumulates during training, particularly through matrix decompositions. However, recent work has primarily focused on single matrix decompositions or lower precision techniques, which may fail to fully capture structural patterns. To address these limitations, we introduce TRAWL (Tensor Reduced and Approximated Weights for Large Language Models), a technique that applies tensor decomposition across multiple weight matrices to effectively denoise LLMs by capturing global structural patterns. Our experiments show that TRAWL improves model performance by up to 16% over baseline models on benchmark datasets, without requiring additional data, training, or fine-tuning."
437,Embedding of tree tensor networks into shallow quantum circuits,2501.18856v1,,consistent,arxiv,https://arxiv.org/abs/2501.18856v1,,,https://arxiv.org/pdf/2501.18856v1,,,,,1356,1356,"Variational Quantum Algorithms (VQAs) are being highlighted as key quantum algorithms for demonstrating quantum advantage on Noisy Intermediate-Scale Quantum (NISQ) devices, which are limited to executing shallow quantum circuits because of noise. However, the barren plateau problem, where the gradient of the loss function becomes exponentially small with system size, hinders this goal. Recent studies suggest that embedding tensor networks into quantum circuits and initializing the parameters can avoid the barren plateau. Yet, embedding tensor networks into quantum circuits is generally difficult, and methods have been limited to the simplest structure, Matrix Product States (MPSs). This study proposes a method to embed Tree Tensor Networks (TTNs), characterized by their hierarchical structure, into shallow quantum circuits. TTNs are suitable for representing two-dimensional systems and systems with long-range correlations, which MPSs are inadequate for representing. Our numerical results show that embedding TTNs provides better initial quantum circuits than MPS. Additionally, our method has a practical computational complexity, making it applicable to a wide range of TTNs. This study is expected to extend the application of VQAs to two-dimensional systems and those with long-range correlations, which have been challenging to utilize."
438,Optimizing ansatz design in quantum generative adversarial networks using large language models,2503.12884v1,,consistent,arxiv,https://arxiv.org/abs/2503.12884v1,,,https://arxiv.org/pdf/2503.12884v1,,,,,617,617,"We present a novel approach for improving the design of ansatzes in Quantum Generative Adversarial Networks (qGANs) by leveraging Large Language Models (LLMs). By combining the strengths of LLMs with qGANs, our approach iteratively refines ansatz structures to improve accuracy while reducing circuit depth and the number of parameters. This study paves the way for further exploration in AI-driven quantum algorithm design. The flexibility of our proposed workflow extends to other quantum variational algorithms, providing a general framework for optimizing quantum circuits in a variety of quantum computing tasks."
439,Bridging classical and quantum computing for next-generation language models,,,no_identifier,,,,,,,,,,0,191,
441,Compact lossy compression of tensors via neural tensor-train decomposition: T. Kwon et al.,,10.1007/s10115-024-02252-x,zero_hit,openalex,,https://doi.org/10.1007/s10115-024-02252-x,link.springer.com,https://link.springer.com/content/pdf/10.1007/s10115-024-02252-x.pdf,https://github.com/kbrother/TensorCodec,,,Knowledge and Information Systems,1779,188,"Abstract Many real-world datasets are represented as tensors, i.e., multi-dimensional arrays of numerical values. Storing them without compression often requires substantial space, which grows exponentially with the order. While many tensor compression algorithms are available, many of them rely on strong data assumptions regarding its order, sparsity, rank, and smoothness. In this work, we propose TensorCodec, a lossy compression algorithm for general tensors that do not necessarily adhere to strong input data assumptions.TensorCodec incorporates three key ideas. The first idea is neural tensor-train decomposition (NTTD) where we integrate a recurrent neural network into Tensor-Train Decomposition to enhance its expressive power and alleviate the limitations imposed by the low-rank assumption. Another idea is to fold the input tensor into a higher-order tensor to reduce the space required by NTTD. Finally, the mode indices of the input tensor are reordered to reveal patterns that can be exploited by NTTD for improved approximation. In addition, we extend TensorCodec to enable the lossy compression of tensors with missing entries, often found in real-world datasets. Our analysis and experiments on 8 real-world datasets demonstrate that TensorCodec is (a) Concise: it gives up to $$7.38 \times $$ 7.38 × more compact compression than the best competitor with similar reconstruction error, (b) Accurate: given the same budget for compressed size, it yields up to $$3.33\times $$ 3.33 × more accurate reconstruction than the best competitor, (c) Scalable: Its empirical compression time is linear in the number of tensor entries, and it reconstructs each entry in logarithmic time. Our code and datasets are available at https://github.com/kbrother/TensorCodec ."
442,Deep tree tensor networks,2502.09928v3,,consistent,arxiv,https://arxiv.org/abs/2502.09928v3,,,https://arxiv.org/pdf/2502.09928v3,https://github.com/NieCha/deep_tree_tensor_network,,,,1433,1433,"Originating in quantum physics, tensor networks (TNs) have been widely adopted as exponential machines and parametric decomposers for recognition tasks. Typical TN models, such as Matrix Product States (MPS), have not yet achieved successful application in natural image recognition. When employed, they primarily serve to compress parameters within pre-existing networks, thereby losing their distinctive capability to capture exponential-order feature interactions. This paper introduces a novel architecture named \textit{\textbf{D}eep \textbf{T}ree \textbf{T}ensor \textbf{N}etwork} (DTTN), which captures $2^L$-order multiplicative interactions across features through multilinear operations, while essentially unfolding into a \emph{tree}-like TN topology with the parameter-sharing property. DTTN is stacked with multiple antisymmetric interaction modules (AIMs), and this design facilitates efficient implementation. Furthermore, our theoretical analysis demonstrates the equivalence between quantum-inspired TN models and polynomial/multilinear networks under specific conditions. We posit that the DTTN could catalyze more interpretable research within this field. The proposed model is evaluated across multiple benchmarks and domains, demonstrating superior performance compared to both peer methods and state-of-the-art architectures. Our code is publicly available at https://github.com/NieCha/deep_tree_tensor_network."
443,Discrete generative diffusion models without stochastic differential equations: A tensor network approach,,10.1103/physreve.111.025302,zero_hit,openalex,,https://doi.org/10.1103/physreve.111.025302,link.aps.org,,,,,Physical review. E,1238,187,"Diffusion models (DMs) are a class of generative machine learning methods that sample a target distribution by transforming samples of a trivial (often Gaussian) distribution using a learned stochastic differential equation. In standard DMs, this is done by learning a ""score function"" that reverses the effect of adding diffusive noise to the distribution of interest. Here we consider the generalisation of DMs to lattice systems with discrete degrees of freedom, and where noise is added via Markov chain jump dynamics. We show how to use tensor networks (TNs) to efficiently define and sample such ""discrete diffusion models"" (DDMs) without explicitly having to solve a stochastic differential equation. We show the following: (i) by parametrising the data and evolution operators as TNs, the denoising dynamics can be represented exactly; (ii) the auto-regressive nature of TNs allows to generate samples efficiently and without bias; (iii) for sampling Boltzmann-like distributions, TNs allow to construct an efficient learning scheme that integrates well with Monte Carlo. We illustrate this approach to study the equilibrium of two models with non-trivial thermodynamics, the d=1 constrained Fredkin chain and the d=2 Ising model."
444,Efficient projected entangled pair states methods for periodic quantum systems,,10.1103/fvq2-msr4,consistent,openalex,,https://doi.org/10.1103/fvq2-msr4,link.aps.org,,,,,Physical Review Letters,1250,177,"Projected entangled pair states (PEPS) are recognized as a potent tool for exploring two-dimensional quantum many-body systems. However, a significant challenge emerges when applying conventional PEPS methodologies to systems with periodic boundary conditions (PBCs), attributed to the prohibitive computational scaling with the bond dimension. This has notably restricted the study of systems with complex boundary conditions. To address this challenge, we have developed a strategy that involves the superposition of PEPS with open boundary conditions (OBCs) to treat systems with PBCs. This approach significantly reduces the computational complexity of such systems while maintaining their translational invariance and the PBCs. We benchmark this method against the Heisenberg model and the J_{1}-J_{2} model, demonstrating its capability to yield highly accurate results at low computational costs, even for large system sizes. We further apply the method to study the Chern numbers of the hard-core Harper-Hofstadter model at different filling factors using twisted boundary conditions. This advancement significantly broadens the applicability of the PEPS approach, opening new avenues for studying a wide range of quantum many-body phenomena."
445,Fieldformer: Self-supervised reconstruction of physical fields via tensor attention prior,2506.11629v1,,partial,arxiv,https://arxiv.org/abs/2506.11629v1,,,https://arxiv.org/pdf/2506.11629v1,,,,,1636,189,"Reconstructing physical field tensors from \textit{in situ} observations, such as radio maps and ocean sound speed fields, is crucial for enabling environment-aware decision making in various applications, e.g., wireless communications and underwater acoustics. Field data reconstruction is often challenging, due to the limited and noisy nature of the observations, necessitating the incorporation of prior information to aid the reconstruction process. Deep neural network-based data-driven structural constraints (e.g., ``deeply learned priors'') have showed promising performance. However, this family of techniques faces challenges such as model mismatches between training and testing phases. This work introduces FieldFormer, a self-supervised neural prior learned solely from the limited {\it in situ} observations without the need of offline training. Specifically, the proposed framework starts with modeling the fields of interest using the tensor Tucker model of a high multilinear rank, which ensures a universal approximation property for all fields. In the sequel, an attention mechanism is incorporated to learn the sparsity pattern that underlies the core tensor in order to reduce the solution space. In this way, a ``complexity-adaptive'' neural representation, grounded in the Tucker decomposition, is obtained that can flexibly represent various types of fields. A theoretical analysis is provided to support the recoverability of the proposed design. Moreover, extensive experiments, using various physical field tensors, demonstrate the superiority of the proposed approach compared to state-of-the-art baselines."
446,Improving the accuracy of the tree-tensor network approach by optimization of network structure,2501.15514v2,10.1103/ljj8-tkpc,zero_hit,openalex,https://arxiv.org/abs/2501.15514v2,https://doi.org/10.1103/ljj8-tkpc,link.aps.org,https://arxiv.org/pdf/2501.15514v2,,,"Phys. Rev. B 112, 134427 (2025)",Physical review. B./Physical review. B,1723,189,"Numerical methods based on tensor networks have been extensively explored in the research of quantum many-body systems in recent years. It has been recognized that the ability of tensor networks to describe a quantum many-body state crucially depends on the spatial structure of the network. In the previous work [T. Hikihara et al., Phys. Rev. Res. 5, 013031 (2023)], we proposed an algorithm based on tree-tensor networks (TTNs) that automatically optimizes the structure of a TTN according to the spatial profile of entanglement in the state of interest. In this paper, we apply the algorithm to the random $\mathit{XY}$-exchange model under random magnetic fields and the Richardson model in order to analyze how the performance of the algorithm depends on the detailed updating schemes of the structural optimization. We then find that for the random $\mathit{XY}$ model, on the one hand, the algorithm achieves improved accuracy, and the stochastic algorithm, which selects the local network structure probabilistically, is notably effective. For the Richardson model, on the other hand, the resulting numerical accuracy subtly depends on the initial TTN and the updating schemes. In particular, the algorithm without the stochastic updating scheme certainly improves the accuracy, while the one with the stochastic updates results in poor accuracy due to the effect of randomizing the network structure at the early stage of the calculation. These results indicate that the algorithm successfully improves the accuracy of the numerical calculations for quantum many-body states, while it is essential to appropriately choose the updating scheme as well as the initial TTN structure, depending on the systems treated."
447,Programming quantum computers with large language models,2506.18125v1,10.1117/12.3049666.short,truncated_snippet,arxiv,https://arxiv.org/abs/2506.18125v1,https://doi.org/10.1117/12.3049666.short,,https://arxiv.org/pdf/2506.18125v1,,,,,1534,183,"Large language models (LLMs) promise transformative change to fields as diverse as medical diagnosis, legal services, and software development. One reason for such an impact is LLMs' ability to make highly technical endeavors more accessible to a broader audience. Accessibility has long been a goal for the growing fields of quantum computing, informatics, and engineering, especially as more quantum systems become publicly available via cloud interfaces. Between programming quantum computers and using LLMs, the latter seems the more accessible task: while leveraging an LLM's fullest potential requires experience with prompt engineering, any literate person can provide queries and read responses. By contrast, designing and executing quantum programs -- outside of those available online -- requires significant background knowledge, from selection of operations for algorithm implementation to configuration choices for particular hardware specifications and providers. Current research is exploring LLM utility for classical software development, but there has been relatively little investigation into the same for quantum programming. Consequently, this work is a first look at how well an uncustomized, publicly available LLM can write straightforward quantum circuits. We examine how well OpenAI's ChatGPT (GPT-4) can write quantum circuits for two hardware providers: the superconducting qubit machines of IBM and the photonic devices of Xanadu. We find that ChatGPT currently fares substantially better with the former."
448,Entanglement across scales: Quantics tensor trains as a natural framework for renormalization,,10.1103/qlrs-6f8t,consistent,openalex,,https://doi.org/10.1103/qlrs-6f8t,link.aps.org,,,,,Physical Review Research,1366,1366,"Understanding entanglement remains one of the most intriguing problems in physics. While particle and site entanglement have been studied extensively, the investigation of length- or energy-scale entanglement—quantifying the information exchange between different length scales—has received far less attention. Here, we identify the quantics tensor train (QTT) technique, a matrix product state-inspired approach for overcoming computational bottlenecks in resource-intensive numerical calculations, as a renormalization group method by analytically expressing an exact cyclic reduction-based real-space renormalization scheme in QTT language, which serves as a natural formalism for the method. In doing so, we precisely match the QTT bond dimension—a measure of length-scale entanglement—to the number of rescaled couplings generated in each coarse-graining renormalization step. While QTTs have so far been applied almost exclusively to numerical problems in physics, our analytical calculations demonstrate that they are also powerful tools for mitigating computational costs in semianalytical treatments. We present our results for the one-dimensional tight-binding model with n th -nearest-neighbor hopping, where the 2 n rescaled couplings generated in the renormalization procedure precisely match the QTT bond dimension of the one-particle Green's function."
449,Deep tensor decomposition: A survey,,,no_identifier,,,,,,,,,,0,188,
450,Scalable quantum state preparation via large-language-model-driven discovery,2505.06347v2,,consistent,arxiv,https://arxiv.org/abs/2505.06347v2,,,https://arxiv.org/pdf/2505.06347v2,,,,,1155,1155,"Efficient quantum state preparation remains a central challenge in first-principles quantum simulations of dynamics in quantum field theories, where the Hilbert space is intrinsically infinite-dimensional. Here, we introduce a large language model (LLM)-assisted framework for quantum-circuit design that systematically scales state-preparation circuits to large lattice volumes. Applied to a 1+1d XY spin chain, the LLM autonomously discovers a compact 4-parameter circuit that captures boundary-induced symmetry breaking with sub-percent energy deviation, enabling successful validation on the \texttt{Zuchongzhi} quantum processor. Guided by this insight, we extend the framework to 2+1d quantum field theories, where scalable variational ansätze have remained elusive. For a scalar field theory, the search yields a symmetry-preserving, 3-parameter shallow-depth ansatz whose optimized parameters converge to size-independent constants for lattices $n \ge 4$, providing, to our knowledge, the first scalable ansatz for this class of 2+1d models. Our results establish a practical route toward AI-assisted, human-guided discovery in quantum simulation."
451,Sequential learning on a tensor network Born machine with trainable token embedding,,10.1088/2632-2153/adde29,zero_hit,crossref,,https://doi.org/10.1088/2632-2153/adde29/meta,,,,,Machine Learning: Science and Technology,,1289,190,"Abstract Generative models aim to learn the probability distributions underlying data, enabling the generation of new, realistic samples. Quantum-inspired generative models, such as Born machines based on the matrix product state (MPS) framework, have demonstrated remarkable capabilities in unsupervised learning tasks. This study advances the Born machine paradigm by introducing trainable token embeddings through positive operator-valued measurements (POVMs), replacing the traditional approach of static tensor indices. Key technical innovations include encoding tokens as quantum measurement operators with trainable parameters and leveraging QR decomposition to adjust the physical dimensions of the MPS. This approach maximizes the utilization of operator space and enhances the model’s expressiveness. Empirical results on RNA data demonstrate that the proposed method significantly reduces negative log-likelihood compared to one-hot embeddings, with higher physical dimensions further enhancing single-site probabilities and multi-site correlations. The model also outperforms GPT-2 in single-site estimation and achieves competitive correlation modeling, showcasing the potential of trainable POVM embeddings for complex data correlations in quantum-inspired sequence modeling."
452,Regularized second-order optimization of tensor-network Born machines,2501.18691v2,,consistent,arxiv,https://arxiv.org/abs/2501.18691v2,,,https://arxiv.org/pdf/2501.18691v2,,,,,1407,1407,"Tensor-network Born machines (TNBMs) are quantum-inspired generative models for learning data distributions. Using tensor-network contraction and optimization techniques, the model learns an efficient representation of the target distribution, capable of capturing complex correlations with a compact parameterization. Despite their promise, the optimization of TNBMs presents several challenges. A key bottleneck of TNBMs is the logarithmic nature of the loss function commonly used for this problem. The single-tensor logarithmic optimization problem cannot be solved analytically, necessitating an iterative approach that slows down convergence and increases the risk of getting trapped in one of many non-optimal local minima. In this paper, we present an improved second-order optimization technique for TNBM training, which significantly enhances convergence rates and the quality of the optimized model. Our method employs a modified Newton's method on the manifold of normalized states, incorporating regularization of the loss landscape to mitigate local minima issues. We demonstrate the effectiveness of our approach by training a one-dimensional matrix product state (MPS) on both discrete and continuous datasets, showcasing its advantages in terms of stability and efficiency, and demonstrating its potential as a robust and scalable approach for optimizing quantum-inspired generative models."
453,TensorSLM: Energy-efficient embedding compression of sub-billion parameter language models on low-end devices,2506.13514v1,,consistent,arxiv,https://arxiv.org/abs/2506.13514v1,,,https://arxiv.org/pdf/2506.13514v1,,,,,1246,1246,"Small Language Models (SLMs, or on-device LMs) have significantly fewer parameters than Large Language Models (LLMs). They are typically deployed on low-end devices, like mobile phones and single-board computers. Unlike LLMs, which rely on increasing model size for better generalisation, SLMs designed for edge applications are expected to have adaptivity to the deployment environments and energy efficiency given the device battery life constraints, which are not addressed in datacenter-deployed LLMs. This paper addresses these two requirements by proposing a training-free token embedding compression approach using Tensor-Train Decomposition (TTD). Each pre-trained token embedding vector is converted into a lower-dimensional Matrix Product State (MPS). We comprehensively evaluate the extracted low-rank structures across compression ratio, language task performance, latency, and energy consumption on a typical low-end device, i.e. Raspberry Pi. Taking the sub-billion parameter versions of GPT-2/Cerebres-GPT and OPT models as examples, our approach achieves a comparable language task performance to the original model with around $2.0\times$ embedding layer compression, while the energy consumption of a single query drops by half."
454,Tree Tensor Network Quantum-Classical Hybrid Neural Architecture for Efficient Data Classification,,,no_identifier,,,,,,,,,,0,190,
455,Compositional Concept Generalization with Variational Quantum Circuits,2509.09541v1,,zero_hit,arxiv,https://arxiv.org/abs/2509.09541v1,,,https://arxiv.org/pdf/2509.09541v1,,,,,956,193,"Compositional generalization is a key facet of human cognition, but lacking in current AI tools such as vision-language models. Previous work examined whether a compositional tensor-based sentence semantics can overcome the challenge, but led to negative results. We conjecture that the increased training efficiency of quantum models will improve performance in these tasks. We interpret the representations of compositional tensor-based models in Hilbert spaces and train Variational Quantum Circuits to learn these representations on an image captioning task requiring compositional generalization. We used two image encoding techniques: a multi-hot encoding (MHE) on binary image vectors and an angle/amplitude encoding on image vectors taken from the vision-language model CLIP. We achieve good proof-of-concept results using noisy MHE encodings. Performance on CLIP image vectors was more mixed, but still outperformed classical compositional models."
456,Initialization and training of matrix product state probabilistic models,2505.06419v1,,consistent,arxiv,https://arxiv.org/abs/2505.06419v1,,,https://arxiv.org/pdf/2505.06419v1,,,,,1408,1408,"Modeling probability distributions via the wave function of a quantum state is central to quantum-inspired generative modeling and quantum state tomography (QST). We investigate a common failure mode in training randomly initialized matrix product states (MPS) using gradient descent. The results show that the trained MPS models do not accurately predict the strong interactions between boundary sites in periodic spin chain models. In the case of the Born machine algorithm, we further identify a causality trap, where the trained MPS models resemble causal models that ignore the non-local correlations in the true distribution. We propose two complementary strategies to overcome the training failure -- one through optimization and one through initialization. First, we develop a natural gradient descent (NGD) method, which approximately simulates the gradient flow on tensor manifolds and significantly enhances training efficiency. Numerical experiments show that NGD avoids local minima in both Born machines and in general MPS tomography. Remarkably, we show that NGD with line search can converge to the global minimum in only a few iterations. Second, for the BM algorithm, we introduce a warm-start initialization based on the TTNS-Sketch algorithm. We show that gradient descent under a warm initialization does not encounter the causality trap and admits rapid convergence to the ground truth."
457,Representation theorems for matrix product states,2103.08277v1,10.1137/24m172010x,truncated_snippet,openalex,https://arxiv.org/abs/2103.08277v1,https://doi.org/10.1137/24m172010x,epubs.siam.org,https://arxiv.org/pdf/2103.08277v1,,,SIAM Journal on Mathematics of Data Science 7 (2025) 1690-1704,SIAM Journal on Mathematics of Data Science,1272,186,"Abstract. In this work, we investigate the universal representational capacity of matrix product states (MPSs) in the context of Boolean and continuous functions. We show that MPSs can precisely realize arbitrary Boolean functions by presenting a constructive method for designing MPS representations of Boolean gates. Furthermore, we prove that the function space of MPSs, equipped with scale-invariant sigmoidal activation functions, is dense in the space of continuous functions on compact subsets of [Formula: see text]. By examining the connection between MPSs and neural networks (NNs), we establish that an MPS with scale-invariant sigmoidal activation is equivalent to a one-hidden-layer NN equipped with kernel functions. For specific MPS models, we construct equivalent NNs and show that nonlinear kernels, such as polynomial kernels coupling input components, arise naturally in these representations. Finally, we analyze the realization of Gaussian processes via infinitely wide MPSs, leveraging their equivalence to NNs. Our analysis of MPSs highlights the critical role of the kernel function in MPSs, as it encodes the correlations between different components of the input data. Its careful design directly influences the model’s representational capacity."
458,Saten: Sparse Augmented Tensor Networks for Post-Training Compression of Large Language Models.,,,no_identifier,,,,,,,,,,0,182,
459,Share Token Tensorized Attention Fusion: Enhancing Audio-Visual Emotion Recognition for Consumer Electronics,,,no_identifier,,,,,,,,,,0,1091,
460,Tensorized attention for understanding multi-object relationships,,,no_identifier,,,,,,,,,,0,186,
461,Towards robust scale-invariant mutual information estimators,,,no_identifier,,,,,,,,,,0,194,
463,Circuit partitioning using large language models for quantum compilation and simulations,2505.07711v1,,consistent,arxiv,https://arxiv.org/abs/2505.07711v1,,,https://arxiv.org/pdf/2505.07711v1,,,,,1413,1413,"We are in the midst of the noisy intermediate-scale quantum (NISQ) era, where quantum computers are limited by noisy gates, some of which are more error-prone than others and can render the final computation incomprehensible. Quantum circuit compilation algorithms attempt to minimize these noisy gates when mapping quantum algorithms onto quantum hardware but face computational challenges that restrict their application to circuits with no more than 5-6 qubits, necessitating the need to partition large circuits before the application of noisy quantum gate minimization algorithms. The existing generation of these algorithms is heuristic in nature and does not account for downstream gate minimization tasks. Large language models (LLMs) have the potential to change this and help improve quantum circuit partitions. This paper investigates the use of LLMs, such as Llama and Mistral, for partitioning quantum circuits by capitalizing on their abilities to understand and generate code, including QASM. Specifically, we teach LLMs to partition circuits using the quick partition approach of the Berkeley Quantum Synthesis Toolkit. Through experimental evaluations, we show that careful fine-tuning of open source LLMs enables us to obtain an accuracy of 53.4% for the partition task while over-the-shelf LLMs are unable to correctly partition circuits, using standard 1-shot and few-shot training approaches."
464,Compression of Convolutional Neural Networks Employing Tensor Train and High Dimensional Model Representation,,,no_identifier,,,,,,,,,,0,181,
465,Efficient Probabilistic Tensor Networks,2510.00382v1,,consistent,arxiv,https://arxiv.org/abs/2510.00382v1,,,https://arxiv.org/pdf/2510.00382v1,,,,,947,947,"Tensor networks (TNs) enable compact representations of large tensors through shared parameters. Their use in probabilistic modeling is particularly appealing, as probabilistic tensor networks (PTNs) allow for tractable computation of marginals. However, existing approaches for learning parameters of PTNs are either computationally demanding and not fully compatible with automatic differentiation frameworks, or numerically unstable. In this work, we propose a conceptually simple approach for learning PTNs efficiently, that is numerically stable. We show our method provides significant improvements in time and space complexity, achieving 10x reduction in latency for generative modeling on the MNIST dataset. Furthermore, our approach enables learning of distributions with 10x more variables than previous approaches when applied to a variety of density estimation benchmarks. Our code is publicly available at github.com/marawangamal/ptn."
466,Hybrid quantum transformer for language generation,2511.10653v1,,consistent,arxiv,https://arxiv.org/abs/2511.10653v1,,,https://arxiv.org/pdf/2511.10653v1,,,,,955,955,"Although quantum computing has been increasingly applied to replace classical computation, most existing quantum or hybrid models remain confined to simple tasks, with no successful application to large-scale natural language generation to date. In this work, we present the first hybrid quantum-classical large language model (LLM) for natural language generation, HyQuT, capable of performing coherent and context-aware dialogue. The proposed architecture integrates variational quantum circuits (VQCs) into the Transformer framework at both 8M and 150M parameter scales. Experimental results show that a minimal number of qubits (10 qubits with 80 quantum gates) can replace about 10% of the classical parameters in the 150M-parameter model, while achieving comparable convergence stability and generation quality. This study provides an early demonstration of the feasibility of integrating quantum computing to large-scale generative language models."
467,LLM-based code generation for optimized quantum circuits,,,no_identifier,,,,,,,,,,0,193,
468,Multilingual machine translation with quantum encoder decoder attention-based convolutional variational circuits,2505.09407v1,,consistent,arxiv,https://arxiv.org/abs/2505.09407v1,,,https://arxiv.org/pdf/2505.09407v1,,,,,1271,1271,"Cloud-based multilingual translation services like Google Translate and Microsoft Translator achieve state-of-the-art translation capabilities. These services inherently use large multilingual language models such as GRU, LSTM, BERT, GPT, T5, or similar encoder-decoder architectures with attention mechanisms as the backbone. Also, new age natural language systems, for instance ChatGPT and DeepSeek, have established huge potential in multiple tasks in natural language processing. At the same time, they also possess outstanding multilingual translation capabilities. However, these models use the classical computing realm as a backend. QEDACVC (Quantum Encoder Decoder Attention-based Convolutional Variational Circuits) is an alternate solution that explores the quantum computing realm instead of the classical computing realm to study and demonstrate multilingual machine translation. QEDACVC introduces the quantum encoder-decoder architecture that simulates and runs on quantum computing hardware via quantum convolution, quantum pooling, quantum variational circuit, and quantum attention as software alterations. QEDACVC achieves an Accuracy of 82% when trained on the OPUS dataset for English, French, German, and Hindi corpora for multilingual translations."
469,"Quantum Natural Language Processing: A Comprehensive Survey of Models, Architectures, and Evaluation Methods",,,no_identifier,,,,,,,,,,0,186,
470,Tensor-Based Compression of Neural Networks,,,no_identifier,,,,,,,,,,0,188,
472,Efficient Deep Generative Models for Spatial Networks via Spanning Tree Sampler,,10.1145/3774416,zero_hit,openalex,,https://doi.org/10.1145/3774416,dl.acm.org,,https://github.com/xguo7/SND-VAE,,,ACM Transactions on Knowledge Discovery from Data,1914,186,"In the big data era, spatial-network data has become increasingly important and popular in many real-world objects, ranging from micro-scale (e.g., molecule structures), to middle-scale (e.g., biological neural networks), to macro-scale (e.g., mobility networks). Spatial networks consist of nodes and edges that are embedded in a geometric space. Although, it is critical to model and understand the generative process of spatial networks, this task remains largely under-explored due to the significant difficulty in automatically modeling and distinguishing the dependency and relevance among various spatial and network semantic factors. In addition, containing both spatial and network information makes the modeling of spatial networks bear large time and memory cost, especially for large graphs. To address the aforementioned challenges, we first propose a novel objective for joint spatial-network disentangled representation learning from the perspective of information bottleneck as well as a novel progressive optimization algorithm to optimize the intractable objective. Based on this, a Spatial-Network Disentangled Variational Autoencoder (SND-VAE) is proposed to discover the independent and dependent latent factors of spatial and networks. To reduce the time complexity, an efficient version SND-VAE-light is proposed, which is based on a novel Efficient Spatial-Network Message Passing Neural Network (ES-MPNN). Qualitative and quantitative experiments on both synthetic and real-world datasets with various scales of graph size demonstrate the superiority of the proposed model over the state-of-the-arts by up to 66.9% for graph generation and 37.3% for interpretability. In addition, the ES-MPNN is also proved to reduce the time complexity of the encoder in the generative model from cubic to linear growth (The implementation of this work can be found at https://github.com/xguo7/SND-VAE )."
473,KARIPAP: Quantum-Inspired Tensor Network Compression of Large Language Models Using Infinite Projected Entangled Pair St,2510.21844v1,,consistent,arxiv,https://arxiv.org/abs/2510.21844v1,,,https://arxiv.org/pdf/2510.21844v1,,,,,1242,1242,"Large Language Models (LLMs) like ChatGPT and LLaMA drive rapid progress in generative AI, yet their huge parameter scales create severe computational and environmental burdens. High training costs, energy use, and limited device deployment hinder accessibility. Existing compression - pruning, distillation, low-rank, and quantization - reduces size but ignores complex inter-layer correlations. We propose KARIPAP, a quantum-inspired tensor network compression using Infinite Projected Entangled Pair States (iPEPS) and Tensor Renormalization Group (TRG) contraction. Unlike 1D Matrix Product States, iPEPS captures multi-directional entanglement in attention and deep transformer layers. TRG ensures polynomial-time contraction, making tensorization feasible while preserving key correlation geometry. Experiments on LLaMA-2 7B show up to 93% memory and 70% parameter reduction, with 50% faster training, 25% faster inference, and only 2-3% accuracy loss. Layer-wise entanglement profiling reveals redundancy in deeper layers, confirming their suitability for tensor factorization. KARIPAP demonstrates that modern LLMs occupy low-dimensional entanglement manifolds, enabling scalable, energy-efficient, and quantum-aware AI architectures."
474,Tensor Train Recurrent Network Language Model Prediction,,10.1002/sta4.70116,zero_hit,openalex,,https://doi.org/10.1002/sta4.70116,onlinelibrary.wiley.com,https://onlinelibrary.wiley.com/doi/pdfdirect/10.1002/sta4.70116,,,,Stat,1090,187,"ABSTRACT Recurrent neural networks (RNN) such as long‐short‐term memory (LSTM) networks are essential in a multitude of daily tasks such as speech, language, video and multimodal learning. The shift from cloud to edge computation intensifies the need to contain the growth in size of RNNs. Current research on RNN shows that despite the performance obtained on convolutional neural networks (CNN), keeping a good performance in compressed RNNs is still a challenge. This paper shows that by incorporating informative matrix‐normal priors on the tensor weights, tensor‐compressed LSTM networks can achieve comparable performance to LSTM networks. Most literature on compression focuses on CNNs using matrix product (MPO) operator tensor trains. However, matrix product state (MPS) tensor trains have more attractive features in terms of storage reduction and computing time for prediction. The present work shows that MPS tensor trains should be at the forefront of LSTM network compression through a theoretical analysis and practical experiments on natural language processing (NLP) tasks."
475,TNSPC: Learning from Partially Observed Data Using Tensor Network Structured Probabilistic Circuits,,,no_identifier,,,,,,,,,,0,199,
520,Tensor product attention is all you need,2501.06425,,truncated_snippet,arxiv,https://arxiv.org/abs/2501.06425,,,https://arxiv.org/pdf/2501.06425,https://github.com/tensorgi/TPA,,,,1382,180,"Scaling language models to handle longer input sequences typically necessitates large key-value (KV) caches, resulting in substantial memory overhead during inference. In this paper, we propose Tensor Product Attention (TPA), a novel attention mechanism that uses tensor decompositions to represent queries, keys, and values compactly, substantially shrinking the KV cache size at inference time. By factorizing these representations into contextual low-rank components and seamlessly integrating with Rotary Position Embedding (RoPE), TPA achieves improved model quality alongside memory efficiency. Based on TPA, we introduce the Tensor ProducT ATTenTion Transformer (T6), a new model architecture for sequence modeling. Through extensive empirical evaluation on language modeling tasks, we demonstrate that T6 surpasses or matches the performance of standard Transformer baselines including Multi-Head Attention (MHA), Multi-Query Attention (MQA), Grouped-Query Attention (GQA), and Multi-Head Latent Attention (MLA) across various metrics, including perplexity and a range of established evaluation benchmarks. Notably, TPA's memory efficiency and computational efficiency at decoding stage enables processing longer sequences under fixed resource constraints, addressing a critical scalability challenge in modern language models. Project Page: https://github.com/tensorgi/TPA."
521,A comprehensive survey of compression algorithms for language models,,10.1145/3819816,zero_hit,openalex,,https://doi.org/10.1145/3819816,dl.acm.org,,,,,ACM Computing Surveys,1031,186,"How can we compress language models without sacrificing accuracy? The number of compression algorithms for language models is rapidly growing to leverage the remarkable advances of recent language models without side effects induced by their gigantic size, including increased carbon emissions, high latency, and restricted usage on resource-constrained mobile devices. While numerous compression algorithms have shown remarkable progress in compressing language models, it ironically becomes challenging to capture emerging trends and identify the fundamental concepts underlying them due to the excessive number of algorithms. In this article, we survey and summarize diverse compression algorithms including pruning, quantization, knowledge distillation, low-rank approximation, and dynamic inference. We not only summarize the overall trend of diverse compression algorithms but also select representative algorithms and provide in-depth analyses of them. Finally, we introduce and discuss promising future research directions."
522,A comprehensive survey on large language model compression for artificial intelligence applications in edge systems,,,no_identifier,,,,,,,,,,0,171,
523,LM: Mutual Information Scaling Law for Long-Context Language Modeling,,,no_identifier,,,,,,,,,,0,186,
524,Entanglement detection and quantification through machine learning: A comprehensive review,,10.1007/s13538-025-01947-y,no_identifier,,,https://doi.org/10.1007/s13538-025-01947-y,link.springer.com,,,,,Brazilian Journal of Physics,0,186,
525,Generative Model Predictive Control in Manufacturing Processes: A Review,2511.17865v1,,zero_hit,arxiv,https://arxiv.org/abs/2511.17865v1,,,https://arxiv.org/pdf/2511.17865v1,,,,,1853,185,"Manufacturing processes are inherently dynamic and uncertain, with varying parameters and nonlinear behaviors, making robust control essential for maintaining quality and reliability. Traditional control methods often fail under these conditions due to their reactive nature. Model Predictive Control (MPC) has emerged as a more advanced framework, leveraging process models to predict future states and optimize control actions. However, MPC relies on simplified models that often fail to capture complex dynamics, and it struggles with accurate state estimation and handling the propagation of uncertainty in manufacturing environments. Machine learning (ML) has been introduced to enhance MPC by modeling nonlinear dynamics and learning latent representations that support predictive modeling, state estimation, and optimization. Yet existing ML-driven MPC approaches remain deterministic and correlation-focused, motivating the exploration of generative. Generative ML offers new opportunities by learning data distributions, capturing hidden patterns, and inherently managing uncertainty, thereby complementing MPC. This review highlights five representative methods and examines how each has been integrated into MPC components, including predictive modeling, state estimation, and optimization. By synthesizing these cases, we outline the common ways generative ML can systematically enhance MPC and provide a framework for understanding its potential in diverse manufacturing processes. We identify key research gaps, propose future directions, and use a representative case to illustrate how generative ML-driven MPC can extend broadly across manufacturing. Taken together, this review positions generative ML not as an incremental add-on but as a transformative approach to reshape predictive control for next-generation manufacturing systems."
526,Generative modeling with gaussian boson sampling: classically trainable bosonic born machines,2603.11195v1,,consistent,arxiv,https://arxiv.org/abs/2603.11195v1,,,https://arxiv.org/pdf/2603.11195v1,,,,,1329,1329,"Quantum generative modeling has emerged as a promising application of quantum computers, aiming to model complex probability distributions beyond the reach of classical methods. In practice, however, training such models often requires costly gradient estimation performed directly on the quantum hardware. Crucially, for certain structured quantum circuits, expectation values of local observables can be efficiently evaluated on a classical computer, enabling classical training without calls to the quantum hardware in the optimization loop. In these models, sampling from the resulting circuits can still be classically hard, so inference must be performed on a quantum device, yielding a potential computational advantage. In this work, we introduce a photonic quantum generative model built on parametrized Gaussian Boson Sampling circuits. The training is based on the efficient classical evaluation of expectation values enabled by the Gaussian structure of the state, allowing scalable optimization of the model parameters through the maximum mean discrepancy loss function. We demonstrate the effectiveness of the approach through numerical experiments on photonic systems with up to 805 modes and over a million trainable parameters, highlighting its scalability and suitability for near-term photonic quantum devices."
527,On-device large language models: a survey of model compression and system optimization,,10.1007/s10462-026-11538-1,truncated_snippet,openalex,,http://repository.hkust.edu.hk/ir/Record/1783.1-173943,link.springer.com,,https://github.com/LumosJiang/Awesome-On-Device-LLMs,http://repository.hkust.edu.hk/ir/Record/1783.1-173943,,Rare & Special e-Zone (The Hong Kong University of Science and Technology),1581,173,"Large language models are increasingly deployed on device and at the edge, where memory capacity, bandwidth, latency, and privacy requirements dominate system behavior. This survey systematizes the end side stack from algorithms to systems. On the model side, we present a clear taxonomy of quantization, pruning, knowledge distillation, low rank adaptation, and hybrid pipelines, explaining where representative methods belong and how they compose. On the system side, we link these techniques to inference frameworks, compiler and runtime optimizations, kernel fusion, and explicit management of the KV cache. We further propose a unified ALEM protocol, namely Accuracy, Latency, Energy, and Memory, and instantiate it on representative models from 1 to 4 billion parameters to reveal practical trade offs: apply quantization first for memory and time to first token, pair structured pruning with mergeable low rank compensation, and treat the KV cache as a first class subsystem through paging, compression, and eviction. Finally, we outline open problems and directions, including a unified low bit pipeline that couples transform, calibration, and kernel fusion, joint search over structured pruning and distillation, and train and serve unification that collapses sparse, quantized, and low rank parameters into inference ready weights. The goal is a practical bridge from algorithmic compression to resource aligned and reliable on device and edge deployment. https://github.com/LumosJiang/Awesome-On-Device-LLMs: a repository hosting the complete references for Sects. 3–4."
528,Tensorlens: End-to-end transformer analysis via high-order attention tensors,,,no_identifier,,,,,,,,,,0,1296,
529,LeSTD: LLM Compression via Learning-based Sparse Tensor Decomposition,,,no_identifier,,,,,,,,,,0,177,
530,Plastic tensor networks for interpretable generative modeling,2504.06722,10.1088/2632-2153/ae3048/meta,zero_hit,arxiv,https://arxiv.org/abs/2504.06722,https://doi.org/10.1088/2632-2153/ae3048/meta,,https://arxiv.org/pdf/2504.06722,,,,,1477,190,"A structural optimization scheme for a single-layer nonnegative adaptive tensor tree (NATT) that models a target probability distribution is proposed as an alternative paradigm for generative modeling. The NATT scheme, by construction, automatically searches for a tree structure that best fits a given discrete dataset whose features serve as inputs, and has the advantage that it is interpretable as a probabilistic graphical model. We consider the NATT scheme and a recently proposed Born machine adaptive tensor tree (BMATT) optimization scheme and demonstrate their effectiveness on a variety of generative modeling tasks where the objective is to infer the hidden structure of a provided dataset. Our results show that in terms of minimizing the negative log-likelihood, the single-layer scheme has model performance comparable to the Born machine scheme, though not better. The tasks include deducing the structure of binary bitwise operations, learning the internal structure of random Bayesian networks given only visible sites, and a real-world example related to hierarchical clustering where a cladogram is constructed from mitochondrial DNA sequences. In doing so, we also show the importance of the choice of network topology and the versatility of a least-mutual information criterion in selecting a candidate structure for a tensor tree, as well as discuss aspects of these tensor tree generative models including their information content and interpretability."
531,Information-Theoretic Scaling Laws of Neural Quantum States,2603.23468v1,,consistent,arxiv,https://arxiv.org/abs/2603.23468v1,,,https://arxiv.org/pdf/2603.23468v1,,,,,1055,1055,"We establish an information-theoretic scaling law for generic autoregressive neural quantum states, determined by the middle-cut mutual information of the wavefunction amplitude. By formalizing the virtual bond as an effective information channel across a sequence bipartition, we rigorously prove that exact autoregressive representation of a quantum state requires the virtual-bond dimension to scale with the amplitude mutual information. For stabilizer-state families, we show that this law yields an explicit, analytical rank formula. Applying this framework across quantum-state tomography, ground-state and finite-temperature learning, our numerical experiments expose precise exponent matching, architecture-dependent scaling differences between recurrent and Transformer neural quantum state, and the critical role of autoregressive basis ordering. These results establish a rigorous physical link between the intrinsic structure of a quantum many-body state and the corresponding neural-network capacity required for its faithful representation."
532,Quantum Circuit Generation via test-time learning with large language models,2602.03466v5,,consistent,arxiv,https://arxiv.org/abs/2602.03466v5,,,https://arxiv.org/pdf/2602.03466v5,,,,,1128,1128,"Deploying large language models (LLMs) as optimizers for black-box scientific design problems requires efficient test-time refinement under expensive evaluations and without training data. We propose a \emph{memory-augmented test-time optimization} framework that combines episodic memory of high-scoring candidates, score-difference feedback, and restart-from-best sampling to improve iterative search. We evaluate the approach on quantum circuit synthesis, where the objective is to maximize the Meyer--Wallach (MW) global entanglement measure under an exponentially expensive black-box oracle. On 20-qubit circuits, the framework achieves $Q(ψ)=0.99$ without feedback. On the more challenging 25-qubit task, feedback and restart mechanisms enable multiple runs to reach $Q(ψ)=1.0$ within 45 oracle calls, while a budget-matched random hill-climbing baseline stalls below $Q(ψ)\approx0.29$. These results demonstrate that memory and evaluator feedback substantially improve the sample efficiency of LLM-based black-box optimization and establish quantum circuit synthesis as a challenging benchmark for test-time optimization."
533,Spectral Born machines: classically trainable quantum generative models for discrete data,2607.06675v1,,consistent,arxiv,https://arxiv.org/abs/2607.06675v1,,,https://arxiv.org/pdf/2607.06675v1,,,,,1160,1160,"We present \emph{spectral Born machines}, a class of quantum generative models that results from viewing and generalizing the class of IQP Born machines through the lens of group Fourier analysis. These quantum models exploit the quantum Fourier transform to create an inductive bias that make them naturally suited to learning integer-structured data, while remaining classically hard to sample from in general. Similar to IQP Born machines, spectral Born machines can be trained efficiently at scale on classical hardware via a maximum mean discrepancy loss based on graph spectral analysis, which we make available in a new \emph{tcdq} module of the PennyLane software platform. In numerical experiments, we show how the spectral bias of the model leads to significantly reduced parameter counts compared to unstructured approaches, and demonstrate the scalability of the software by training a 190-qubit model with over 1 million parameters to successfully learn a distribution of 93 nucleotide-long ribosomal RNA. Our results suggest that highly over-parameterized spectral Born machines may be immune to overfitting, even in strongly data-scarce regimes."
534,AI Agents for Variational Quantum Circuit Design,2602.19387v1,,consistent,arxiv,https://arxiv.org/abs/2602.19387v1,,,https://arxiv.org/pdf/2602.19387v1,,,,,1229,1229,"Variational quantum circuits (VQCs) constitute a central building block of near-term quantum machine learning (QML), yet the principled design of expressive and trainable architectures remains a major open challenge. The VQC design space grows combinatorially with the number of qubits, layers, entanglement structures, and gate parameterizations, rendering manual circuit construction inefficient and often suboptimal. We introduce an autonomous agent-based framework for VQC architecture search that integrates high-level reasoning with a quantum simulation environment. The agent proposes candidate circuit architectures, evaluates them through fully automated training and validation pipelines, and iteratively improves its design strategy via performance-driven feedback. Empirically, we show that the agent autonomously evolves circuit architectures from simple initial ansätze toward increasingly expressive designs, progressively trying to improve task performance. This demonstrates that agentic AI can effectively navigate and refine the VQC design landscape with minimal human intervention, providing a scalable methodology for automated quantum model development in the Noisy Intermediate-Scale Quantum (NISQ) regime."
535,Compress large language models via collaboration between learning and matrix approximation,,,no_identifier,,,,,,,,,,0,179,
536,Compressing Transformer Language Models via Matrix Product Operator Decomposition: A Case Study on PicoGPT,2603.28534v1,,consistent,arxiv,https://arxiv.org/abs/2603.28534v1,,,https://arxiv.org/pdf/2603.28534v1,,,,,1572,1572,"Transformer-based language models achieve strong performance across NLP tasks, but their quadratic parameter scaling with hidden dimension makes deployment on resource-constrained hardware expensive. We study Matrix Product Operator (MPO) decomposition as a principled compression method for transformers. MPO factorises weight matrices into chains of low-rank cores, with approximation quality controlled by the bond dimension chi. We replace every nn.Linear layer in PicoGPT, a GPT-2-style character-level language model with about 1M parameters, with an MPOLinear module parameterised as an MPO chain. Cores are initialised either by TT-SVD from pretrained dense weights or from random initialisation, and trained using standard PyTorch autograd without a custom backward pass. We derive balanced factorisation schemes for the five distinct weight shapes in PicoGPT and evaluate bond dimensions chi in {4, 8, 16, 32} on Tiny Shakespeare. MPO compression achieves up to 13x compression per transformer block at chi = 4. At chi = 16, the model uses 191,872 parameters instead of 1,020,224 while retaining 97.7% of baseline token accuracy (51.6% vs 52.8%). Reconstruction error follows the expected trend and is lower for three-site than two-site factorisations at the same bond dimension. The chi = 8 model gives the best accuracy per parameter, exceeding the dense baseline by 2.7x on this metric. These results show that MPO parameterisation is a practical and theoretically grounded alternative to low-rank methods and unstructured pruning for transformer compression."
537,Generative AI for quantum circuits and quantum code: A technical review and taxonomy,2603.16216v1,,consistent,arxiv,https://arxiv.org/abs/2603.16216v1,,,https://arxiv.org/pdf/2603.16216v1,,,,,1020,1020,"We review thirteen generative systems and five supporting datasets for quantum circuit and quantum code generation, identified through a structured scoping review of Hugging Face, arXiv, and provenance tracing (January-February 2026). We organize the field along two axes: artifact type (Qiskit code, OpenQASM programs, circuit graphs); crossed with training regime (supervised fine-tuning, verifier-in-the-loop RL, diffusion/graph generation, agentic optimization); and systematically apply a three-layer evaluation framework covering syntactic validity, semantic correctness, and hardware executability. The central finding is that while all reviewed systems address syntax and most address semantics to some degree, none reports end-to-end evaluation on quantum hardware (Layer 3b), leaving a significant gap between generated circuits and practical deployment. Scope note: quantum code refers throughout to quantum program artifacts (QASM, Qiskit); we do not cover generation of quantum error-correcting codes (QEC)."
538,Rethinking the Role of Tensor Decompositions in Post-Training LLM Compression,2606.03465v1,,consistent,arxiv,https://arxiv.org/abs/2606.03465v1,,,https://arxiv.org/pdf/2606.03465v1,https://github.com/brain-lab-research/TT-LLM,,,,917,917,"Post-training compression is essential for deploying large language models (LLMs) under tight resource constraints. Tensor decompositions have emerged as a promising direction, offering compact parameterizations well suited to Transformer weight structures. However, existing studies evaluate these methods in narrow settings, leaving unclear whether tensorization is effective at large-scale deployment. We systematically evaluate tensor compression across dense and MoE architectures, establishing performance trade-offs grounded in both empirical analysis and theoretical analysis. We identify a fundamental mismatch between the shared subspaces assumed by tensor decompositions and the heterogeneous representations learned by modern LLMs, thereby delineating their practical limits and clarifying their viable role in large-scale deployment. The code is available at https://github.com/brain-lab-research/TT-LLM."
539,A Practical Tensor-Network Compression Pipeline for Production-Scale Large Language Models,2602.01613v1,,consistent,arxiv,https://arxiv.org/abs/2602.01613v1,,,https://arxiv.org/pdf/2602.01613v1,,,,,1399,1399,"Large language models are limited in deployment by GPU memory and inference latency. We present Minima, a production compression pipeline that learns where and how to structurally compress a Transformer and turns that compression into real serving gains. Minima trains a lightweight convolutional predictor to estimate layer- and patch-level sensitivity, applies a mixture of Tucker, tensor-train, and tensor-ring decompositions to low-sensitivity regions, performs a short healing fine-tune, and executes the resulting operators with custom Triton and CUDA kernels. The reduced memory footprint enables speculative decoding with a small draft model and a larger verifier. On Qwen3-32B at an 8k-token context window, Minima reduces peak VRAM from 64 GiB to 40 GiB. For a single active request, throughput increases from 40 tokens per second (baseline) to 50 tokens per second (Minima) and 75 tokens per second (Minima with speculative decoding). Under 50 parallel requests, throughput is 34, 44, and 53 tokens per second respectively, showing that Minima remains effective under high concurrency even when speculative decoding gains compress. We position Minima relative to recent tensor-network, low-rank plus quantization, and cross-layer sharing methods, and argue that it is a practical step toward more aggressive structural compression via shared tensor backbones with tiny per-layer adapters."
540,"Area Laws and Tensor Networks for Maximally Mixed Ground States: I. Arad, R. Firanko, R. Jain",,10.1007/s00220-026-05554-z,partial,openalex,,https://doi.org/10.1007/s00220-026-05554-z,link.springer.com,https://link.springer.com/content/pdf/10.1007/s00220-026-05554-z.pdf,,,,Communications in Mathematical Physics,1681,188,"We show an area law in the mutual information for the maximally-mixed state $$\Omega $$ in the ground space of general Hamiltonians, which is independent of the underlying ground space degeneracy. Our result assumes the existence of a ‘good’ approximation to the ground state projector (a good AGSP), a crucial ingredient in previous area-law proofs. Such approximations have been explicitly derived for 1D gapped local Hamiltonians and 2D frustration-free locally-gapped Hamiltonians. As a corollary, we show that in 1D gapped local Hamiltonians, for any $$\epsilon >0$$ and any bipartition $$L\cup L^c$$ of the system, $$\begin{aligned} \textrm{I}^\epsilon _{\max } \, \! \! \left( L : L^c \right) _{\Omega } \le {\textrm{O}}\left( \log (|L|\log (d))+\log (1/\epsilon )\right) , \end{aligned}$$ where |L| represents the number of sites in L, d is the dimension of a site and $$ \textrm{I}^\epsilon _{\max } \, \! \! \left( L : L^c \right) _{\Omega }$$ represents the $$\epsilon $$ -smoothed maximum mutual information with respect to the $$L:L^c$$ partition in $$\Omega $$ . From this bound we then conclude $$ \textrm{I} \, \! \! \left( L : L^c \right) _\Omega \le {\textrm{O}}\left( \log (|L|\log (d))\right) $$ – an area law for the mutual information in 1D systems with a logarithmic correction. In addition, we show that $$\Omega $$ can be approximated in trace norm up to $$\epsilon $$ with a state of Schmidt rank of at most $$\textrm{poly}(|L|\log (d)/\epsilon )$$ , leading to a good MPO approximation for $$\Omega $$ with polynomial bond dimension. Similar corollaries are derived for the mutual information of 2D frustration-free and locally-gapped local Hamiltonians."
541,Artificial entanglement in the fine-tuning of large language models,2601.06788v1,,consistent,arxiv,https://arxiv.org/abs/2601.06788v1,,,https://arxiv.org/pdf/2601.06788v1,,,,,1862,1862,"Large language models (LLMs) can be adapted to new tasks using parameter-efficient fine-tuning (PEFT) methods that modify only a small number of trainable parameters, often through low-rank updates. In this work, we adopt a quantum-information-inspired perspective to understand their effectiveness. From this perspective, low-rank parameterizations naturally correspond to low-dimensional Matrix Product States (MPS) representations, which enable entanglement-based characterizations of parameter structure. Thereby, we term and measure ""Artificial Entanglement"", defined as the entanglement entropy of the parameters in artificial neural networks (in particular the LLMs). We first study the representative low-rank adaptation (LoRA) PEFT method, alongside full fine-tuning (FFT), using LLaMA models at the 1B and 8B scales trained on the Tulu3 and OpenThoughts3 datasets, and uncover: (i) Internal artificial entanglement in the updates of query and value projection matrices in LoRA follows a volume law with a central suppression (termed as the ""Entanglement Valley""), which is sensitive to hyper-parameters and is distinct from that in FFT; (ii) External artificial entanglement in attention matrices, corresponding to token-token correlations in representation space, follows an area law with logarithmic corrections and remains robust to LoRA hyper-parameters and training steps. Drawing a parallel to the No-Hair Theorem in black hole physics, we propose that although LoRA and FFT induce distinct internal entanglement signatures, such differences do not manifest in the attention outputs, suggesting a ""no-hair"" property that results in the effectiveness of low rank updates. We further provide theoretical support based on random matrix theory, and extend our analysis to an MPS Adaptation PEFT method, which exhibits qualitatively similar behaviors."
543,A general tensor-structured compression scheme for efficient large language models,2605.25344v2,,consistent,arxiv,https://arxiv.org/abs/2605.25344v2,,,https://arxiv.org/pdf/2605.25344v2,,,,,1427,1427,"Dense linear maps carry much of the parameter and computational burden of modern neural networks, yet their dense form leaves the organization of learned couplings implicit. Quantum many-body physics organizes exponentially large operators by writing a global Hamiltonian as a sum of local terms, \(\hat H=\sum_k\hat h_k\). Whether the same structural principle can carry learned neural maps is unknown. We introduce Tensor Mixture (MixT), which represents a dense map as a natively executable sum of overlapping local tensor operators without imposing an explicit matrix-rank constraint. The local-term count \(N_T\) sets the effective nonlocality and operator complexity, while the number of replaced Transformer blocks \(N_B\) extends this structural coordinate across network depth. Tests on Qwen3-8B and LLaMA2-7B reveal a broad recoverable regime followed by an abrupt, model-specific boundary that is remarkably stable against changes in \(N_T\). Accuracy and output-distribution statistics reorganize together across the boundary; in LLaMA2-7B, the same depth separates two scaling regimes of inter-layer geometry drift. The directly executed structure also reduces parameters, arithmetic, storage, and memory. These results establish the local-sum structure as a viable organizing principle for learned linear maps at billion-parameter scale and expose a sharp boundary in their tolerance to structural simplification."
544,A multi-scale information geometry reveals the structure of mutual information in neural populations,2605.06304v1,,consistent,arxiv,https://arxiv.org/abs/2605.06304v1,,,https://arxiv.org/pdf/2605.06304v1,,,,,1508,1508,"Understanding how neural population responses represent sensory information is a central problem in systems neuroscience. One approach is to define a representational geometry on stimulus space in which distances reflect how reliably stimuli can be distinguished from neural activity. However, different constructions of these distances can lead to qualitatively different conclusions about the neural code. Here, we show that a unique Riemannian representational geometry emerges from first principles governing how distances contract as stimulus resolution is lost through coarse-graining. This results in a multi-scale extension of the Fisher information metric, capturing encoding structure from fine stimulus details to coarse global distinctions. The resulting geometry is exactly related to the mutual information encoded by the population: well encoded stimulus directions - those contributing more to mutual information - are expanded, whereas poorly encoded directions are contracted. The metric tensor can be estimated using diffusion models, making the framework practical for large neural populations and high-dimensional stimuli. Applied to visual cortical responses to natural images, the eigenvectors of the metric tensor identify stimulus variations that contribute most to information transmission, yielding interpretable features that are robust to modelling choices. Together, these results provide a principled, information-theoretic framework for characterising neural population codes."
545,ACCELERATING LARGE LANGUAGE MODEL TRAINING USING HYBRID QUANTUM-CLASSICAL VARIATIONAL AUTOENCODERS WITH INTEGRATED …,,,no_identifier,,,,,,,,,,0,181,
546,An LLM System for Autonomous Variational Quantum Circuit Design,2606.13380v1,,consistent,arxiv,https://arxiv.org/abs/2606.13380v1,,,https://arxiv.org/pdf/2606.13380v1,,,,,1426,1426,"The design of high performing quantum circuits remains largely dependent on human expertise. We introduce an autonomous agentic framework that employs large language models (LLMs) to conduct iterative quantum circuit designs under explicit design constraints. Our system integrates seven components: Exploration, Generation, Discussion, Validation, Storage, Evaluation, and Review. These components form a closed-loop workflow that combines web-based knowledge acquisition, literature-grounded critique, executable code generation, and experimental feedback. We evaluate the framework on two tasks: quantum feature map construction for quantum machine learning and ansatz generation for variational quantum eigensolver applications in quantum chemistry. In image classification benchmarks, the best generated feature map outperforms representative quantum feature maps and, when scaled to larger qubit counts, surpasses the classical radial basis function kernel. In molecular ground state estimation across seven molecules, the generated ansatz attains competitive accuracy with widely used chemically inspired and hardware-efficient constructions while satisfying the imposed scaling constraints. These results establish LLM driven agentic system as a viable paradigm for automated quantum circuit design and illustrate how AI systems can participate in iterative scientific optimization workflows across scientific domains."
547,Breaking the Entanglement-Structure Trade-off: Many-Body Localization Protects Emergent Holographic Geometry in Random T,2604.04596v1,,zero_hit,arxiv,https://arxiv.org/abs/2604.04596v1,,,https://arxiv.org/pdf/2604.04596v1,,,,,1701,1695,"We present a systematic numerical investigation of the ""entanglement geometry gravity"" chain in random tensor networks (RTN) established by the ER EPR conjecture and Jacobson's thermodynamic derivation. First, we verify the kinematic foundation: the entanglement first law $δ\langle K\rangle=δS$ (slope=1.000), the encoding of geometry by mutual information (correlation=0.92), and the locality of holographic perturbations (3.3x). We also confirm that gravitational dynamics (JT gravity) does not emerge, identifying a sharp kinematics-dynamics boundary. Second, and more importantly, we discover that many-body localization (MBL) is the mechanism that protects emergent holographic geometry from thermalization. Replacing Haar-random evolution (geometry lifetime $t\sim6$) with an XXZ Hamiltonian plus on-site disorder, we observe a finite-size crossover at disorder strength $W_c\approx10-12$ above which mutual-information-lattice correlations persist indefinitely ($r&gt;0.5$ for $t&gt;50$). We map the full parameter space: the optimal regime is a near-Ising anisotropy $Δ\approx50$ with $W=30$ yielding $r=0.779\pm0.002$ (confirmed by a fine scan over $Δ\in[30,70]$); only holographic (RTN) initial states sustain geometry, while product, Néel, and Bell-pair states do not. MBL preserves the spatial structure of entanglement (adjacent/non-adjacent MI ratio ~2.6-4.2x vs. 1.0x in the thermal phase), rather than its total amount. A comparison with classical cellular automata reveals that MBL uniquely breaks the entanglement-structure trade-off imposed by quantum monogamy: classical systems achieve spatial structure only at the cost of negligible mutual information, while MBL sustains both."
548,DATT: Dimension-Augmented Tensor-Train Decomposition for Neural Network Compression,,,no_identifier,,,,,,,,,,0,190,
549,Efficient Generative Modeling with Unitary Matrix Product States Using Riemannian Optimization,2603.12026v1,,consistent,arxiv,https://arxiv.org/abs/2603.12026v1,,,https://arxiv.org/pdf/2603.12026v1,,,,,1013,1013,"Tensor networks, which are originally developed for characterizing complex quantum many-body systems, have recently emerged as a powerful framework for capturing high-dimensional probability distributions with strong physical interpretability. This paper systematically studies matrix product states (MPS) for generative modeling and shows that unitary MPS, which is a tensor-network architecture that is both simple and expressive, offers clear benefits for unsupervised learning by reducing ambiguity in parameter updates and improving efficiency. To overcome the inefficiency of standard gradient-based MPS training, we develop a Riemannian optimization approach that casts probabilistic modeling as an optimization problem with manifold constraints, and further derive an efficient space-decoupling algorithm. Experiments on Bars-and-Stripes and EMNIST datasets demonstrate fast adaptation to data structure, stable updates, and strong performance while maintaining the efficiency and expressive power of MPS."
550,HVIA: A Hybrid Variational Ising Architecture for Quantum Language Modeling,,,no_identifier,,,,,,,,,,0,180,
551,Meaning Representations as Variational Quantum Circuits,,,no_identifier,,,,,,,,,,0,184,
552,Model Checking Matrix Product States Against Linear Chain Logic,,10.1007/978-3-032-32537-2_17,zero_hit,openalex,,https://doi.org/10.1007/978-3-032-32537-2_17,link.springer.com,https://link.springer.com/content/pdf/10.1007/978-3-032-32537-2_17.pdf,,,,Lecture notes in computer science,1674,189,"Abstract Matrix product states (MPS) are a standard tensor-network representation for ground states of one-dimensional quantum many-body systems, and they underpin widely used simulation tools such as DMRG. However, while quantum model checking has been developed mainly for quantum programs and communication protocols (with properties expressed along a time axis), there is still no comparable framework for systematically verifying spatial and size-dependent properties of physical many-body states, where the key parameter is the system size. This paper takes a step toward bridging the gap. We propose Linear Chain Logic (LCL), a spatial logic designed to specify physically meaningful properties of periodic MPS families as the system size grows, such as nontriviality on rings and large-size asymptotic patterns. Our approach builds on a simple but powerful connection: every periodic MPS naturally induces a completely positive map (a quantum operation) on its virtual space, so many quantitative features of the MPS can be analysed through the repeated application of the operation. Using this perspective, we derive an effective procedure to compute the inner products of an MPS at a given size and to support richer LCL specifications, without relying on brute-force state expansion. We then develop approximate model-checking algorithms that combine sound bounding with asymptotic structural analysis, enabling scalable reasoning about large system sizes. Experiments on representative MPS families illustrate that our method can automatically verify nontriviality and detect asymptotic spatial regimes in a way that complements traditional numerical techniques."
553,On the Approximation Complexity of Matrix Product Operator Born Machines,2605.11471v1,,consistent,arxiv,https://arxiv.org/abs/2605.11471v1,,,https://arxiv.org/pdf/2605.11471v1,,,,,995,995,"Matrix product operator Born machines (MPO-BMs) are tractable tensor-network models for probabilistic modeling, but their efficient approximation capability remains unclear. We characterize this boundary from both negative and positive perspectives. First, we prove that KL approximation is NP-hard for MPO-BMs in the continuous setting, ruling out universal efficient approximation in the worst case. Second, for score-based variational inference, we show that, under a locality and spectral-gap conditions on the loss-induced Hamiltonian, structured targets (e.g., path-graph Markov random fields) admit MPO-BM approximations with polynomial bond dimension and provable KL guarantees. Third, under the same locality structure, we prove that polynomially many score queries suffice to estimate the induced Hamiltonian and obtain such guarantees. Our results provide a theoretical characterization of when MPO-BMs are fundamentally hard to approximate and when they become efficiently learnable."
554,Quantum Circuit Vision: Cost-Aware Evaluation of Visual AI Agents for Quantum Code Generation,2607.10057v1,,zero_hit,arxiv,https://arxiv.org/abs/2607.10057v1,,,https://arxiv.org/pdf/2607.10057v1,,,,,1678,1672,"Can AI agents visually comprehend quantum circuit diagrams and generate verified executable code--and at what cost? We present Quantum Circuit Vision, a cost-aware evaluation framework for multimodal AI agents on quantum circuit visual understanding. We construct a 132-circuit benchmark spanning 13 categories ($1$--$10$ qubits) with executable Amazon Braket code and unitary-fidelity verification. Evaluating three frontier Claude-family models at different capability-cost tiers with $n=5$ repeated trials, we find that the mid-tier model (Sonnet 4.6, $1.30\times$ credits) offers the most favorable balance on the cost-accuracy frontier: 91% pass rate on the core subset at 18% of the per-call cost of the strongest model (Opus 4.6), whose accuracy advantage is not statistically significant (paired $t$: $p=0.083$). Logistic regression confirms that circuit depth--not qubit count--is the primary predictor of failure ($p&lt;0.001$). Chain-of-thought prompting shows no statistically significant effect (all $p&gt;0.18$, $n=5$), suggesting that visual pattern recognition outweighs explicit reasoning strategy for structurally coupled diagrams. We propose a cascade routing strategy (cheap $\rightarrow$ expensive models) that achieves 84% accuracy at 38% of single-model cost, demonstrating that model routing dominates prompt engineering as a cost lever. We release QCV-Dataset (132 circuits, 5 modalities, 1,931 files) on Hugging Face Hub as an open evaluation infrastructure with structured metadata for discoverability, interoperability, and responsible AI documentation, and all evaluation code, cost logs, and verification scripts on GitHub for full reproducibility."
555,"Quantum Computing Meets Large Language Models: Insights, Challenges, and Future Directions",,10.36227/techrxiv.177004376.69666864/v1,zero_hit,openalex,,https://doi.org/10.36227/techrxiv.177004376.69666864/v1,techrxiv.org,https://www.techrxiv.org/doi/pdf/10.36227/techrxiv.177004376.69666864/v1,,,,,976,184,"Large Language Models (LLMs) such as GPT and LLaMA have transformed artificial intelligence, but their rapid growth has brought major challenges in computation, energy use, and scalability. Quantum computing (QC) offers a fundamentally different way to process information, with the potential to accelerate key operations in training, inference, optimization, and representation learning. This survey provides a structured and comprehensive review of how QC can support the future development of LLMs. It examines quantum algorithms, hybrid quantum-classical methods, quantum neural networks, quantum embeddings, and security applications. It also evaluates their feasibility in both the current noisy intermediate-scale quantum (NISQ) era and the future fault-tolerant era. The survey highlights current progress, identifies major technical barriers, and outlines practical research directions needed to build scalable, efficient, and secure quantum-enhanced language models."
556,Quantum-inspired tensor networks in machine learning models,2604.14287v1,,consistent,arxiv,https://arxiv.org/abs/2604.14287v1,,,https://arxiv.org/pdf/2604.14287v1,https://github.com/gvalverde21/research-graph-TensorNetworks-MachineLearning,,,,952,952,"Tensor networks were developed in the context of many-body physics as compressed representations of multiparticle quantum states. These representations mitigate the exponential complexity of many-body systems by capturing only the most relevant dependencies. Due to the formal similarity between quantum entanglement and statistical correlations, tensor networks have recently been integrated in machine learning, operating both as alternative learning architectures and as decompositions of components of neural networks. The expectation is that the theoretical understanding of tensor networks developed within quantum many-body physics leads to novel methods that offer advantages in terms of computational efficiency, explainability, or privacy. Here we review the use of tensor networks in the context of machine learning, providing a critical assessment of the state of the art, the potential advantages, and the challenges that must be overcome."
557,Quantum2Prompt: Representing Quantum Circuits as Language Prompts for Linear System Solving,,,no_identifier,,,,,,,,,,0,186,
558,Reduced Matrix Multiplication: Input-Adaptive Matrix-Product Reduction for LLM Inference,2608.13426v2,,consistent,arxiv,https://arxiv.org/abs/2608.13426v2,,,https://arxiv.org/pdf/2608.13426v2,,,,,1384,1384,"Transformer-based language models achieve strong performance but incur substantial inference cost due to repeated high-dimensional matrix multiplications. We propose Reduced Matrix Multiplication (RMM), a training-free, input-adaptive inference method that reduces Transformer matrix products by selecting informative slices along their contraction dimensions, without modifying model weights. Under a simple retention-ratio control, RMM provides a smooth and predictable accuracy-efficiency trade-off. Across language models ranging from 1B to 70B parameters, we find that reduction tolerance depends on the model family, task, component, and retention ratio, although it often improves with model scale. Under moderate reduction, RMM remains robust across the evaluated discriminative, autoregressive generation, and long-context settings. We further show that the same principle extends to multimodal vision-language inference. Mechanistic ablations reveal a structural asymmetry within Transformers: attention-side computations are substantially more reducible than MLP components. Finally, wall-clock benchmarks with custom kernels on an NVIDIA A100 show that these computational savings can translate into practical runtime gains, especially at longer sequence lengths. Together, these results position RMM as a scalable direction for input-adaptive inference-time optimization."
559,Sparse Tensor Attention for Hyperspectral Unmixing,,,no_identifier,,,,,,,,,,0,189,
560,Stochastic Optimization of Tree Tensor Networks,2609.00870v1,,consistent,arxiv,https://arxiv.org/abs/2609.00870v1,,,https://arxiv.org/pdf/2609.00870v1,,,,,575,575,"Tensor networks, originally developed for quantum many-body physics, are promising models for machine learning. We derive stochastic Riemannian optimizers for tree tensor networks (TTNs) on both their parameter and quotient manifolds, including adaptive and learning-rate-free schemes suitable for minibatch training. Using a hybrid CNN-TTN architecture, we evaluate the methods on Fashion-MNIST, CIFAR10, and Imagenette. The proposed optimizers achieve predictive performance comparable to unconstrained optimization while enabling numerically stable downstream compression."
561,Surviving Resource-constraint Compression: Capability Retention under Tensor-train Decomposition for Sub-billion Paramet,,10.1007/s11633-026-1653-x,truncated_snippet,openalex,,https://doi.org/10.1007/s11633-026-1653-x,link.springer.com,https://link.springer.com/content/pdf/10.1007/s11633-026-1653-x.pdf,,,,Machine Intelligence Research,2194,182,"Abstract High-dimensional token embeddings underpin generative language models, as they can capture subtle semantic information and significantly enhance the modelling of complex language patterns. However, this high dimensionality also introduces considerable model parameters and prohibitively high model storage and memory requirements, which are particularly unaffordable for low-end devices. Targeting no extra training data and insufficient computation cases, we propose a training-free model compression approach based on the tensor-train decomposition (TTD), whereby each pre-trained token embedding is converted into a lower-dimensional matrix product state (MPS). We investigate what language capabilities are preserved under training-free compression at different compression ratios, providing insights into the distinct redundancy structures captured by tensor-based versus pruning-based compression methods. We then comprehensively investigate the low-rank structures extracted by this approach, in terms of the compression ratio, the language task performance, and latency on a typical low-end device (i.e., Raspberry Pi). Our approach trades increased inference latency (no more than 0.5 ms/token reconstruction overhead on Raspberry Pi) for substantial memory and storage reduction, making it suitable for deployment scenarios where memory and storage are the primary bottleneck. Taking GPT family, OPT models, Qwen (2.5–0.5 B and 3–0.6 B) and MiniCPM4-0.5B as case studies, our approach for the embedding layer compression consistently achieves a compression factor 0.5× – 2.0×. The extension of our approach for dense layers (feed-forward layers and attention layers) compression, can improve the model language task performance in zero-shot reasoning tasks. Our performance analysis of different tasks reveals that tensor decomposition preserves higher-level logical reasoning capabilities (e.g., BoolQ, ARC-Challenge), while pruning-based methods like SliceGPT maintain advantages for tasks requiring broad lower-level lexical feature coverage (e.g., HellaSwag, WinoGrande), demonstrating that different compression approaches preserve complementary linguistic capabilities."
562,Tensor Brain: Structured Probabilistic Modeling for Neural Population Activity with Tensor Networks,,,no_identifier,,,,,,,,,,0,192,
563,Tensor decomposition based lightweight residual fusion for Multimodal sentiment understanding,,10.1007/s10844-026-01039-6,no_identifier,,,https://doi.org/10.1007/s10844-026-01039-6,link.springer.com,,,,,Journal of Intelligent Information Systems,0,184,
564,"Tensor Methods for Language Models: From Token Representation to Training, Adaptation, Inference, Compression, and Inter",2608.30505v1,,consistent,arxiv,https://arxiv.org/abs/2608.30505v1,,,https://arxiv.org/pdf/2608.30505v1,https://github.com/ma-tt-a/awesome-tensor-methods-for-llms,,,,1672,1672,"Large language models (LLMs) are built from structured high-dimensional objects such as token representations, weights, adaptation updates, caches, and activations, whose multilinear structure is underexploited by the conventional matrix-centric view. Tensor decompositions and tensor networks provide a principled algebraic language for this structure, yet the literature often treats them as isolated compression mechanisms. This survey organizes tensor methods for LLMs through two complementary views: a seven-stage lifecycle taxonomy covering tokenization, embeddings, pre-training, adaptation, compression, inference, and interpretability, and a component view covering embeddings, attention, and feed-forward networks. We provide unified notation and theoretical foundations, analyze tensorization strategies for individual Transformer components, and compare methods at each lifecycle stage while making differences in evaluation protocols and model scales explicit. We further connect tensor methods to neighboring efficiency techniques and probabilistic tensor networks. Finally, we synthesize open challenges and introduce $ρ_{\rm gap}$, a metric for the compression-realization gap between theoretical memory reduction and measured system-level speedup. By treating tensorization as a common structural principle, the survey provides a structured entry point to tensorized language models and clarifies when parameter savings can plausibly translate into memory efficiency, computational efficiency, or interpretability. The GitHub page dedicated to this paper is accessible at \href{https://github.com/ma-tt-a/awesome-tensor-methods-for-llms}{this https URL}."
565,Tensor-Network Markov-Chain Monte Carlo: Efficient Sampling of Three-Dimensional Spin Glasses,,10.1103/96lr-z7tb,zero_hit,openalex,,https://doi.org/10.1103/96lr-z7tb,link.aps.org,,,,,Physical Review Letters,1391,185,"Sampling equilibrium configurations of three-dimensional (3D) spin glasses with quenched disorder remains a fundamental challenge in statistical physics. The rugged energy landscape, pronounced critical slowing down, and intrinsic ergodicity breaking render standard Monte Carlo methods severely inefficient, particularly for large systems at low temperatures. In this Letter, we introduce the tensor-network Markov-chain Monte Carlo (TNMCMC) approach to address the issue. By formulating large-scale collective updates via tensor-network contractions on 2D lattice slices, TNMCMC yields unbiased samples of the Boltzmann distribution while substantially reducing autocorrelation times relative to conventional MCMC approaches. Numerical benchmarks on 3D spin glasses demonstrate that the method systematically mitigates critical slowing down. Furthermore, application to three- and four-state 3D Potts models shows that TNMCMC can traverse the exponential free-energy barriers of first-order phase transitions that typically hinder local MC updates. These results establish TNMCMC as a promising numerical framework capable of addressing important 3D problems in statistical physics and beyond, such as the precise computation of low-temperature thermodynamic properties of three-dimensional spin glasses and the decoding of quantum error-correcting codes with a three-dimensional topology."
566,Tensortrim: dynamic tensor-train decomposition for efficient neural network compression,,10.1007/s13042-025-02819-2,no_identifier,,,https://doi.org/10.1007/s13042-025-02819-2,link.springer.com,,,,,International Journal of Machine Learning and Cybernetics,0,187,
627,A Born Machine Approach to Controllable Text Generation with Language Models,,,no_identifier,,,,,,,,,,0,176,
628,A Renormalization Framework for the Qualitative Theory of Entangled Systems,,,no_identifier,,,,,,,,,,0,193,
629,Supplemental Material to Tensor Networks for Probabilistic Sequence Modeling,,,no_identifier,,,,,,,,,,0,185,
630,TensorSpike: Tractable Probabilistic Modeling for Neural Spike Trains with Tensor Networks,,,no_identifier,,,,,,,,,,0,181,
631,Variational Algorithms in Quantum Artificial Intelligence,,,no_identifier,,,,,,,,,,0,188,
632,Variational Quantum Circuits for Efficient Transformer Attention,,,no_identifier,,,,,,,,,,0,181,
476,tn4ml: Tensor Network Training and Customization for Machine Learning,2502.13090,,consistent,arxiv,https://arxiv.org/abs/2502.13090,,,https://arxiv.org/pdf/2502.13090,https://github.com/bsc-quantic/tn4ml,https://tn4ml.readthedocs.io,,,843,843,"Tensor Networks have emerged as a prominent alternative to neural networks for addressing Machine Learning challenges in foundational sciences, paving the way for their applications to real-life problems. This paper introduces tn4ml, a novel library designed to seamlessly integrate Tensor Networks into optimization pipelines for Machine Learning tasks. Inspired by existing Machine Learning frameworks, the library offers a user-friendly structure with modules for data embedding, objective function definition, and model training using diverse optimization strategies. We demonstrate its versatility through two examples: supervised learning on tabular data and unsupervised learning on an image dataset. Additionally, we analyze how customizing the parts of the Machine Learning pipeline for Tensor Networks influences performance metrics."
51,BT-Nets: Simplifying Deep Neural Networks via Block Term Decomposition,1712.05689,,consistent,arxiv,https://arxiv.org/abs/1712.05689,,,https://arxiv.org/pdf/1712.05689,,,,arXiv (Cornell University),1441,1441,"Recently, deep neural networks (DNNs) have been regarded as the state-of-the-art classification methods in a wide range of applications, especially in image classification. Despite the success, the huge number of parameters blocks its deployment to situations with light computing resources. Researchers resort to the redundancy in the weights of DNNs and attempt to find how fewer parameters can be chosen while preserving the accuracy at the same time. Although several promising results have been shown along this research line, most existing methods either fail to significantly compress a well-trained deep network or require a heavy fine-tuning process for the compressed network to regain the original performance. In this paper, we propose the \textit{Block Term} networks (BT-nets) in which the commonly used fully-connected layers (FC-layers) are replaced with block term layers (BT-layers). In BT-layers, the inputs and the outputs are reshaped into two low-dimensional high-order tensors, then block-term decomposition is applied as tensor operators to connect them. We conduct extensive experiments on benchmark datasets to demonstrate that BT-layers can achieve a very large compression ratio on the number of parameters while preserving the representation power of the original FC-layers as much as possible. Specifically, we can get a higher performance while requiring fewer parameters compared with the tensor train method."
52,Expressive power of recurrent neural networks,1711.00811,,consistent,arxiv,https://arxiv.org/abs/1711.00811,,,https://arxiv.org/pdf/1711.00811,,,,arXiv (Cornell University),1203,1203,"Deep neural networks are surprisingly efficient at solving practical tasks, but the theory behind this phenomenon is only starting to catch up with the practice. Numerous works show that depth is the key to this efficiency. A certain class of deep convolutional networks -- namely those that correspond to the Hierarchical Tucker (HT) tensor decomposition -- has been proven to have exponentially higher expressive power than shallow networks. I.e. a shallow network of exponential width is required to realize the same score function as computed by the deep architecture. In this paper, we prove the expressive power theorem (an exponential lower bound on the width of the equivalent shallow network) for a class of recurrent neural networks -- ones that correspond to the Tensor Train (TT) decomposition. This means that even processing an image patch by patch with an RNN can be exponentially more efficient than a (shallow) convolutional network with one hidden layer. Using theoretical results on the relation between the tensor decompositions we compare expressive powers of the HT- and TT-Networks. We also implement the recurrent TT-Networks and provide numerical evidence of their expressivity."
107,A machine learning approach to dynamical properties of quantum many-body systems,1907.01384,10.1103/PhysRevB.100.245123,consistent,arxiv,https://arxiv.org/abs/1907.01384,https://doi.org/10.1103/PhysRevB.100.245123,link.aps.org,https://arxiv.org/pdf/1907.01384,,,"Phys. Rev. B 100, 245123 (2019)",arXiv (Cornell University),1368,1368,"Variational representations of quantum states abound and have successfully been used to guess ground-state properties of quantum many-body systems. Some are based on partial physical insight (Jastrow, Gutzwiller projected, and fractional quantum Hall states, for instance), and others operate as a black box that may contain information about the underlying structure of entanglement and correlations (tensor networks, neural networks) and offer the advantage of a large set of variational parameters that can be efficiently optimized. However, using variational approaches to study excited states and, in particular, calculating the excitation spectrum, remains a challenge. We present a variational method to calculate the dynamical properties and spectral functions of quantum many-body systems in the frequency domain, where the Green's function of the problem is encoded in the form of a restricted Boltzmann machine (RBM). We introduce a natural gradient descent approach to solve linear systems of equations and use Monte Carlo to obtain the dynamical correlation function. In addition, we propose a strategy to regularize the results that improves the accuracy dramatically. As an illustration, we study the dynamical spin structure factor of the one dimensional $J_1-J_2$ Heisenberg model. The method is general and can be extended to other variational forms."
108,Classical versus Quantum Models in Machine Learning: Insights from a Finance Application,1908.10778,,consistent,arxiv,https://arxiv.org/abs/1908.10778,,,https://arxiv.org/pdf/1908.10778,,,,arXiv (Cornell University),1640,1640,"Although several models have been proposed towards assisting machine learning (ML) tasks with quantum computers, a direct comparison of the expressive power and efficiency of classical versus quantum models for datasets originating from real-world applications is one of the key milestones towards a quantum ready era. Here, we take a first step towards addressing this challenge by performing a comparison of the widely used classical ML models known as restricted Boltzmann machines (RBMs), against a recently proposed quantum model, now known as quantum circuit Born machines (QCBMs). Both models address the same hard tasks in unsupervised generative modeling, with QCBMs exploiting the probabilistic nature of quantum mechanics and a candidate for near-term quantum computers, as experimentally demonstrated in three different quantum hardware architectures to date. To address the question of the performance of the quantum model on real-world classical data sets, we construct scenarios from a probabilistic version out of the well-known portfolio optimization problem in finance, by using time-series pricing data from asset subsets of the S\&P500 stock market index. It is remarkable to find that, under the same number of resources in terms of parameters for both classical and quantum models, the quantum models seem to have superior performance on typical instances when compared with the canonical training of the RBMs. Our simulations are grounded on a hardware efficient realization of the QCBMs on ion-trap quantum computers, by using their native gate sets, and therefore readily implementable in near-term quantum devices."
109,Machine Learning Phase Transitions with a Quantum Processor,1906.10155,10.1103/PhysRevA.102.012415,consistent,arxiv,https://arxiv.org/abs/1906.10155,https://doi.org/10.1103/PhysRevA.102.012415,link.aps.org,https://arxiv.org/pdf/1906.10155,,,"Phys. Rev. A 102, 012415 (2020)",arXiv (Cornell University),1426,1426,"Machine learning has emerged as a promising approach to study the properties of many-body systems. Recently proposed as a tool to classify phases of matter, the approach relies on classical simulation methods$-$such as Monte Carlo$-$which are known to experience an exponential slowdown when simulating certain quantum systems. To overcome this slowdown while still leveraging machine learning, we propose a variational quantum algorithm which merges quantum simulation and quantum machine learning to classify phases of matter. Our classifier is directly fed labeled states recovered by the variational quantum eigensolver algorithm, thereby avoiding the data reading slowdown experienced in many applications of quantum enhanced machine learning. We propose families of variational ansatz states that are inspired directly by tensor networks. This allows us to use tools from tensor network theory to explain properties of the phase diagrams the presented method recovers. Finally, we propose a nearest-neighbour (checkerboard) quantum neural network. This majority vote quantum classifier is successfully trained to recognize phases of matter with $99\%$ accuracy for the transverse field Ising model and $94\%$ accuracy for the XXZ model. These findings suggest that our merger between quantum simulation and quantum enhanced machine learning offers a fertile ground to develop computational insights into quantum systems."
104,Machine learning methods in quantum computing theory,1906.10175,,consistent,arxiv,https://arxiv.org/abs/1906.10175,,,https://arxiv.org/pdf/1906.10175,,,,arXiv (Cornell University),1123,1123,"Classical machine learning theory and theory of quantum computations are among of the most rapidly developing scientific areas in our days. In recent years, researchers investigated if quantum computing can help to improve classical machine learning algorithms. The quantum machine learning includes hybrid methods that involve both classical and quantum algorithms. Quantum approaches can be used to analyze quantum states instead of classical data. On other side, quantum algorithms can exponentially improve classical data science algorithm. Here, we show basic ideas of quantum machine learning. We present several new methods that combine classical machine learning algorithms and quantum computing methods. We demonstrate multiclass tree tensor network algorithm, and its approbation on IBM quantum processor. Also, we introduce neural networks approach to quantum tomography problem. Our tomography method allows us to predict quantum state excluding noise influence. Such classical-quantum approach can be applied in various experiments to reveal latent dependence between input data and output measurement results."
141,Quantum versus Classical Generative Modelling in Finance,2008.00691,,consistent,arxiv,https://arxiv.org/abs/2008.00691,,,https://arxiv.org/pdf/2008.00691,,,,,1237,1237,"Finding a concrete use case for quantum computers in the near term is still an open question, with machine learning typically touted as one of the first fields which will be impacted by quantum technologies. In this work, we investigate and compare the capabilities of quantum versus classical models for the task of generative modelling in machine learning. We use a real world financial dataset consisting of correlated currency pairs and compare two models in their ability to learn the resulting distribution - a restricted Boltzmann machine, and a quantum circuit Born machine. We provide extensive numerical results indicating that the simulated Born machine always at least matches the performance of the Boltzmann machine in this task, and demonstrates superior performance as the model scales. We perform experiments on both simulated and physical quantum chips using the Rigetti forest platform, and also are able to partially train the largest instance to date of a quantum circuit Born machine on quantum hardware. Finally, by studying the entanglement capacity of the training Born machines, we find that entanglement typically plays a role in the problem instances which demonstrate an advantage over the Boltzmann machine."
142,Quantum-inspired Machine Learning on high-energy physics data,2004.13747,,consistent,arxiv,https://arxiv.org/abs/2004.13747,,,https://arxiv.org/pdf/2004.13747,,,,,1157,1157,"Tensor Networks, a numerical tool originally designed for simulating quantum many-body systems, have recently been applied to solve Machine Learning problems. Exploiting a tree tensor network, we apply a quantum-inspired machine learning technique to a very important and challenging big data problem in high energy physics: the analysis and classification of data produced by the Large Hadron Collider at CERN. In particular, we present how to effectively classify so-called b-jets, jets originating from b-quarks from proton-proton collisions in the LHCb experiment, and how to interpret the classification results. We exploit the Tensor Network approach to select important features and adapt the network geometry based on information acquired in the learning process. Finally, we show how to adapt the tree tensor network to achieve optimal precision or fast response in time without the need of repeating the learning process. These results pave the way to the implementation of high-frequency real-time applications, a key ingredient needed among others for current and future LHCb event classification able to trigger events at the tens of MHz scale."
133,Towards Compact Neural Networks via End-to-End Training: A Bayesian Tensor Approach with Automatic Rank Determination,2010.08689,,consistent,arxiv,https://arxiv.org/abs/2010.08689,,,https://arxiv.org/pdf/2010.08689,,,,arXiv (Cornell University),1886,1886,"While post-training model compression can greatly reduce the inference cost of a deep neural network, uncompressed training still consumes a huge amount of hardware resources, run-time and energy. It is highly desirable to directly train a compact neural network from scratch with low memory and low computational cost. Low-rank tensor decomposition is one of the most effective approaches to reduce the memory and computing requirements of large-size neural networks. However, directly training a low-rank tensorized neural network is a very challenging task because it is hard to determine a proper tensor rank {\it a priori}, which controls the model complexity and compression ratio in the training process. This paper presents a novel end-to-end framework for low-rank tensorized training of neural networks. We first develop a flexible Bayesian model that can handle various low-rank tensor formats (e.g., CP, Tucker, tensor train and tensor-train matrix) that compress neural network parameters in training. This model can automatically determine the tensor ranks inside a nonlinear forward model, which is beyond the capability of existing Bayesian tensor methods. We further develop a scalable stochastic variational inference solver to estimate the posterior density of large-scale problems in training. Our work provides the first general-purpose rank-adaptive framework for end-to-end tensorized training. Our numerical results on various neural network architectures show orders-of-magnitude parameter reduction and little accuracy loss (or even better accuracy) in the training process. Specifically, on a very large deep learning recommendation system with over $4.2\times 10^9$ model parameters, our method can reduce the variables to only $1.6\times 10^5$ automatically in the training process (i.e., by $2.6\times 10^4$ times) while achieving almost the same accuracy."
193,Analyzing the barren plateau phenomenon in training quantum neural networks with the ZX-calculus,2102.01828,10.22331/q-2021-06-04-466,consistent,arxiv,https://arxiv.org/abs/2102.01828,https://doi.org/10.22331/q-2021-06-04-466,quantum-journal.org,https://arxiv.org/pdf/2102.01828,,,"Quantum 5, 466 (2021)",arXiv (Cornell University),790,790,"In this paper, we propose a general scheme to analyze the gradient vanishing phenomenon, also known as the barren plateau phenomenon, in training quantum neural networks with the ZX-calculus. More precisely, we extend the barren plateaus theorem from unitary 2-design circuits to any parameterized quantum circuits under certain reasonable assumptions. The main technical contribution of this paper is representing certain integrations as ZX-diagrams and computing them with the ZX-calculus. The method is used to analyze four concrete quantum neural networks with different structures. It is shown that, for the hardware efficient ansatz and the MPS-inspired ansatz, there exist barren plateaus, while for the QCNN ansatz and the tree tensor network ansatz, there exists no barren plateau."
194,Convolutional Neural Network Compression through Generalized Kronecker Product Decomposition,2109.14710,,consistent,arxiv,https://arxiv.org/abs/2109.14710,,,https://arxiv.org/pdf/2109.14710,,,,arXiv (Cornell University),979,979,"Modern Convolutional Neural Network (CNN) architectures, despite their superiority in solving various problems, are generally too large to be deployed on resource constrained edge devices. In this paper, we reduce memory usage and floating-point operations required by convolutional layers in CNNs. We compress these layers by generalizing the Kronecker Product Decomposition to apply to multidimensional tensors, leading to the Generalized Kronecker Product Decomposition (GKPD). Our approach yields a plug-and-play module that can be used as a drop-in replacement for any convolutional layer. Experimental results for image classification on CIFAR-10 and ImageNet datasets using ResNet, MobileNetv2 and SeNet architectures substantiate the effectiveness of our proposed approach. We find that GKPD outperforms state-of-the-art decomposition methods including Tensor-Train and Tensor-Ring as well as other relevant compression methods such as pruning and knowledge distillation."
195,F-Divergences and Cost Function Locality in Generative Modelling with Quantum Circuits,2110.04253,10.3390/e23101281,consistent,arxiv,https://arxiv.org/abs/2110.04253,https://doi.org/10.3390/e23101281,mdpi.com,https://arxiv.org/pdf/2110.04253,,,"Entropy 2021, 23(10), 1281",arXiv (Cornell University),1176,1176,"Generative modelling is an important unsupervised task in machine learning. In this work, we study a hybrid quantum-classical approach to this task, based on the use of a quantum circuit Born machine. In particular, we consider training a quantum circuit Born machine using $f$-divergences. We first discuss the adversarial framework for generative modelling, which enables the estimation of any $f$-divergence in the near term. Based on this capability, we introduce two heuristics which demonstrably improve the training of the Born machine. The first is based on $f$-divergence switching during training. The second introduces locality to the divergence, a strategy which has proved important in similar applications in terms of mitigating barren plateaus. Finally, we discuss the long-term implications of quantum devices for computing $f$-divergences, including algorithms which provide quadratic speedups to their estimation. In particular, we generalise existing algorithms for estimating the Kullback-Leibler divergence and the total variation distance to obtain a fault-tolerant quantum algorithm for estimating another $f$-divergence, namely, the Pearson divergence."
186,GEO: Enhancing Combinatorial Optimization with Classical and Quantum Generative Models,2101.06250,,consistent,arxiv,https://arxiv.org/abs/2101.06250,,,https://arxiv.org/pdf/2101.06250,,,,arXiv (Cornell University),1802,1802,"We introduce a new framework that leverages machine learning models known as generative models to solve optimization problems. Our Generator-Enhanced Optimization (GEO) strategy is flexible to adopt any generative model, from quantum to quantum-inspired or classical, such as Generative Adversarial Networks, Variational Autoencoders, or Quantum Circuit Born Machines, to name a few. Here, we focus on a quantum-inspired version of GEO relying on tensor-network Born machines and referred to hereafter as TN-GEO. We present two prominent strategies for using TN-GEO. The first uses data points previously evaluated by any quantum or classical optimizer, and we show how TN-GEO improves the performance of the classical solver as a standalone strategy in hard-to-solve instances. The second strategy uses TN-GEO as a standalone solver, i.e., when no previous observations are available. Here, we show its superior performance when the goal is to find the best minimum given a fixed budget for the number of function calls. This might be ideal in situations where the cost function evaluation can be very expensive. To illustrate our results, we run these benchmarks in the context of the portfolio optimization problem by constructing instances from the S\&P 500 and several other financial stock indexes. We also comprehensively compare state-of-the-art algorithms in a generalized version of the portfolio optimization problem. The results show that TN-GEO is among the best compared to these state-of-the-art algorithms; a remarkable outcome given the solvers used in the comparison have been fine-tuned for decades in this real-world industrial application. We see this as an important step toward a practical advantage with quantum-inspired models and, subsequently, with quantum generative models."
189,Generative Quantum Learning of Joint Probability Distribution Functions,2109.06315,10.1103/PhysRevResearch.4.043092,consistent,arxiv,https://arxiv.org/abs/2109.06315,https://doi.org/10.1103/PhysRevResearch.4.043092,link.aps.org,https://arxiv.org/pdf/2109.06315,,,"Phys. Rev. Research 4, 043092 (2022)",arXiv (Cornell University),1416,1416,"Modeling joint probability distributions is an important task in a wide variety of fields. One popular technique for this employs a family of multivariate distributions with uniform marginals called copulas. While the theory of modeling joint distributions via copulas is well understood, it gets practically challenging to accurately model real data with many variables. In this work, we design quantum machine learning algorithms to model copulas. We show that any copula can be naturally mapped to a multipartite maximally entangled state. A variational ansatz we christen as a `qopula' creates arbitrary correlations between variables while maintaining the copula structure starting from a set of Bell pairs for two variables, or GHZ states for multiple variables. As an application, we train a Quantum Generative Adversarial Network (QGAN) and a Quantum Circuit Born Machine (QCBM) using this variational ansatz to generate samples from joint distributions of two variables for historical data from the stock market. We demonstrate our generative learning algorithms on trapped ion quantum computers from IonQ for up to 8 qubits and show that our results outperform those obtained through equivalent classical generative learning. Further, we present theoretical arguments for exponential advantage in our model's expressivity over classical models based on communication and computational complexity arguments."
182,QTN-VQC: An End-to-End Learning framework for Quantum Neural Networks,2110.03861,,consistent,arxiv,https://arxiv.org/abs/2110.03861,,,https://arxiv.org/pdf/2110.03861,,,"Quantum Tensor Networks in Machine Learning Workshop, NeurIPS 2021",arXiv (Cornell University),954,954,"The advent of noisy intermediate-scale quantum (NISQ) computers raises a crucial challenge to design quantum neural networks for fully quantum learning tasks. To bridge the gap, this work proposes an end-to-end learning framework named QTN-VQC, by introducing a trainable quantum tensor network (QTN) for quantum embedding on a variational quantum circuit (VQC). The architecture of QTN is composed of a parametric tensor-train network for feature extraction and a tensor product encoding for quantum embedding. We highlight the QTN for quantum embedding in terms of two perspectives: (1) we theoretically characterize QTN by analyzing its representation power of input features; (2) QTN enables an end-to-end parametric model pipeline, namely QTN-VQC, from the generation of quantum embedding to the output measurement. Our experiments on the MNIST dataset demonstrate the advantages of QTN for quantum embedding over other quantum embedding approaches."
190,Quantum Machine Learning for Radio Astronomy,2112.02655,,consistent,arxiv,https://arxiv.org/abs/2112.02655,,,https://arxiv.org/pdf/2112.02655,,,,arXiv (Cornell University),536,536,"In this work we introduce a novel approach to the pulsar classification problem in time-domain radio astronomy using a Born machine, often referred to as a quantum neural network. Using a single-qubit architecture, we show that the pulsar classification problem maps well to the Bloch sphere and that comparable accuracies to more classical machine learning approaches are achievable. We introduce a novel single-qubit encoding for the pulsar data used in this work and show that this performs comparably to a multi-qubit QAOA encoding."
191,Semi-tensor Product-based TensorDecomposition for Neural Network Compression,2109.15200,,consistent,arxiv,https://arxiv.org/abs/2109.15200,,,https://arxiv.org/pdf/2109.15200,,,,arXiv (Cornell University),1331,1331,"The existing tensor networks adopt conventional matrix product for connection. The classical matrix product requires strict dimensionality consistency between factors, which can result in redundancy in data representation. In this paper, the semi-tensor product is used to generalize classical matrix product-based mode product to semi-tensor mode product. As it permits the connection of two factors with different dimensionality, more flexible and compact tensor decompositions can be obtained with smaller sizes of factors. Tucker decomposition, Tensor Train (TT) and Tensor Ring (TR) are common decomposition for low rank compression of deep neural networks. The semi-tensor product is applied to these tensor decompositions to obtained their generalized versions, i.e., semi-tensor Tucker decomposition (STTu), semi-tensor train(STT) and semi-tensor ring (STR). Experimental results show the STTu, STT and STR achieve higher compression factors than the conventional tensor decompositions with the same accuracy but less training times in ResNet and WideResNetcompression. With 2% accuracy degradation, the TT-RN (rank = 14) and the TR-WRN (rank = 16) only obtain 3 times and99t times compression factors while the STT-RN (rank = 14) and the STR-WRN (rank = 16) achieve 9 times and 179 times compression factors, respectively."
184,TensorLy-Quantum: Quantum Machine Learning with Tensor Methods,2112.10239,,consistent,arxiv,https://arxiv.org/abs/2112.10239,,,https://arxiv.org/pdf/2112.10239,https://github.com/tensorly/quantum,,,arXiv (Cornell University),897,897,"Simulation is essential for developing quantum hardware and algorithms. However, simulating quantum circuits on classical hardware is challenging due to the exponential scaling of quantum state space. While factorized tensors can greatly reduce this overhead, tensor network-based simulators are relatively few and often lack crucial functionalities. To address this deficiency, we created TensorLy-Quantum, a Python library for quantum circuit simulation that adopts the PyTorch API. Our library leverages the optimized tensor methods of the existing TensorLy ecosystem to represent, simulate, and manipulate large-scale quantum circuits. Through compact tensor representations and efficient operations, TensorLy-Quantum can scale to hundreds of qubits on a single GPU and thousands of qubits on multiple GPUs. TensorLy-Quantum is open-source and accessible at https://github.com/tensorly/quantum"
232,Distilled Low Rank Neural Radiance Field with Quantization for Light Field Compression,2208.00164,,consistent,arxiv,https://arxiv.org/abs/2208.00164,,,https://arxiv.org/pdf/2208.00164,,,,arXiv (Cornell University),1526,1526,"We propose in this paper a Quantized Distilled Low-Rank Neural Radiance Field (QDLR-NeRF) representation for the task of light field compression. While existing compression methods encode the set of light field sub-aperture images, our proposed method learns an implicit scene representation in the form of a Neural Radiance Field (NeRF), which also enables view synthesis. To reduce its size, the model is first learned under a Low-Rank (LR) constraint using a Tensor Train (TT) decomposition within an Alternating Direction Method of Multipliers (ADMM) optimization framework. To further reduce the model's size, the components of the tensor train decomposition need to be quantized. However, simultaneously considering the optimization of the NeRF model with both the low-rank constraint and rate-constrained weight quantization is challenging. To address this difficulty, we introduce a network distillation operation that separates the low-rank approximation and the weight quantization during network training. The information from the initial LR-constrained NeRF (LR-NeRF) is distilled into a model of much smaller dimension (DLR-NeRF) based on the TT decomposition of the LR-NeRF. We then learn an optimized global codebook to quantize all TT components, producing the final QDLR-NeRF. Experimental results show that our proposed method yields better compression efficiency compared to state-of-the-art methods, and it additionally has the advantage of allowing the synthesis of any light field view with high quality."
230,Generalization Metrics for Practical Quantum Advantage in Generative Models,2201.08770,,consistent,arxiv,https://arxiv.org/abs/2201.08770,,,https://arxiv.org/pdf/2201.08770,,,,arXiv (Cornell University),1905,1905,"As the quantum computing community gravitates towards understanding the practical benefits of quantum computers, having a clear definition and evaluation scheme for assessing practical quantum advantage in the context of specific applications is paramount. Generative modeling, for example, is a widely accepted natural use case for quantum computers, and yet has lacked a concrete approach for quantifying success of quantum models over classical ones. In this work, we construct a simple and unambiguous approach to probe practical quantum advantage for generative modeling by measuring the algorithm's generalization performance. Using the sample-based approach proposed here, any generative model, from state-of-the-art classical generative models such as GANs to quantum models such as Quantum Circuit Born Machines, can be evaluated on the same ground on a concrete well-defined framework. In contrast to other sample-based metrics for probing practical generalization, we leverage constrained optimization problems (e.g., cardinality-constrained problems) and use these discrete datasets to define specific metrics capable of unambiguously measuring the quality of the samples and the model's generalization capabilities for generating data beyond the training set but still within the valid solution space. Additionally, our metrics can diagnose trainability issues such as mode collapse and overfitting, as we illustrate when comparing GANs to quantum-inspired models built out of tensor networks. Our simulation results show that our quantum-inspired models have up to a $68 \times$ enhancement in generating unseen unique and valid samples compared to GANs, and a ratio of 61:2 for generating samples with better quality than those observed in the training set. We foresee these metrics as valuable tools for rigorously defining practical quantum advantage in the domain of generative modeling."
240,Hybrid quantum ResNet for car classification and its hyperparameter optimization,2205.04878,10.1007/s42484-023-00123-2,consistent,arxiv,https://arxiv.org/abs/2205.04878,https://doi.org/10.1007/s42484-023-00123-2,link.springer.com,https://arxiv.org/pdf/2205.04878,,,"Quantum Mach. Intell. 5(2), 38 (2023)",arXiv (Cornell University),1384,1384,"Image recognition is one of the primary applications of machine learning algorithms. Nevertheless, machine learning models used in modern image recognition systems consist of millions of parameters that usually require significant computational time to be adjusted. Moreover, adjustment of model hyperparameters leads to additional overhead. Because of this, new developments in machine learning models and hyperparameter optimization techniques are required. This paper presents a quantum-inspired hyperparameter optimization technique and a hybrid quantum-classical machine learning model for supervised learning. We benchmark our hyperparameter optimization method over standard black-box objective functions and observe performance improvements in the form of reduced expected run times and fitness in response to the growth in the size of the search space. We test our approaches in a car image classification task and demonstrate a full-scale implementation of the hybrid quantum ResNet model with the tensor train hyperparameter optimization. Our tests show a qualitative and quantitative advantage over the corresponding standard classical tabular grid search approach used with a deep neural network ResNet34. A classification accuracy of 0.97 was obtained by the hybrid model after 18 iterations, whereas the classical model achieved an accuracy of 0.92 after 75 iterations."
237,Machine learning applications for noisy intermediate-scale quantum computers,2205.09414,,consistent,arxiv,https://arxiv.org/abs/2205.09414,,,https://arxiv.org/pdf/2205.09414,,,,arXiv (Cornell University),1748,1748,"Quantum machine learning has proven to be a fruitful area in which to search for potential applications of quantum computers. This is particularly true for those available in the near term, so called noisy intermediate-scale quantum (NISQ) devices. In this Thesis, we develop and study three quantum machine learning applications suitable for NISQ computers, ordered in terms of increasing complexity of data presented to them. These algorithms are variational in nature and use parameterised quantum circuits (PQCs) as the underlying quantum machine learning model. The first application area is quantum classification using PQCs, where the data is classical feature vectors and their corresponding labels. Here, we study the robustness of certain data encoding strategies in such models against noise present in a quantum computer. The second area is generative modelling using quantum computers, where we use quantum circuit Born machines to learn and sample from complex probability distributions. We discuss and present a framework for quantum advantage for such models, propose gradient-based training methods and demonstrate these both numerically and on the Rigetti quantum computer up to 28 qubits. For our final application, we propose a variational algorithm in the area of approximate quantum cloning, where the data becomes quantum in nature. For the algorithm, we derive differentiable cost functions, prove theoretical guarantees such as faithfulness, and incorporate state of the art methods such as quantum architecture search. Furthermore, we demonstrate how this algorithm is useful in discovering novel implementable attacks on quantum cryptographic protocols, focusing on quantum coin flipping and key distribution as examples."
241,Near-Term Advances in Quantum Natural Language Processing,2206.02171,10.1007/s10472-024-09940-y,consistent,arxiv,https://arxiv.org/abs/2206.02171,https://doi.org/10.1007/s10472-024-09940-y,link.springer.com,https://arxiv.org/pdf/2206.02171,,,Annals of Mathematics and Artificial Intelligence (2024),arXiv (Cornell University),1740,1740,"This paper describes experiments showing that some tasks in natural language processing (NLP) can already be performed using quantum computers, though so far only with small datasets. We demonstrate various approaches to topic classification. The first uses an explicit word-based approach, in which word-topic scoring weights are implemented as fractional rotations of individual qubit, and a new phrase is classified based on the accumulation of these weights in a scoring qubit using entangling controlled-NOT gates. This is compared with more scalable quantum encodings of word embedding vectors, which are used in the computation of kernel values in a quantum support vector machine: this approach achieved an average of 62% accuracy on classification tasks involving over 10000 words, which is the largest such quantum computing experiment to date. We describe a quantum probability approach to bigram modeling that can be applied to sequences of words and formal concepts, investigating a generative approximation to these distributions using a quantum circuit Born machine, and an approach to ambiguity resolution in verb-noun composition using single-qubit rotations for simple nouns and 2-qubit controlled-NOT gates for simple verbs. The smaller systems described have been run successfully on physical quantum computers, and the larger ones have been simulated. We show that statistically meaningful results can be obtained using real datasets, but this is much more difficult to predict than with easier artificial language examples used previously in developing quantum NLP systems. Other approaches to quantum NLP are compared, partly with respect to contemporary issues including informal language, fluency, and truthfulness."
225,Power of Quantum Generative Learning,2205.04730,,consistent,arxiv,https://arxiv.org/abs/2205.04730,,,https://arxiv.org/pdf/2205.04730,,,,arXiv (Cornell University),1118,1118,"The intrinsic probabilistic nature of quantum mechanics invokes endeavors of designing quantum generative learning models (QGLMs). Despite the empirical achievements, the foundations and the potential advantages of QGLMs remain largely obscure. To narrow this knowledge gap, here we explore the generalization property of QGLMs, the capability to extend the model from learned to unknown data. We consider two prototypical QGLMs, quantum circuit Born machines and quantum generative adversarial networks, and explicitly give their generalization bounds. The result identifies superiorities of QGLMs over classical methods when quantum devices can directly access the target distribution and quantum kernels are employed. We further employ these generalization bounds to exhibit potential advantages in quantum state preparation and Hamiltonian learning. Numerical results of QGLMs in loading Gaussian distribution and estimating ground states of parameterized Hamiltonians accord with the theoretical analysis. Our work opens the avenue for quantitatively understanding the power of quantum generative learning models."
229,Recent Advances for Quantum Neural Networks in Generative Learning,2206.03066,,consistent,arxiv,https://arxiv.org/abs/2206.03066,,,https://arxiv.org/pdf/2206.03066,,,,arXiv (Cornell University),1303,1303,"Quantum computers are next-generation devices that hold promise to perform calculations beyond the reach of classical computers. A leading method towards achieving this goal is through quantum machine learning, especially quantum generative learning. Due to the intrinsic probabilistic nature of quantum mechanics, it is reasonable to postulate that quantum generative learning models (QGLMs) may surpass their classical counterparts. As such, QGLMs are receiving growing attention from the quantum physics and computer science communities, where various QGLMs that can be efficiently implemented on near-term quantum machines with potential computational advantages are proposed. In this paper, we review the current progress of QGLMs from the perspective of machine learning. Particularly, we interpret these QGLMs, covering quantum circuit born machines, quantum generative adversarial networks, quantum Boltzmann machines, and quantum autoencoders, as the quantum extension of classical generative learning models. In this context, we explore their intrinsic relation and their fundamental differences. We further summarize the potential applications of QGLMs in both conventional machine learning tasks and quantum physics. Last, we discuss the challenges and further research directions for QGLMs."
249,Verifying Fairness in Quantum Machine Learning,2207.11173,,consistent,arxiv,https://arxiv.org/abs/2207.11173,,,https://arxiv.org/pdf/2207.11173,,,,Edinburgh Research Explorer (University of Edinburgh),1472,1472,"Due to the beyond-classical capability of quantum computing, quantum machine learning is applied independently or embedded in classical models for decision making, especially in the field of finance. Fairness and other ethical issues are often one of the main concerns in decision making. In this work, we define a formal framework for the fairness verification and analysis of quantum machine learning decision models, where we adopt one of the most popular notions of fairness in the literature based on the intuition -- any two similar individuals must be treated similarly and are thus unbiased. We show that quantum noise can improve fairness and develop an algorithm to check whether a (noisy) quantum machine learning model is fair. In particular, this algorithm can find bias kernels of quantum data (encoding individuals) during checking. These bias kernels generate infinitely many bias pairs for investigating the unfairness of the model. Our algorithm is designed based on a highly efficient data structure -- Tensor Networks -- and implemented on Google's TensorFlow Quantum. The utility and effectiveness of our algorithm are confirmed by the experimental results, including income prediction and credit scoring on real-world data, for a class of random (noisy) quantum decision models with 27 qubits ($2^{27}$-dimensional state space) tripling ($2^{18}$ times more than) that of the state-of-the-art algorithms for verifying quantum machine learning models."
313,A Framework for Demonstrating Practical Quantum Advantage: Racing Quantum against Classical Generative Models,2303.15626,10.1038/s42005-024-01552-6,consistent,arxiv,https://arxiv.org/abs/2303.15626,https://doi.org/10.1038/s42005-024-01552-6,nature.com,https://arxiv.org/pdf/2303.15626,,,"Communications Physics volume 7, Article number: 68 (2024)",arXiv (Cornell University),1276,1276,"Generative modeling has seen a rising interest in both classical and quantum machine learning, and it represents a promising candidate to obtain a practical quantum advantage in the near term. In this study, we build over a proposed framework for evaluating the generalization performance of generative models, and we establish the first quantitative comparative race towards practical quantum advantage (PQA) between classical and quantum generative models, namely Quantum Circuit Born Machines (QCBMs), Transformers (TFs), Recurrent Neural Networks (RNNs), Variational Autoencoders (VAEs), and Wasserstein Generative Adversarial Networks (WGANs). After defining four types of PQAs scenarios, we focus on what we refer to as potential PQA, aiming to compare quantum models with the best-known classical algorithms for the task at hand. We let the models race on a well-defined and application-relevant competition setting, where we illustrate and demonstrate our framework on 20 variables (qubits) generative modeling task. Our results suggest that QCBMs are more efficient in the data-limited regime than the other state-of-the-art classical generative models. Such a feature is highly desirable in a wide range of real-world applications where the available data is scarce."
296,A performance characterization of quantum generative models,2301.09363,10.1145/3655027,consistent,arxiv,https://arxiv.org/abs/2301.09363,https://doi.org/10.1145/3655027,dl.acm.org,https://arxiv.org/pdf/2301.09363,,,"ACM Transactions on Quantum Computing, Volume 5, Issue 2 (2024)",arXiv (Cornell University),1607,1607,"Quantum generative modeling is a growing area of interest for industry-relevant applications. With the field still in its infancy, there are many competing techniques. This work is an attempt to systematically compare a broad range of these techniques to guide quantum computing practitioners when deciding which models and techniques to use in their applications. We compare fundamentally different architectural ansatzes of parametric quantum circuits used for quantum generative modeling: 1. A continuous architecture, which produces continuous-valued data samples, and 2. a discrete architecture, which samples on a discrete grid. We compare the performance of different data transformations: normalization by the min-max transform or by the probability integral transform. We learn the underlying probability distribution of the data sets via two popular training methods: 1. quantum circuit Born machines (QCBM), and 2. quantum generative adversarial networks (QGAN). We study their performance and trade-offs as the number of model parameters increases, with the baseline of similarly trained classical neural networks. The study is performed on six low-dimensional synthetic and two real financial data sets. Our two key findings are that: 1. For all data sets, our quantum models require similar or fewer parameters than their classical counterparts. In the extreme case, the quantum models require two of orders of magnitude less parameters. 2. We empirically find that a variant of the discrete architecture, which learns the copula of the probability distribution, outperforms all other methods."
314,Fast gradient-free activation maximization for neurons in spiking neural networks,2401.10748,10.1016/j.neucom.2024.129070,consistent,arxiv,https://arxiv.org/abs/2401.10748,https://doi.org/10.1016/j.neucom.2024.129070,linkinghub.elsevier.com,https://arxiv.org/pdf/2401.10748,,,,arXiv (Cornell University),1876,1876,"Elements of neural networks, both biological and artificial, can be described by their selectivity for specific cognitive features. Understanding these features is important for understanding the inner workings of neural networks. For a living system, such as a neuron, whose response to a stimulus is unknown and not differentiable, the only way to reveal these features is through a feedback loop that exposes it to a large set of different stimuli. The properties of these stimuli should be varied iteratively in order to maximize the neuronal response. To utilize this feedback loop for a biological neural network, it is important to run it quickly and efficiently in order to reach the stimuli that maximizes certain neurons' activation with the least number of iterations possible. Here we present a framework with an efficient design for such a loop. We successfully tested it on an artificial spiking neural network (SNN), which is a model that simulates the asynchronous spiking activity of neurons in living brains. Our optimization method for activation maximization is based on the low-rank Tensor Train decomposition of the discrete activation function. The optimization space is the latent parameter space of images generated by SN-GAN or VQ-VAE generative models. To our knowledge, this is the first time that effective AM has been applied to SNNs. We track changes in the optimal stimuli for artificial neurons during training and show that highly selective neurons can form already in the early epochs of training and in the early layers of a convolutional spiking network. This formation of refined optimal stimuli is associated with an increase in classification accuracy. Some neurons, especially in the deeper layers, may gradually change the concepts they are selective for during learning, potentially explaining their importance for model performance."
306,Implementing Quantum Generative Adversarial Network (qGAN) and QCBM in Finance,2308.08448,,consistent,arxiv,https://arxiv.org/abs/2308.08448,,,https://arxiv.org/pdf/2308.08448,,,,arXiv (Cornell University),984,984,"Quantum machine learning (QML) is a cross-disciplinary subject made up of two of the most exciting research areas: quantum computing and classical machine learning (ML), with ML and artificial intelligence (AI) being projected as the first fields that will be impacted by the rise of quantum machines. Quantum computers are being used today in drug discovery, material & molecular modelling and finance. In this work, we discuss some upcoming active new research areas in application of quantum machine learning (QML) in finance. We discuss certain QML models that has become areas of active interest in the financial world for various applications. We use real world financial dataset and compare models such as qGAN (quantum generative adversarial networks) and QCBM (quantum circuit Born machine) among others, using simulated environments. For the qGAN, we define quantum circuits for discriminators and generators and show promises of future quantum advantage via QML in finance."
315,"On Model Compression for Neural Networks: Framework, Algorithm, and Convergence Guarantee",2303.06815,,consistent,arxiv,https://arxiv.org/abs/2303.06815,,,https://arxiv.org/pdf/2303.06815,https://github.com/ChenyangLi-97/NN-BCD,,,arXiv (Cornell University),1390,1390,"Model compression is a crucial part of deploying neural networks (NNs), especially when the memory and storage of computing devices are limited in many applications. This paper focuses on two model compression techniques: low-rank approximation and weight pruning in neural networks, which are very popular nowadays. However, training NN with low-rank approximation and weight pruning always suffers significant accuracy loss and convergence issues. In this paper, a holistic framework is proposed for model compression from a novel perspective of nonconvex optimization by designing an appropriate objective function. Then, we introduce NN-BCD, a block coordinate descent (BCD) algorithm to solve the nonconvex optimization. One advantage of our algorithm is that an efficient iteration scheme can be derived with closed-form, which is gradient-free. Therefore, our algorithm will not suffer from vanishing/exploding gradient problems. Furthermore, with the Kurdyka-Łojasiewicz (KŁ) property of our objective function, we show that our algorithm globally converges to a critical point at the rate of O(1/k), where k denotes the number of iterations. Lastly, extensive experiments with tensor train decomposition and weight pruning demonstrate the efficiency and superior performance of the proposed framework. Our code implementation is available at https://github.com/ChenyangLi-97/NN-BCD"
316,Quantum Generative Modeling using Parameterized Quantum Circuits,2303.16955,,consistent,arxiv,https://arxiv.org/abs/2303.16955,,,https://arxiv.org/pdf/2303.16955,,,,arXiv (Cornell University),1170,1170,"Quantum generative models use the intrinsic probabilistic nature of quantum mechanics to learn and reproduce complex probability distributions. In this paper, we present an implementation of a 3-qubit quantum circuit Born machine trained to model a 3-bit Gaussian distribution using a Kullback-Leibler (KL) divergence loss and parameter-shift gradient optimization. The variational quantum circuit consists of layers of parameterized rotations and entangling gates, and is optimized such that the Born rule output distribution closely matches the target distribution. We detail the mathematical formulation of the model distribution, the KL divergence cost function, and the parameter-shift rule for gradient evaluation. Training results on a statevector simulator show that the KL divergence is minimized to near zero, and the final generated distribution aligns quantitatively with the target probabilities. We analyze the convergence behavior and discuss the implications for scalability and quantum advantage. Our results demonstrate the feasibility of small-scale quantum generative learning and provide insight into the training dynamics of quantum circuit models."
317,Quantum-Inspired Machine Learning: a Survey,2308.11269,,consistent,arxiv,https://arxiv.org/abs/2308.11269,,,https://arxiv.org/pdf/2308.11269,,,,,1175,1175,"Quantum-inspired Machine Learning (QiML) is a burgeoning field, receiving global attention from researchers for its potential to leverage principles of quantum mechanics within classical computational frameworks. However, current review literature often presents a superficial exploration of QiML, focusing instead on the broader Quantum Machine Learning (QML) field. In response to this gap, this survey provides an integrated and comprehensive examination of QiML, exploring QiML's diverse research domains including tensor network simulations, dequantized algorithms, and others, showcasing recent advancements, practical applications, and illuminating potential future research avenues. Further, a concrete definition of QiML is established by analyzing various prior interpretations of the term and their inherent ambiguities. As QiML continues to evolve, we anticipate a wealth of future developments drawing from quantum mechanics, quantum computing, and classical machine learning, enriching the field further. This survey serves as a guide for researchers and practitioners alike, providing a holistic understanding of QiML's current landscape and future directions."
318,TensorCodec: Compact Lossy Compression of Tensors without Strong Data Assumptions,2309.10310,,consistent,arxiv,https://arxiv.org/abs/2309.10310,,,https://arxiv.org/pdf/2309.10310,https://github.com/kbrother/TensorCodec,,,arXiv (Cornell University),1599,1599,"Many real-world datasets are represented as tensors, i.e., multi-dimensional arrays of numerical values. Storing them without compression often requires substantial space, which grows exponentially with the order. While many tensor compression algorithms are available, many of them rely on strong data assumptions regarding its order, sparsity, rank, and smoothness. In this work, we propose TENSORCODEC, a lossy compression algorithm for general tensors that do not necessarily adhere to strong input data assumptions. TENSORCODEC incorporates three key ideas. The first idea is Neural Tensor-Train Decomposition (NTTD) where we integrate a recurrent neural network into Tensor-Train Decomposition to enhance its expressive power and alleviate the limitations imposed by the low-rank assumption. Another idea is to fold the input tensor into a higher-order tensor to reduce the space required by NTTD. Finally, the mode indices of the input tensor are reordered to reveal patterns that can be exploited by NTTD for improved approximation. Our analysis and experiments on 8 real-world datasets demonstrate that TENSORCODEC is (a) Concise: it gives up to 7.38x more compact compression than the best competitor with similar reconstruction error, (b) Accurate: given the same budget for compressed size, it yields up to 3.33x more accurate reconstruction than the best competitor, (c) Scalable: its empirical compression time is linear in the number of tensor entries, and it reconstructs each entry in logarithmic time. Our code and datasets are available at https://github.com/kbrother/TensorCodec."
381,Extraction of nonlinearity in neural networks with Koopman operator,2402.11740,10.1088/1742-5468/ad5713,consistent,arxiv,https://arxiv.org/abs/2402.11740,https://doi.org/10.1088/1742-5468/ad5713,iopscience.iop.org,https://arxiv.org/pdf/2402.11740,,,"J. Stat. Mech. Vol. 2024, Article No. 073401, pp. 1-22 (2024)",arXiv (Cornell University),1112,1112,"Nonlinearity plays a crucial role in deep neural networks. In this paper, we investigate the degree to which the nonlinearity of the neural network is essential. For this purpose, we employ the Koopman operator, extended dynamic mode decomposition, and the tensor-train format. The Koopman operator approach has been recently developed in physics and nonlinear sciences; the Koopman operator deals with the time evolution in the observable space instead of the state space. Since we can replace the nonlinearity in the state space with the linearity in the observable space, it is a hopeful candidate for understanding complex behavior in nonlinear systems. Here, we analyze learned neural networks for the classification problems. As a result, the replacement of the nonlinear middle layers with the Koopman matrix yields enough accuracy in numerical experiments. In addition, we confirm that the pruning of the Koopman matrix gives sufficient accuracy even at high compression ratios. These results indicate the possibility of extracting some features in the neural networks with the Koopman operator approach."
382,Problem-informed Graphical Quantum Generative Learning,2405.14072,10.1088/2058-9565/ae73b0,consistent,arxiv,https://arxiv.org/abs/2405.14072,https://doi.org/10.1088/2058-9565/ae73b0,iopscience.iop.org,https://arxiv.org/pdf/2405.14072,,,"Quantum Science and Technology 11 (3), 035012 (2026)",,1373,1373,"Leveraging the intrinsic probabilistic nature of quantum systems, generative quantum machine learning (QML) offers the potential to outperform classical learning models. Current generative QML algorithms mostly rely on general-purpose models that, while being very expressive, face several training challenges. One potential way to address these setbacks is by constructing problem-informed models that are capable of more efficient training on structured problems. In particular, probabilistic graphical models provide a flexible framework for representing structure in generative learning problems and can thus be exploited to incorporate inductive bias into QML algorithms. In this work, we propose a problem-informed quantum circuit Born machine Ansatz for learning the joint probability distribution of random variables, with independence relations efficiently represented by a Markov network (MN). We further demonstrate the applicability of the MN framework in constructing generative learning benchmarks and compare our model's performance to previous designs, showing that it outperforms problem-agnostic circuits. Based on a preliminary analysis of trainability, we narrow down the class of MNs to those exhibiting favourable trainability properties. Finally, we discuss the potential of our model to offer quantum advantage in the context of generative learning."
383,Scalable quantum dynamics compilation via quantum machine learning,2409.16346,,consistent,arxiv,https://arxiv.org/abs/2409.16346,,,https://arxiv.org/pdf/2409.16346,,,,,1319,1319,"Quantum dynamics compilation is an important task for improving quantum simulation efficiency: It aims to synthesize multi-qubit target dynamics into a circuit consisting of as few elementary gates as possible. Compared to deterministic methods such as Trotterization, variational quantum compilation (VQC) methods employ variational optimization to reduce gate costs while maintaining high accuracy. In this work, we explore the potential of a VQC scheme by making use of out-of-distribution generalization results in quantum machine learning (QML): By learning the action of a given many-body dynamics on a small data set of product states, we can obtain a unitary circuit that generalizes to highly entangled states such as the Haar random states. The efficiency in training allows us to use tensor network methods to compress such time-evolved product states by exploiting their low entanglement features. Our approach exceeds state-of-the-art compilation results in both system size and accuracy in one dimension ($1$D). For the first time, we extend VQC to systems on two-dimensional (2D) strips with a quasi-1D treatment, demonstrating a significant resource advantage over standard Trotterization methods, highlighting the method's promise for advancing quantum simulation tasks on near-term quantum processors."
384,VeriQR: A Robustness Verification Tool for Quantum Machine Learning Models,2407.13533,,consistent,arxiv,https://arxiv.org/abs/2407.13533,,,https://arxiv.org/pdf/2407.13533,,,,Edinburgh Research Explorer (University of Edinburgh),1721,1721,"Adversarial noise attacks present a significant threat to quantum machine learning (QML) models, similar to their classical counterparts. This is especially true in the current Noisy Intermediate-Scale Quantum era, where noise is unavoidable. Therefore, it is essential to ensure the robustness of QML models before their deployment. To address this challenge, we introduce \textit{VeriQR}, the first tool designed specifically for formally verifying and improving the robustness of QML models, to the best of our knowledge. This tool mimics real-world quantum hardware's noisy impacts by incorporating random noise to formally validate a QML model's robustness. \textit{VeriQR} supports exact (sound and complete) algorithms for both local and global robustness verification. For enhanced efficiency, it implements an under-approximate (complete) algorithm and a tensor network-based algorithm to verify local and global robustness, respectively. As a formal verification tool, \textit{VeriQR} can detect adversarial examples and utilize them for further analysis and to enhance the local robustness through adversarial training, as demonstrated by experiments on real-world quantum machine learning models. Moreover, it permits users to incorporate customized noise. Based on this feature, we assess \textit{VeriQR} using various real-world examples, and experimental outcomes confirm that the addition of specific quantum noise can enhance the global robustness of QML models. These processes are made accessible through a user-friendly graphical interface provided by \textit{VeriQR}, catering to general users without requiring a deep understanding of the counter-intuitive probabilistic nature of quantum computing."
477,A review of quantum machine learning and quantum-inspired applied methods to computational fluid dynamics,2510.14099,,consistent,arxiv,https://arxiv.org/abs/2510.14099,,,https://arxiv.org/pdf/2510.14099,,,,arXiv (Cornell University),1633,1633,"Computational Fluid Dynamics (CFD) is central to science and engineering, but faces severe scalability challenges, especially in high-dimensional, multiscale, and turbulent regimes. Traditional numerical methods often become prohibitively expensive under these conditions. Quantum computing and quantum-inspired methods have been investigated as promising alternatives. This review surveys advances at the intersection of quantum computing, quantum algorithms, machine learning, and tensor network techniques for CFD. We discuss the use of Variational Quantum Algorithms as hybrid quantum-classical solvers for PDEs, emphasizing their ability to incorporate nonlinearities through Quantum Nonlinear Processing Units. We further review Quantum Neural Networks and Quantum Physics-Informed Neural Networks, which extend classical machine learning frameworks to quantum hardware and have shown advantages in parameter efficiency and solution accuracy for certain CFD benchmarks. Beyond quantum computing, we examine tensor network methods, originally developed for quantum many-body systems and now adapted to CFD as efficient high-dimensional compression and solver tools. Reported studies include several orders of magnitude reductions in memory and runtime while preserving accuracy. Together, these approaches highlight quantum and quantum-inspired strategies that may enable more efficient CFD solvers. This review closes with perspectives: quantum CFD remains out of reach in the NISQ era, but quantum-inspired tensor networks already show practical benefits, with hybrid approaches offering the most promising near-term strategy."
478,DeepQuantum: A PyTorch-based Software Platform for Quantum Machine Learning and Photonic Quantum Computing,2512.18995,,consistent,arxiv,https://arxiv.org/abs/2512.18995,,,https://arxiv.org/pdf/2512.18995,https://github.com/TuringQ/deepquantum,,,arXiv (Cornell University),1099,1099,"We introduce DeepQuantum, an open-source, PyTorch-based software platform for quantum machine learning and photonic quantum computing. This AI-enhanced framework enables efficient design and execution of hybrid quantum-classical models and variational quantum algorithms on both CPUs and GPUs. For photonic quantum computing, DeepQuantum implements Fock, Gaussian, and Bosonic backends, catering to different simulation needs. To our knowledge, it is the first framework to realize closed-loop integration of three paradigms of quantum computing, namely quantum circuits, photonic quantum circuits, and measurement-based quantum computing, thereby enabling robust support for both specialized and universal photonic quantum algorithm design. Furthermore, DeepQuantum supports large-scale simulations based on tensor network techniques and a distributed parallel computing architecture. We demonstrate these capabilities through comprehensive benchmarks and illustrative examples. With its unique features, DeepQuantum is intended to be a powerful platform for both AI for Quantum and Quantum for AI."
479,Dimension reduction with structure-aware quantum circuits for hybrid machine learning,2508.00048,,consistent,arxiv,https://arxiv.org/abs/2508.00048,,,https://arxiv.org/pdf/2508.00048,https://github.com/adaskin/structure-aware-circuits,,,arXiv (Cornell University),1467,1467,"Schmidt decomposition of a vector can be understood as writing the singular value decomposition (SVD) in vector form. A vector can be written as a linear combination of tensor product of two dimensional vectors by recursively applying Schmidt decompositions via SVD to all subsystems. Given a vector expressed as a linear combination of tensor products, using only the $k$ principal terms yields a $k$-rank approximation of the vector. Therefore, writing a vector in this reduced form allows to retain most important parts of the vector while removing small noises from it, analogous to SVD-based denoising. In this paper, we show that quantum circuits designed based on a value $k$ (determined from the tensor network decomposition of the mean vector of the training sample) can approximate the reduced-form representations of entire datasets. We then employ this circuit ansatz with a classical neural network head to construct a hybrid machine learning model. Since the output of the quantum circuit for an $2^n$ dimensional vector is an $n$ dimensional probability vector, this provides an exponential compression of the input and potentially can reduce the number of learnable parameters for training large-scale models. We use datasets provided in the Python scikit-learn module for the experiments. The results confirm the quantum circuit is able to compress data successfully to provide effective $k$-rank approximations to the classical processing component."
480,Embedding-Aware Quantum-Classical SVMs for Scalable Quantum Machine Learning,2508.00024,,consistent,arxiv,https://arxiv.org/abs/2508.00024,,,https://arxiv.org/pdf/2508.00024,,,,arXiv (Cornell University),864,864,"Quantum Support Vector Machines face scalability challenges due to high-dimensional quantum states and hardware limitations. We propose an embedding-aware quantum-classical pipeline combining class-balanced k-means distillation with pretrained Vision Transformer embeddings. Our key finding: ViT embeddings uniquely enable quantum advantage, achieving up to 8.02% accuracy improvements over classical SVMs on Fashion-MNIST and 4.42% on MNIST, while CNN features show performance degradation. Using 16-qubit tensor network simulation via cuTensorNet, we provide the first systematic evidence that quantum kernel advantage depends critically on embedding choice, revealing fundamental synergy between transformer attention and quantum feature spaces. This provides a practical pathway for scalable quantum machine learning that leverages modern neural architectures."
481,Enhancing Symbolic Machine Learning by Subsymbolic Representations,2506.14569,,consistent,arxiv,https://arxiv.org/abs/2506.14569,,,https://arxiv.org/pdf/2506.14569,,,,arXiv (Cornell University),1229,1229,"The goal of neuro-symbolic AI is to integrate symbolic and subsymbolic AI approaches, to overcome the limitations of either. Prominent systems include Logic Tensor Networks (LTN) or DeepProbLog, which offer neural predicates and end-to-end learning. The versatility of systems like LTNs and DeepProbLog, however, makes them less efficient in simpler settings, for instance, for discriminative machine learning, in particular in domains with many constants. Therefore, we follow a different approach: We propose to enhance symbolic machine learning schemes by giving them access to neural embeddings. In the present paper, we show this for TILDE and embeddings of constants used by TILDE in similarity predicates. The approach can be fine-tuned by further refining the embeddings depending on the symbolic theory. In experiments in three real-world domain, we show that this simple, yet effective, approach outperforms all other baseline methods in terms of the F1 score. The approach could be useful beyond this setting: Enhancing symbolic learners in this way could be extended to similarities between instances (effectively working like kernels within a logical language), for analogical reasoning, or for propositionalization."
482,Fast and Expressive Multi-Byte Prediction with Probabilistic Circuits,2511.11346,,consistent,arxiv,https://arxiv.org/abs/2511.11346,,,https://arxiv.org/pdf/2511.11346,,,,arXiv (Cornell University),1379,1379,"Multi-token prediction (MTP) is a prominent strategy to significantly speed up generation in large language models (LLMs), especially in byte-level LLMs, which are tokeniser-free but prohibitively slow. However, many existing MTP methods either assume independence between future tokens, sacrificing expressiveness, or generate tokens one at a time within the window, increasing latency. In this work, we investigate the trade-off between expressiveness and latency in MTP within the framework of probabilistic circuits (PCs). Our framework, MTPC, allows one to explore different ways to encode the joint distributions over future tokens by selecting circuit architectures, generalising classical models such as (hierarchical) mixture models, hidden Markov models, and tensor networks. We show the efficacy of MTPC by retrofitting existing byte-level LLMs, such as EvaByte, and byte-fied subword models, such as Llama3.2 3B. Our experiments show that, when combined with speculative decoding, MTPC substantially speeds up generation compared to MTP with independence assumptions, while guaranteeing to retain the performance of the original verifier LLM. We also rigorously study the optimal trade-off between expressiveness and latency when exploring the possible parameterisations of MTPC, such as PC architectures and partial layer sharing between the verifier and draft LLMs."
483,QCA-MolGAN: Quantum Circuit Associative Molecular GAN with Multi-Agent Reinforcement Learning,2509.05051,,consistent,arxiv,https://arxiv.org/abs/2509.05051,,,https://arxiv.org/pdf/2509.05051,,,,University of Birmingham Research Portal (University of Birmingham),1107,1107,"Navigating the vast chemical space of molecular structures to design novel drug molecules with desired target properties remains a central challenge in drug discovery. Recent advances in generative models offer promising solutions. This work presents a novel quantum circuit Born machine (QCBM)-enabled Generative Adversarial Network (GAN), called QCA-MolGAN, for generating drug-like molecules. The QCBM serves as a learnable prior distribution, which is associatively trained to define a latent space aligning with high-level features captured by the GANs discriminator. Additionally, we integrate a novel multi-agent reinforcement learning network to guide molecular generation with desired targeted properties, optimising key metrics such as quantitative estimate of drug-likeness (QED), octanol-water partition coefficient (LogP) and synthetic accessibility (SA) scores in conjunction with one another. Experimental results demonstrate that our approach enhances the property alignment of generated molecules with the multi-agent reinforcement learning agents effectively balancing chemical properties."
484,Qiboml: towards the orchestration of quantum-classical machine learning,2510.11773,,consistent,arxiv,https://arxiv.org/abs/2510.11773,,,https://arxiv.org/pdf/2510.11773,https://github.com/qiboteam/qiboml,,,CERN Document Server (European Organization for Nuclear Research),729,729,"We present Qiboml, an open-source software library for orchestrating quantum and classical components in hybrid machine learning workflows. Building on Qibo's quantum computing capabilities and integrating with popular machine learning frameworks such as TensorFlow and PyTorch, Qiboml enables the construction of quantum and hybrid models that can run on a broad range of backends: (i) multi-threaded CPUs, GPUs, and multi-GPU systems for simulation with statevector or tensor network methods; (ii) quantum processing units, both on-premise and through cloud providers. In this paper, we showcase its functionalities, including diverse simulation options, noise-aware simulations, and real-time error mitigation and calibration."
485,Quantum Generative Models for Computational Fluid Dynamics: A First Exploration of Latent Space Learning in Lattice Bolt,2512.22672,,consistent,arxiv,https://arxiv.org/abs/2512.22672,,,https://arxiv.org/pdf/2512.22672,,,,arXiv (Cornell University),1427,1427,"This paper presents the first application of quantum generative models to learned latent space representations of computational fluid dynamics (CFD) data. While recent work has explored quantum models for learning statistical properties of fluid systems, the combination of discrete latent space compression with quantum generative sampling for CFD remains unexplored. We develop a GPU-accelerated Lattice Boltzmann Method (LBM) simulator to generate fluid vorticity fields, which are compressed into a discrete 7-dimensional latent space using a Vector Quantized Variational Autoencoder (VQ-VAE). The central contribution is a comparative analysis of quantum and classical generative approaches for modeling this physics-derived latent distribution: we evaluate a Quantum Circuit Born Machine (QCBM) and Quantum Generative Adversarial Network (QGAN) against a classical Long Short-Term Memory (LSTM) baseline. Under our experimental conditions, both quantum models produced samples with lower average minimum distances to the true distribution compared to the LSTM, with the QCBM achieving the most favorable metrics. This work provides: (1)~a complete open-source pipeline bridging CFD simulation and quantum machine learning, (2)~the first empirical study of quantum generative modeling on compressed latent representations of physics simulations, and (3)~a foundation for future rigorous investigation at this intersection."
486,Quantum Machine Learning in Transportation: A Case Study of Pedestrian Stress Modelling,2507.01235,,consistent,arxiv,https://arxiv.org/abs/2507.01235,,,https://arxiv.org/pdf/2507.01235,,,"Proceedings of IEEE Intelligent Transportation Systems Conference, 2025",arXiv (Cornell University),1071,1071,"Quantum computing has opened new opportunities to tackle complex machine learning tasks, for instance, high-dimensional data representations commonly required in intelligent transportation systems. We explore quantum machine learning to model complex skin conductance response (SCR) events that reflect pedestrian stress in a virtual reality road crossing experiment. For this purpose, Quantum Support Vector Machine (QSVM) with an eight-qubit ZZ feature map and a Quantum Neural Network (QNN) using a Tree Tensor Network ansatz and an eight-qubit ZZ feature map, were developed on Pennylane. The dataset consists of SCR measurements along with features such as the response amplitude and elapsed time, which have been categorized into amplitude-based classes. The QSVM achieved good training accuracy, but had an overfitting problem, showing a low test accuracy of 45% and therefore impacting the reliability of the classification model. The QNN model reached a higher test accuracy of 55%, making it a better classification model than the QSVM and the classic versions."
487,Quantum-Enhanced LLM Efficient Fine Tuning,2503.12790,,consistent,arxiv,https://arxiv.org/abs/2503.12790,,,https://arxiv.org/pdf/2503.12790,,,,arXiv (Cornell University),1475,1475,"Low-Rank Adaptation (LoRA) enables efficient fine-tuning of pre-trained language models through low-rank matrix approximation, achieving effectiveness in many scenarios. However, its representation capacity is constrained in complex tasks or high-rank dependency settings, potentially limiting model adaptability. To overcome the expressive bottleneck in classical low-rank approximation for fine-tuning large language models (LLMs), we propose Quantum Tensor Hybrid Adaptation (QTHA), a parameter-efficient fine-tuning method that integrates a quantum neural network (QNN) with a tensor network. QTHA explores quantum tensor hybrid fine-tuning within low-rank spaces by decomposing pre-trained weights into quantum neural network and tensor network representations, leveraging quantum state superposition to overcome classical rank limitations. Experiments demonstrate that QTHA achieves performance comparable to or surpassing LoRA in parameter-efficient fine-tuning. Compared to LoRA, QTHA reduces trainable parameters by 76% while reducing training loss by up to 17% and improving test set performance by up to 17% within the same training steps. This research not only enables lightweight adaptation of quantum resources to the billion-parameter models but also validates the feasibility of quantum hardware optimization driven by LLM tasks. It establishes the first engineering-ready foundation for future quantum-enhanced Artificial General Intelligence (AGI) systems."
488,Scalable Back-Propagation-Free Training of Optical Physics-Informed Neural Networks,2502.12384,,consistent,arxiv,https://arxiv.org/abs/2502.12384,,,https://arxiv.org/pdf/2502.12384,,,,,1754,1754,"Physics intelligence and digital twins often require rapid and repeated performance evaluation of various engineering systems (e.g. robots, autonomous vehicles, semiconductor chips) to enable (almost) real-time actions or decision making. This has motivated the development of accelerated partial differential equation (PDE) solvers, in resource-constrained scenarios if the PDE solvers are to be deployed on the edge. Physics-informed neural networks (PINNs) have shown promise in solving high-dimensional PDEs, but the training time on state-of-the-art digital hardware (e.g., GPUs) is still orders-of-magnitude longer than the latency required for enabling real-time decision making. Photonic computing offers a potential solution to address this huge latency gap because of its ultra-high operation speed. However, the lack of photonic memory and the large device sizes prevent training real-size PINNs on photonic chips. This paper proposes a completely back-propagation-free (BP-free) and highly salable framework for training real-size PINNs on silicon photonic platforms. Our approach involves three key innovations: (1) a sparse-grid Stein derivative estimator to avoid the BP in the loss evaluation of a PINN, (2) a dimension-reduced zeroth-order optimization via tensor-train decomposition to achieve better scalability and convergence in BP-free training, and (3) a scalable on-chip photonic PINN training accelerator design using photonic tensor cores. We validate our numerical methods on both low- and high-dimensional PDE benchmarks. Through pre-silicon simulation based on real device parameters, we further demonstrate the significant performance benefit (e.g., real-time training, huge chip area reduction) of our photonic accelerator."
489,Sequence Modeling with Spectral Mean Flows,2510.15366,,consistent,arxiv,https://arxiv.org/abs/2510.15366,,,https://arxiv.org/pdf/2510.15366,https://github.com/jw9730/spectral-mean-flow,,,,1356,1356,"A key question in sequence modeling with neural networks is how to represent and learn highly nonlinear and probabilistic state dynamics. Operator theory views such dynamics as linear maps on Hilbert spaces containing mean embedding vectors of distributions, offering an appealing but currently overlooked perspective. We propose a new approach to sequence modeling based on an operator-theoretic view of a hidden Markov model (HMM). Instead of materializing stochastic recurrence, we embed the full sequence distribution as a tensor in the product Hilbert space. A generative process is then defined as maximum mean discrepancy (MMD) gradient flow in the space of sequences. To overcome challenges with large tensors and slow sampling convergence, we introduce spectral mean flows, a novel tractable algorithm integrating two core concepts. First, we propose a new neural architecture by leveraging spectral decomposition of linear operators to derive a scalable tensor network decomposition of sequence mean embeddings. Second, we extend MMD gradient flows to time-dependent Hilbert spaces and connect them to flow matching via the continuity equation, enabling simulation-free learning and faster sampling. We demonstrate competitive results on a range of time-series modeling datasets. Code is available at https://github.com/jw9730/spectral-mean-flow."
490,The Born Ultimatum: Conditions for Classical Surrogation of Quantum Generative Models with Correlators,2511.01845,,consistent,arxiv,https://arxiv.org/abs/2511.01845,,,https://arxiv.org/pdf/2511.01845,,,,arXiv (Cornell University),1506,1506,"Quantum Circuit Born Machines (QCBMs) are powerful quantum generative models that sample according to the Born rule, with complexity-theoretic evidence suggesting potential quantum advantages for generative tasks. Here, we identify QCBMs as a quantum Fourier model independently of the loss function. This allows us to apply known dequantization conditions when the optimal quantum distribution is available. However, realizing this distribution is hindered by trainability issues such as vanishing gradients on quantum hardware. Recent train-classical, deploy-quantum approaches propose training classical surrogates of QCBMs and using quantum devices only for inference. We analyze the limitations of these methods arising from deployment discrepancies between classically trained and quantumly deployed parameters. Using the Fourier decomposition of the Born rule in terms of correlators, we quantify this discrepancy analytically. Approximating the decomposition via distribution truncation and classical surrogation provides concrete examples of such discrepancies, which we demonstrate numerically. We study this effect using tensor-networks and Pauli-propagation-based classical surrogates. Our study examines the use of IQP circuits, matchcircuits, Heisenberg-chain circuits, and Haldane-chain circuits for the QCBM ansatz. In doing so, we derive closed-form expressions for Pauli propagation in IQP circuits and the dynamical Lie algebra of the Haldane chain, which may be of independent interest."
491,Typical Machine Learning Datasets as Low-Depth Quantum Circuits,2505.03399,10.1088/2058-9565/ae0123,consistent,arxiv,https://arxiv.org/abs/2505.03399,https://doi.org/10.1088/2058-9565/ae0123,iopscience.iop.org,https://arxiv.org/pdf/2505.03399,,,"Quantum Science and Technology 10 4, 045035 (2025)",arXiv (Cornell University),1539,1539,"Quantum machine learning (QML) is an emerging field that investigates the capabilities of quantum computers for learning tasks. While QML models can theoretically offer advantages such as exponential speed-ups, challenges in data loading and the ability to scale to relevant problem sizes have prevented demonstrations of such advantages on practical problems. In particular, the encoding of arbitrary classical data into quantum states usually comes at a high computational cost, either in terms of qubits or gate count. However, real-world data typically exhibits some inherent structure (such as image data) which can be leveraged to load them with a much smaller cost on a quantum computer. This work further develops an efficient algorithm for finding low-depth quantum circuits to load classical image data as quantum states. To evaluate its effectiveness, we conduct systematic studies on the MNIST, Fashion-MNIST, CIFAR-10, and Imagenette datasets. The corresponding circuits for loading the full large-scale datasets are available publicly as PennyLane datasets and can be used by the community for their own benchmarks. We further analyze the performance of various quantum classifiers, such as quantum kernel methods, parameterized quantum circuits, and tensor-network classifiers, and we compare them to convolutional neural networks. In particular, we focus on the performance of the quantum classifiers as we introduce nonlinear functions of the input state, e.g., by letting the circuit parameters depend on the input state."
492,"Universality and kernel-adaptive training for classically trained, quantum-deployed generative models",2510.08476,,consistent,arxiv,https://arxiv.org/abs/2510.08476,,,https://arxiv.org/pdf/2510.08476,,,,arXiv (Cornell University),1900,1900,"The instantaneous quantum polynomial (IQP) quantum circuit Born machine (QCBM) has been proposed as a promising quantum generative model over bitstrings. Recent works have shown that the training of IQP-QCBM is classically tractable w.r.t. the so-called Gaussian kernel maximum mean discrepancy (MMD) loss function, while maintaining the potential of a quantum advantage for sampling itself. Nonetheless, the model has a number of aspects where improvements would be important for more general utility: (1) the basic model is known to be not universal - i.e. it is not capable of representing arbitrary distributions, and it was not known whether it is possible to achieve universality by adding hidden (ancillary) qubits; (2) a fixed Gaussian kernel used in the MMD loss can cause training issues, e.g., vanishing gradients. In this paper, we resolve the first question and make decisive strides on the second. We prove that for an $n$-qubit IQP generator, adding $n + 1$ hidden qubits makes the model universal. For the latter, we propose a kernel-adaptive training method, where the kernel is adversarially trained. We show that in the kernel-adaptive method, the convergence of the MMD value implies weak convergence in distribution of the generator. We also analytically analyze the limitations of the MMD-based training method. Finally, we verify the performance benefits on the dataset crafted to spotlight improvements by the suggested method. The results show that kernel-adaptive training outperforms a fixed Gaussian kernel in total variation distance, and the gap increases with the dataset dimensionality. These modifications and analyses shed light on the limits and potential of these new quantum generative methods, which could offer the first truly scalable insights in the comparative capacities of classical versus quantum models, even without access to scalable quantum computers."
567,"A Coherent Memory Register for Sequential Quantum Generative Modeling, with Application to Calorimeter Showers",2609.23050,,consistent,arxiv,https://arxiv.org/abs/2609.23050,,,https://arxiv.org/pdf/2609.23050,,,,arXiv (Cornell University),1859,1859,"Simulating the showers that particles deposit in a calorimeter, the detector that records their energy across many cells, is one of the largest computing costs in high-energy physics, and fast generative surrogates are needed. Quantum circuits have been proposed as such surrogates, but demonstrations on calorimeter data have either required a register that grows with the image, roughly one qubit per cell, or have passed the information between parts of the image through a classical channel. We remove both constraints for this problem, using a construction drawn from the sequential-generation and hidden-quantum-Markov-model literature. A shower image is generated block by block on a fixed register of six qubits. Three of them, the memory, are never measured. They hold what the circuit knows about the blocks already generated as a quantum state, so the correlations between distant parts of the image cross each block boundary as unmeasured amplitudes. The other three are measured and reset once per block, and each outcome selects the energy pattern of one block. The register size is set by the block, so adding cells to the image adds steps to the sequence, not qubits. We call the model a coherent-memory Born machine (CoMB), a Born machine being a circuit whose measurement statistics are the generated distribution. Its training loss grows only linearly with the number of blocks and never requires enumerating the image distribution, and a depth-two instance runs on an IBM superconducting processor. On a twelve-cell benchmark the model reproduces the energy distribution of every cell, the correlation matrix between cells, and the total-energy spectrum. Removing the three memory qubits, with everything else unchanged, produces independent blocks. Every correlation between blocks is carried by the unmeasured qubits and by nothing else."
568,Autonomous Quantum Simulation through Large Language Model Agents,2601.10194,,consistent,arxiv,https://arxiv.org/abs/2601.10194,,,https://arxiv.org/pdf/2601.10194,,,,arXiv (Cornell University),1180,1180,"We demonstrate that large language model (LLM) agents can autonomously perform tensor network simulations of quantum many-body systems, achieving approximately 90% success rate across representative benchmark tasks. Tensor network methods are powerful tools for quantum simulation, but their effective use requires expertise typically acquired through years of graduate training. By combining in-context learning with curated documentation and multi-agent decomposition, we create autonomous AI agents that can be trained in specialized computational domains within minutes. We benchmark three configurations (baseline, single-agent with in-context learning, and multi-agent with in-context learning) on problems spanning quantum phase transitions, open quantum system dynamics, and photochemical reactions. Systematic evaluation using DeepSeek-V3.2, Gemini 2.5 Pro, and Claude Opus 4.5 demonstrates that both in-context learning and multi-agent architecture are essential. Analysis of failure modes reveals characteristic patterns across models, with the multi-agent configuration substantially reducing implementation errors and hallucinations compared to simpler architectures."
569,Classical Limits of Spectral Filtering in Quantum Generative Models,2608.14169,,consistent,arxiv,https://arxiv.org/abs/2608.14169,,,https://arxiv.org/pdf/2608.14169,,,,arXiv (Cornell University),1536,1536,"Spectral filtering has been proposed as a route to regularization in quantum generative models: the quantum Fourier transform exposes the amplitude spectrum of a quantum circuit Born machine, and a diagonal filter suppresses the high frequencies associated with finite-sample noise, an operation whose classical counterpart seemingly requires manipulating an exponentially long amplitude vector. We examine whether this coherent operation produces anything that classical post-processing of samples from the unfiltered model cannot match. Measuring the filter against convolution with a symmetric probability kernel at matched sampling cost, which accounts for the post-selection overhead of attenuation, we derive necessary and sufficient conditions for the gap between the two to vanish. Magnitude (attenuating) filters obey a dichotomy: at a fixed affordability threshold, the filtered output is either a constant-size Fourier object with an efficient classical sampler, or the passband must widen until no fixed frequency is attenuated and the filter no longer smooths. In neither case does the filter create a quantum-classical separation. Whatever separation survives is inherited from the spectral phase of the input state. Numerical experiments on trained circuit Born machines confirm the classification and show that the deciding phases are invisible to the Born-rule training loss and set by the initialization. Within the diagonal family, pure phase filters remain the only spectral operations exempt from these constraints."
570,Distilling Datasets into Shallow Circuits for Quantum Machine Learning,2609.28229,,consistent,arxiv,https://arxiv.org/abs/2609.28229,,,https://arxiv.org/pdf/2609.28229,,,,arXiv (Cornell University),1523,1523,"In quantum machine learning, training a quantum model requires each sample to be prepared as a quantum state by a loading circuit that must be re-executed for every shot at every training step. The total burden therefore scales with both the number of samples and the cost of preparation. Existing approaches reduce the loading cost of individual inputs or distill data and compress their representations before applying a separate quantum encoding. This separation can leave resulting samples costly to prepare or cause additional loss of the information during subsequent compilation into shallow circuits. We propose quantum dataset distillation (QDD), which distills the full dataset directly into a small set of shallow circuits. Each synthetic sample is parameterized as a staircase circuit corresponding to a low-rank tensor network, making the sample and its loading circuit the same object. The circuit parameters are optimized classically with exact gradients using distribution matching under an explicit loading budget, without post-hoc state-preparation synthesis. On MNIST and Fashion-MNIST, only 10 circuits per class ($0.0017\times$ the full dataset size) achieve accuracy comparable to full-data training and outperform selection baselines under matched sample and loading budgets. In finite-shot training, QDD reaches 95\% of the full-data accuracy with more than $100\times$ fewer cumulative shots. Additionally, we validate QDD on real quantum hardware, demonstrating its practical deployment potential."
571,Do Transformations Reveal the Truth? Generative Residual Learning for Generalized AI-Generated Image Detection,2607.08674,,consistent,arxiv,https://arxiv.org/abs/2607.08674,,,https://arxiv.org/pdf/2607.08674,,,,arXiv (Cornell University),1204,1204,"The rapid advancement of generative AI has enabled the creation of highly realistic deepfake media, posing significant threats, including misinformation, digital identity theft, fraud, and manipulation of public opinion. AI-generated image (AIGI) detection is reliably challenging due to the diversity of generative methods and the subtle artifacts they leave behind. In this work, we propose GenRes, a novel framework for generative residual learning via a neural tensor network, which models fine-grained relational features between original and transformed samples to enhance generalization. To address scenarios involving multiple generative transformations, we introduce GenRes++, which employs a learnable attention mechanism to aggregate relational features across multiple transformed samples and enables the model to focus on the most informative cues. Both models leverage PE-Core as a feature extractor, providing generalized and semantically rich embeddings that improve cross-domain performance and enable the detection of AIGI generated by unseen methods. Comprehensive experiments on multiple benchmark datasets demonstrate that the proposed GenRes++ approach outperforms existing methods."
572,Dual-Channel Tensor Neural Networks: Finite-Sample Theory and Conformal Structure Selection,2605.19122,,consistent,arxiv,https://arxiv.org/abs/2605.19122,,,https://arxiv.org/pdf/2605.19122,,,,arXiv (Cornell University),1622,1622,"Tensor-valued data arise naturally in neuroimaging, genomics, climate science, and spatiotemporal networks, where multilinear dependencies across modes carry information that is destroyed under vectorization. Existing approaches either impose a single low-rank structure, which can miss localized signal, or treat the tensor as a long vector, which discards its multiway geometry. We propose a *Dual-Channel Tensor Neural Network* (DC-TNN) that decomposes each tensor input into a low-rank core and a sparse refinement, and processes the two components through coupled neural channels. The framework is structure-agnostic and accommodates CP, Tucker, and tensor-train cores within a single architecture. For estimation, we establish non-asymptotic risk bounds for the DC-TNN estimator that decompose into network approximation, core estimation, and refinement-selection terms, and show that the effective dimension is determined jointly by the core rank and refinement sparsity rather than by the ambient tensor size. For inference, we develop a *structure-aware conformal ROC* procedure that calibrates within the core-refinement latent space and produces ROC and AUC confidence bands with finite-sample, distribution-free coverage. Building on this, we propose a *conformal structure selector* that, to our knowledge, is the *first distribution-free procedure* for choosing among candidate tensor decompositions with finite-sample validity. Simulations and an analysis of a protein dataset demonstrate competitive predictive accuracy, reliable uncertainty quantification, and consistent recovery of the tensor structure."
573,EinSort: Sorting is All We Need for Tensorizing LLM,2606.08565,,consistent,arxiv,https://arxiv.org/abs/2606.08565,,,https://arxiv.org/pdf/2606.08565,,,,arXiv (Cornell University),600,600,"Tensor networks provide efficient representations for compressing large neural networks. By carefully designing shapes and topologies, they can significantly reduce memory and computational costs. However, identifying implicit low-rank structures in large foundation models remains challenging due to their enormous scale and un-structured weight distributions. We propose an adaptive tensorization method that discovers inherent low-rank structure in a target tensor by index ordering. Experiments on weight and KV-cache compression demonstrate improved reconstruction quality compared to baselines."
574,Encoding Numerical Data for Generative Quantum Machine Learning,2603.23407,,consistent,arxiv,https://arxiv.org/abs/2603.23407,,,https://arxiv.org/pdf/2603.23407,,,,arXiv (Cornell University),1471,1471,"Generative quantum machine learning models are trained to deduce the probability distribution underlying a given dataset, and to produce new, synthetic samples from it. The majority of such models proposed in the literature, like the Quantum Circuit Born Machine (QCBM), fundamentally work on a binary level. Real-world data, however, is often numeric, requiring the models to translate between binary and continuous representations. We analyze how this transition influences the performance of quantum models and show that it requires the models to learn correlations that are solely an artifact of the way the data is encoded, and not related to the data itself. At the same time, structure of the original data, like continuity, can be obscured in the binary representation, hindering generalization. To mitigate these effects, we propose a strategy based on Gray-codes that can be implemented with essentially no overhead, conserves structures in the data, and avoids artificial correlations in situations in which the standard approach creates them. Considering datasets drawn from various low-dimensional probability distributions, we verify that, in most cases, QCBMs using the reflected Gray code learn faster and more accurately than those with standard binary code. This shows that, as complement to specifically tailored circuit ansätze or data pre-processing, binary encodings can be used to introduce inductive biases into generative machine learning models."
575,"LLMs Interpret, Embeddings Organize, Graphs Emerge: Agent-Driven Compilation of Scientific Knowledge",2608.29612,,consistent,arxiv,https://arxiv.org/abs/2608.29612,,,https://arxiv.org/pdf/2608.29612,,,,arXiv (Cornell University),1300,1300,"Sustained scientific work requires a knowledge substrate that carries interpretation across tasks and preserves paths to source evidence. We call this process \emph{scientific knowledge compilation} and implement it in ASKS, the \emph{Agent-Driven Scientific Knowledge System}. For each source, an LLM produces a readable Wiki view and machine-facing semantics. Deterministic checks convert the latter into a document-local GraphDelta, and embedding geometry together with explicit graph rules integrates the proposed changes into persistent state. Each ingest is an inspectable state transition over accumulated knowledge, with compiled Wiki and graph views linked to the preserved source record. We examine this process by chronologically compiling 56 published papers from one research program. Branch survival, cross-paper support, lineage, coverage, and churn yield a source-traceable author research portrait centered on tensor-network methods, with branches into quantum many-body research, tensor-network machine learning, and quantum-AI-oriented directions. In this run, higher-level Hub organization remains stable and low-churn. Canonical-node growth is predominantly additive. Graph-level measurements and navigation paths retain links to the source records from which they were compiled."
576,Learning Quantum-Samplers for Stochastic Processes with Quantum Sequence Models,2603.24069,,consistent,arxiv,https://arxiv.org/abs/2603.24069,,,https://arxiv.org/pdf/2603.24069,,,,arXiv (Cornell University),891,891,"Quantum circuits that generate coherent superpositions of stochastic processes are key to many downstream quantum-accelerated tasks, such as risk analysis, importance sampling, and DNA sequencing. However, traditional methods for designing such circuits from data face immense challenges, given the exponential growth in the size of the associated probability vectors as the desired simulation time horizon increases. Here, we introduce quantum sequence models that leverage a recurrent quantum circuit structure to generate coherent superpositions with circuit complexity that grows linearly with the desired time horizon; together with a recurrent variant of the parameter-shift rule, we train these models from observational data. When benchmarked against baseline quantum Born machines, our constructions exhibit orders-of-magnitude improvements in model accuracy in data-sparse regimes."
577,Neural Network Pruning via QUBO Optimization,2604.05856,,consistent,arxiv,https://arxiv.org/abs/2604.05856,,,https://arxiv.org/pdf/2604.05856,,,,,1645,1645,"Neural network pruning can be formulated as a combinatorial optimization problem, yet most existing approaches rely on greedy heuristics that ignore complex interactions between filters. Formal optimization methods such as Quadratic Unconstrained Binary Optimization (QUBO) provide a principled alternative but have so far underperformed due to oversimplified objective formulations based on metrics like the L1-norm. In this work, we propose a unified Hybrid QUBO framework that bridges heuristic importance estimation with global combinatorial optimization. Our formulation integrates gradient-aware sensitivity metrics - specifically first-order Taylor and second-order Fisher information - into the linear term, while utilizing data-driven activation similarity in the quadratic term. This allows the QUBO objective to jointly capture individual filter relevance and inter-filter functional redundancy. We further introduce a dynamic capacity-driven search to strictly enforce target sparsity without distorting the optimization landscape. Finally, we employ a two-stage pipeline featuring a Tensor-Train (TT) Refinement stage - a gradient-free optimizer that fine-tunes the QUBO-derived solution directly against the true evaluation metric. Experiments on the SIDD image denoising dataset demonstrate that the proposed Hybrid QUBO significantly outperforms both greedy Taylor pruning and traditional L1-based QUBO, with TT Refinement providing further consistent gains at appropriate combinatorial scales. This highlights the potential of hybrid combinatorial formulations for robust, scalable, and interpretable neural network compression."
578,Parity Supervision as a Driver of Generalization in Quantum Generative Modeling,2605.10258,,consistent,arxiv,https://arxiv.org/abs/2605.10258,,,https://arxiv.org/pdf/2605.10258,,,,arXiv (Cornell University),1085,1085,"Generative models learn probability distributions in order to produce new samples beyond a finite training set. Their usefulness therefore depends on assigning probability to valid but previously unseen states. In a controlled benchmark, we test whether parity-based training provides an inductive bias for this kind of generalization in instantaneous quantum polynomial-time (IQP) circuit Born machines. We compare the same IQP circuit trained with parity supervision and coordinate-wise mean-squared error (MSE), together with classical controls. Parity supervision improves exact distributional fit and recovery of unseen high-value states over IQP-MSE. A circuit-free spectral reconstruction shows that the matched parity moments already transfer evidence from observed samples to structurally compatible unseen states, while the IQP circuit further refines this structure. These results identify parity supervision as both a tractable training signal and a generalization mechanism when the target distribution, training objective, and circuit architecture are spectrally aligned."
579,SAR and InSAR Change Detection with Quantum Generative Models,2609.05313,,consistent,arxiv,https://arxiv.org/abs/2609.05313,,,https://arxiv.org/pdf/2609.05313,,,,arXiv (Cornell University),1811,1811,"Change detection in synthetic aperture radar (SAR) and interferometric synthetic aperture radar (InSAR) underpins disaster response, infrastructure monitoring and land-use enforcement. Detection is limited by the background estimator, which conventionally forms a conditional expectation directly from observed pixel statistics and degrades where those statistics are sparse, including the regime produced by the heavy-tailed marginals of sub-meter-resolution radars. In this work, we integrate state-of-the-art satellite imagery with quantum machine learning on IonQ trapped-ion-based quantum processors. By replacing the empirical conditional with a quantum circuit Born machine (QCBM)-sampled generative model in Copula space, we substantially improve change detection on sparse real-world images. On Capella Space satellite image acquisitions, the generative estimator matches conventional methods when the observed statistics are adequate, and substantially outperforms them when they are not. Executing the trained model on IonQ trapped-ion based hardware reproduces the results of the ideal and noisy simulations and demonstrates up to par, or even better, performance with the classical state-of-the-art methods. For a SAR dataset of an airport, QPU circuit evaluations for both training and inference achieved a maximized filtered F1 score of 0.32, compared with 0.16 and 0.24 for the two classical baselines. For an InSAR dataset of a volcanic lava flow, all three methods reached a maximum filtered F1 of approximately 0.66. These experiments demonstrate the feasibility of executing a QCBM-based background estimator on trapped-ion hardware. We further demonstrate that the QCBM method successfully extends to interferometric coherence data, achieving performance comparable to classical approaches."
580,"Universality of Classically Trainable, Quantum-Deployed Boson-Sampling Generative Models",2603.11014,,consistent,arxiv,https://arxiv.org/abs/2603.11014,,,https://arxiv.org/pdf/2603.11014,,,,arXiv (Cornell University),1753,1753,"Recent work on the instantaneous quantum polynomial-time (IQP) quantum-circuit Born machine (QCBM) highlights a promising paradigm for generative modeling: train classically, deploy quantumly. In this setting, the training objective can be evaluated efficiently on a classical computer, while sampling from the resulting model may still be classically intractable. Furthermore, in the IQP-QCBM framework, extending the model family with ancillary qubits has been proven to yield universality. This paper asks whether similar results hold for linear-optical generative models. To this end, we introduce the Boson Sampling Born Machine (BSBM). Our analysis retraces analogous steps as were found for IQP-QCBMs with twists. Using recent results that enable classical approximation of broad classes of expectation values in linear optics, we show that BSBMs can be trained classically for wide families of loss functions. Next, we argue that ""basic"" BSBMs are not universal generative models, and that universality can be achieved by expanding the model while preserving efficient classical training and sampling hardness. In our approach, we introduce and analyze the role of constant-function postprocessing, generalizing the construction for IQP-QCBMs, which under suitable conditions can lead to universality while preserving the hardness of classically simulating the models. We showcase a family of BSBMs, characterized by a single hyperparameter, that allows for a monotonic increase in expressivity toward universality while retaining the capacity to represent ostensibly hard distributions. Furthermore, we discuss the possible modalities for the efficient classical training, in the sense of efficient estimation of gradients of the loss function."
10,Concatenated tensor network states,0904.1925,10.1088/1367-2630/12/2/025004,consistent,arxiv,https://arxiv.org/abs/0904.1925,https://doi.org/10.1088/1367-2630/12/2/025004,iopscience.iop.org,https://arxiv.org/pdf/0904.1925,,,"New J. Phys. 12, 025004 (2010)",arXiv (Cornell University),1250,1250,"We introduce the concept of concatenated tensor networks to efficiently describe quantum states. We show that the corresponding concatenated tensor network states can efficiently describe time evolution and possess arbitrary block-wise entanglement and long-ranged correlations. We illustrate the approach for the enhancement of matrix product states, i.e. 1D tensor networks, where we replace each of the matrices of the original matrix product state with another 1D tensor network. This procedure yields a 2D tensor network, which includes -- already for tensor dimension two -- all states that can be prepared by circuits of polynomially many (possibly non-unitary) two-qubit quantum operations, as well as states resulting from time evolution with respect to Hamiltonians with short-ranged interactions. We investigate the possibility to efficiently extract information from these states, which serves as the basic step in a variational optimization procedure. To this aim we utilize known exact and approximate methods for 2D tensor networks and demonstrate some improvements thereof, which are also applicable e.g. in the context of 2D projected entangled pair states. We generalize the approach to higher dimensional- and tree tensor networks."
14,Simulating Strongly Correlated Quantum Systems with Tree Tensor Networks,1006.3095,10.1103/PhysRevB.82.205105,consistent,arxiv,https://arxiv.org/abs/1006.3095,https://doi.org/10.1103/PhysRevB.82.205105,link.aps.org,https://arxiv.org/pdf/1006.3095,,,"Phys. Rev. B 82, 205105 (2010)",arXiv (Cornell University),1518,1518,"We present a tree-tensor-network-based method to study strongly correlated systems with nonlocal interactions in higher dimensions. Although the momentum-space and quantum-chemistry versions of the density matrix renormalization group (DMRG) method have long been applied to such systems, the spatial topology of DMRG-based methods allows efficient optimizations to be carried out with respect to one spatial dimension only. Extending the matrix-product-state picture, we formulate a more general approach by allowing the local sites to be coupled to more than two neighboring auxiliary subspaces. Following Shi. et. al. [Phys. Rev. A, 74, 022320 (2006)], we treat a tree-like network ansatz with arbitrary coordination number z, where the z=2 case corresponds to the one-dimensional scheme. For this ansatz, the long-range correlation deviates from the mean-field value polynomially with distance, in contrast to the matrix-product ansatz, which deviates exponentially. The computational cost of the tree-tensor-network method is significantly smaller than that of previous DMRG-based attempts, which renormalize several blocks into a single block. In addition, we investigate the effect of unitary transformations on the local basis states and present a method for optimizing such transformations. For the 1-d interacting spinless fermion model, the optimized transformation interpolates smoothly between real space and momentum space. Calculations carried out on small quantum chemical systems support our approach."
17,Perfect Sampling with Unitary Tensor Networks,1201.3974,10.1103/PhysRevB.85.165146,consistent,arxiv,https://arxiv.org/abs/1201.3974,https://doi.org/10.1103/PhysRevB.85.165146,link.aps.org,https://arxiv.org/pdf/1201.3974,,,"Phys. Rev. B 85, 165146 (2012)",arXiv (Cornell University),1158,1158,"Tensor network states are powerful variational ansätze for many-body ground states of quantum lattice models. The use of Monte Carlo sampling techniques in tensor network approaches significantly reduces the cost of tensor contractions, potentially leading to a substantial increase in computational efficiency. Previous proposals are based on a Markov chain Monte Carlo scheme generated by locally updating configurations and, as such, must deal with equilibration and autocorrelation times, which result in a reduction of efficiency. Here we propose a perfect sampling scheme, with vanishing equilibration and autocorrelation times, for unitary tensor networks -- namely tensor networks based on efficiently contractible, unitary quantum circuits, such as unitary versions of the matrix product state (MPS) and tree tensor network (TTN), and the multi-scale entanglement renormalization ansatz (MERA). Configurations are directly sampled according to their probabilities in the wavefunction, without resorting to a Markov chain process. We also describe a partial sampling scheme that can result in a dramatic (basis-dependent) reduction of sampling error."
20,Efficient Tree Tensor Network States (TTNS) for Quantum Chemistry: Generalizations of the Density Matrix Renormalization,1302.2298,10.1063/1.4798639,consistent,arxiv,https://arxiv.org/abs/1302.2298,https://doi.org/10.1063/1.4798639,pubs.aip.org,https://arxiv.org/pdf/1302.2298,,,"J. Chem. Phys. 138, 134113 (2013)",arXiv (Cornell University),1467,1467,"We investigate tree tensor network states for quantum chemistry. Tree tensor network states represent one of the simplest generalizations of matrix product states and the density matrix renormalization group. While matrix product states encode a one-dimensional entanglement structure, tree tensor network states encode a tree entanglement structure, allowing for a more flexible description of general molecules. We describe an optimal tree tensor network state algorithm for quantum chemistry. We introduce the concept of half-renormalization which greatly improves the efficiency of the calculations. Using our efficient formulation we demonstrate the strengths and weaknesses of tree tensor network states versus matrix product states. We carry out benchmark calculations both on tree systems (hydrogen trees and π-conjugated dendrimers) as well as non-tree molecules (hydrogen chains, nitrogen dimer, and chromium dimer). In general, tree tensor network states require much fewer renormalized states to achieve the same accuracy as matrix product states. In non-tree molecules, whether this translates into a computational savings is system dependent, due to the higher prefactor and computational scaling associated with tree algorithms. In tree like molecules, tree network states are easily superior to matrix product states. As an ilustration, our largest dendrimer calculation with tree tensor network states correlates 110 electrons in 110 active orbitals."
19,Faster identification of optimal contraction sequences for tensor networks,1304.6112,10.1103/PhysRevE.90.033315,consistent,arxiv,https://arxiv.org/abs/1304.6112,https://doi.org/10.1103/PhysRevE.90.033315,link.aps.org,https://arxiv.org/pdf/1304.6112,,,"Phys. Rev. E 90, 033315 (2014)",arXiv (Cornell University),1206,1206,"The efficient evaluation of tensor expressions involving sums over multiple indices is of significant importance to many fields of research, including quantum many-body physics, loop quantum gravity, and quantum chemistry. The computational cost of evaluating an expression may depend strongly upon the order in which the index sums are evaluated, and determination of the operation-minimising contraction sequence for a single tensor network (single term, in quantum chemistry) is known to be NP-hard. The current preferred solution is an exhaustive search, using either an iterative depth-first approach with pruning or dynamic programming and memoisation, but these approaches are impractical for many of the larger tensor network Ansaetze encountered in quantum many-body physics. We present a modified search algorithm with enhanced pruning which exhibits a performance increase of several orders of magnitude while still guaranteeing identification of an optimal operation-minimising contraction sequence for a single tensor network. A reference implementation for MATLAB, compatible with the ncon() and multienv() network contractors of arXiv:1402.0939 and arXiv:1310.8023 respectively, is supplied."
21,Fourier transform of fermionic systems and the spectral tensor network,1310.7605,10.1103/PhysRevLett.113.010401,consistent,arxiv,https://arxiv.org/abs/1310.7605,https://doi.org/10.1103/PhysRevLett.113.010401,link.aps.org,https://arxiv.org/pdf/1310.7605,,,"Phys. Rev. Lett. 113, 010401 (2014)",arXiv (Cornell University),741,741,"Leveraging the decomposability of the fast Fourier transform, I propose a new class of tensor network that is efficiently contractible and able to represent many-body systems with local entanglement that is greater than the area law. Translationally invariant systems of free fermions in arbitrary dimensions as well as 1D systems solved by the Jordan-Wigner transformation are shown to be exactly represented in this class. Further, it is proposed that these tensor networks be used as generic structures to variationally describe more complicated systems, such as interacting fermions. This class shares some similarities with Evenbly & Vidal's branching MERA, but with some important differences and greatly reduced computational demands."
22,Global symmetries in tensor network states: symmetric tensors versus minimal bond dimension,1307.1522,10.1103/PhysRevB.88.115147,consistent,arxiv,https://arxiv.org/abs/1307.1522,https://doi.org/10.1103/PhysRevB.88.115147,link.aps.org,https://arxiv.org/pdf/1307.1522,,,"Phys. Rev. B 88, 115147 (2013)",arXiv (Cornell University),1715,1715,"Tensor networks offer a variational formalism to efficiently represent wave-functions of extended quantum many-body systems on a lattice. In a tensor network N, the dimension χof the bond indices that connect its tensors controls the number of variational parameters and associated computational costs. In the absence of any symmetry, the minimal bond dimension χ^{min} required to represent a given many-body wave-function |Ψ> leads to the most compact, computationally efficient tensor network description of |Ψ>. In the presence of a global, on-site symmetry, one can use a tensor network N_{sym} made of symmetric tensors. Symmetric tensors allow to exactly preserve the symmetry and to target specific quantum numbers, while their sparse structure leads to a compact description and lowers computational costs. In this paper we explore the trade-off between using a tensor network N with minimal bond dimension χ^{min} and a tensor network N_{sym} made of symmetric tensors, where the minimal bond dimension χ^{min}_{sym} might be larger than χ^{min}. We present two technical results. First, we show that in a tree tensor network, which is the most general tensor network without loops, the minimal bond dimension can always be achieved with symmetric tensors, so that χ^{min}_{sym} = χ^{min}. Second, we provide explicit examples of tensor networks with loops where replacing tensors with symmetric ones necessarily increases the bond dimension, so that χ_{sym}^{min} > χ^{min}. We further argue, however, that in some situations there are important conceptual reasons to prefer a tensor network representation with symmetric tensors (and possibly larger bond dimension) over one with minimal bond dimension."
26,Unconstrained Tree Tensor Network: An adaptive gauge picture for enhanced performance,1406.2666,10.1103/PhysRevB.90.125154,consistent,arxiv,https://arxiv.org/abs/1406.2666,https://doi.org/10.1103/PhysRevB.90.125154,link.aps.org,https://arxiv.org/pdf/1406.2666,,,"Phys. Rev. B 90, 125154 (2014)",arXiv (Cornell University),1072,1072,"We introduce a variational algorithm to simulate quantum many-body states based on a tree tensor network ansatz which releases the isometry constraint usually imposed by the real-space renormalization coarse-graining: This additional numerical freedom, combined with the loop-free topology of the tree network, allows one to maximally exploit the internal gauge invariance of tensor networks, ultimately leading to a computationally flexible and efficient algorithm able to treat open and periodic boundary conditions on the same footing. We benchmark the novel approach against the 1D Ising model in transverse field with periodic boundary conditions and discuss the strategy to cope with the broken translational invariance generated by the network structure. We then perform investigations on a state-of-the-art problem, namely the bilinear-biquadratic model in the transition between dimer and ferromagnetic phases. Our results clearly display an exponentially diverging correlation length and thus support the most recent guesses on the peculiarity of the transition."
30,Local scale transformations on the lattice with tensor network renormalization,1510.00689,10.1103/PhysRevLett.116.040401,consistent,arxiv,https://arxiv.org/abs/1510.00689,https://doi.org/10.1103/PhysRevLett.116.040401,link.aps.org,https://arxiv.org/pdf/1510.00689,,,"Phys. Rev. Lett. 116, 040401 (2016)",arXiv (Cornell University),859,859,"Consider the partition function of a classical system in two spatial dimensions, or the Euclidean path integral of a quantum system in two space-time dimensions, both on a lattice. We show that the tensor network renormalization (TNR) algorithm [\emph{G. Evenbly and G. Vidal, Phys. Rev. Lett. 115, 180405}] can be used to implement local scale transformations on these objects, namely a lattice version of conformal maps. Specifically, we explain how to implement the lattice equivalent of the logarithmic conformal map that transforms the Euclidean plane into a cylinder. As an application, and with the 2D critical Ising model as a concrete example, we use this map to build a lattice version of the scaling operators of the underlying conformal field theory, from which one can extract their scaling dimensions and operator product expansion coefficients."
36,"Classical stochastic dynamics and continuous matrix product states: gauge transformations, conditioned and driven proces",1602.07966,10.1088/1742-5468/2016/07/073208,consistent,arxiv,https://arxiv.org/abs/1602.07966,https://doi.org/10.1088/1742-5468/2016/07/073208,iopscience.iop.org,https://arxiv.org/pdf/1602.07966,,,J. Stat. Mech. 073208 (2016),arXiv (Cornell University),844,844,"Borrowing ideas from open quantum systems, we describe a formalism to encode ensembles of trajectories of classical stochastic dynamics in terms of continuous matrix product states (cMPSs). We show how to define in this approach ""biased"" or ""conditioned"" ensembles where the probability of trajectories is biased from that of the natural dynamics by some condition on trajectory observables. In particular, we show that the generalised Doob transform which maps a conditioned process to an equivalent ""auxiliary"" or ""driven"" process (one where the same conditioned set of trajectories is generated by a proper stochastic dynamics) is just a gauge transformation of the corresponding cMPS. We also discuss how within this framework one can easily prove properties of the dynamics such as trajectory ensemble equivalence and fluctuation theorems."
35,Supervised Learning with Quantum-Inspired Tensor Networks,1605.05775,,consistent,arxiv,https://arxiv.org/abs/1605.05775,,,https://arxiv.org/pdf/1605.05775,,,"Advances in Neural Information Processing Systems 29, 4799 (2016)",arXiv (Cornell University),560,560,Tensor networks are efficient representations of high-dimensional tensors which have been very successful for physics and mathematics applications. We demonstrate how algorithms for optimizing such networks can be adapted to supervised learning tasks by using matrix product states (tensor trains) to parameterize models for classifying images. For the MNIST data set we obtain less than 1% test set classification error. We discuss how the tensor network form imparts additional structure to the learned model and suggest a possible generative interpretation.
53,Compact Neural Networks based on the Multiscale Entanglement Renormalization Ansatz,1711.03357,,consistent,arxiv,https://arxiv.org/abs/1711.03357,,,https://arxiv.org/pdf/1711.03357,,,,arXiv (Cornell University),726,726,"This paper demonstrates a method for tensorizing neural networks based upon an efficient way of approximating scale invariant quantum states, the Multi-scale Entanglement Renormalization Ansatz (MERA). We employ MERA as a replacement for the fully connected layers in a convolutional neural network and test this implementation on the CIFAR-10 and CIFAR-100 datasets. The proposed method outperforms factorization using tensor trains, providing greater compression for the same level of accuracy and greater accuracy for the same level of compression. We demonstrate MERA layers with 14000 times fewer parameters and a reduction in accuracy of less than 1% compared to the equivalent fully connected layers, scaling like O(N)."
54,Implementing the sine transform of fermionic modes as a tensor network,1705.10186,10.1103/PhysRevA.96.032308,consistent,arxiv,https://arxiv.org/abs/1705.10186,https://doi.org/10.1103/PhysRevA.96.032308,link.aps.org,https://arxiv.org/pdf/1705.10186,,,"Phys. Rev. A 96, 032308 (2017)",arXiv (Cornell University),607,607,"Based on the algebraic theory of signal processing, we recursively decompose the discrete sine transform of first kind (DST-I) into small orthogonal block operations. Using a diagrammatic language, we then second-quantize this decomposition to construct a tensor network implementing the DST-I for fermionic modes on a lattice. The complexity of the resulting network is shown to scale as $\frac 54 n \log n$ (not considering swap gates), where $n$ is the number of lattice sites. Our method provides a systematic approach of generalizing Ferris' spectral tensor network for non-trivial boundary conditions."
50,Learning Compact Recurrent Neural Networks with Block-Term Tensor Decomposition,1712.05134,,consistent,arxiv,https://arxiv.org/abs/1712.05134,,,https://arxiv.org/pdf/1712.05134,,,,arXiv (Cornell University),1213,1213,"Recurrent Neural Networks (RNNs) are powerful sequence modeling tools. However, when dealing with high dimensional inputs, the training of RNNs becomes computational expensive due to the large number of model parameters. This hinders RNNs from solving many important computer vision tasks, such as Action Recognition in Videos and Image Captioning. To overcome this problem, we propose a compact and flexible structure, namely Block-Term tensor decomposition, which greatly reduces the parameters of RNNs and improves their training efficiency. Compared with alternative low-rank approximations, such as tensor-train RNN (TT-RNN), our method, Block-Term RNN (BT-RNN), is not only more concise (when using the same rank), but also able to attain a better approximation to the original RNNs with much fewer parameters. On three challenging tasks, including Action Recognition in Videos, Image Captioning and Image Generation, BT-RNN outperforms TT-RNN and the standard RNN in terms of both prediction accuracy and convergence rate. Specifically, BT-LSTM utilizes 17,388 times fewer parameters than the standard LSTM to achieve an accuracy improvement over 15.6\% in the Action Recognition task on the UCF11 dataset."
48,Scalable Gaussian Processes with Billions of Inducing Inputs via Tensor Train Decomposition,1710.07324,,consistent,arxiv,https://arxiv.org/abs/1710.07324,,,https://arxiv.org/pdf/1710.07324,,,,arXiv (Cornell University),992,992,"We propose a method (TT-GP) for approximate inference in Gaussian Process (GP) models. We build on previous scalable GP research including stochastic variational inference based on inducing inputs, kernel interpolation, and structure exploiting algebra. The key idea of our method is to use Tensor Train decomposition for variational parameters, which allows us to train GPs with billions of inducing inputs and achieve state-of-the-art results on several benchmarks. Further, our approach allows for training kernels based on deep neural networks without any modifications to the underlying GP model. A neural network learns a multidimensional embedding for the data, which is used by the GP to make the final prediction. We train GP and neural network parameters end-to-end without pretraining, through maximization of GP marginal likelihood. We show the efficiency of the proposed approach on several regression and classification benchmark datasets including MNIST, CIFAR-10, and Airline."
77,Beyond Toy Models: Distilling Tensor Networks in Full AdS/CFT,1812.01171,10.1007/JHEP11(2019)069,consistent,arxiv,https://arxiv.org/abs/1812.01171,https://doi.org/10.1007/JHEP11(2019)069,link.springer.com,https://arxiv.org/pdf/1812.01171,,,JHEP 2019:69,arXiv (Cornell University),1712,1712,"We present a general procedure for constructing tensor networks that accurately reproduce holographic states in conformal field theories (CFTs). Given a state in a large-$N$ CFT with a static, semiclassical gravitational dual, we build a tensor network by an iterative series of approximations that eliminate redundant degrees of freedom and minimize the bond dimensions of the resulting network. We argue that the bond dimensions of the tensor network will match the areas of the corresponding bulk surfaces. For 'tree' tensor networks (i.e., those that are constructed by discretizing spacetime with non-intersecting Ryu-Takayanagi surfaces), our arguments can be made rigorous using a version of one-shot entanglement distillation in the CFT. Using the known quantum error correcting properties of AdS/CFT, we show that bulk legs can be added to the tensor networks to create holographic quantum error correcting codes. These codes behave similarly to previous holographic tensor network toy models, but describe actual bulk excitations in continuum AdS/CFT. By assuming some natural generalizations of the 'holographic entanglement of purification' conjecture, we are able to construct tensor networks for more general bulk discretizations, leading to finer-grained networks that partition the information content of a Ryu-Takayanagi surface into tensor-factorized subregions. While the granularity of such a tensor network must be set larger than the string/Planck scales, we expect that it can be chosen to lie well below the AdS scale. However, we also prove a no-go theorem which shows that the bulk-to-boundary maps cannot all be isometries in a tensor network with intersecting Ryu-Takayanagi surfaces."
78,Comparative study of Discrete Wavelet Transforms and Wavelet Tensor Train decomposition to feature extraction of FTIR da,1807.07099,,consistent,arxiv,https://arxiv.org/abs/1807.07099,,,https://arxiv.org/pdf/1807.07099,,,,arXiv (Cornell University),857,857,"Fourier-transform infra-red (FTIR) spectra of samples from 7 plant species were used to explore the influence of preprocessing and feature extraction on efficiency of machine learning algorithms. Wavelet Tensor Train (WTT) and Discrete Wavelet Transforms (DWT) were compared as feature extraction techniques for FTIR data of medicinal plants. Various combinations of signal processing steps showed different behavior when applied to classification and clustering tasks. Best results for WTT and DWT found through grid search were similar, significantly improving quality of clustering as well as classification accuracy for tuned logistic regression in comparison to original spectra. Unlike DWT, WTT has only one parameter to be tuned (rank), making it a more versatile and easier to use as a data processing tool in various signal processing applications."
79,Convolutional Neural Networks with Transformed Input based on Robust Tensor Network Decomposition,1812.02622,,consistent,arxiv,https://arxiv.org/abs/1812.02622,,,https://arxiv.org/pdf/1812.02622,,,,arXiv (Cornell University),1534,1534,"Tensor network decomposition, originated from quantum physics to model entangled many-particle quantum systems, turns out to be a promising mathematical technique to efficiently represent and process big data in parsimonious manner. In this study, we show that tensor networks can systematically partition structured data, e.g. color images, for distributed storage and communication in privacy-preserving manner. Leveraging the sea of big data and metadata privacy, empirical results show that neighbouring subtensors with implicit information stored in tensor network formats cannot be identified for data reconstruction. This technique complements the existing encryption and randomization techniques which store explicit data representation at one place and highly susceptible to adversarial attacks such as side-channel attacks and de-anonymization. Furthermore, we propose a theory for adversarial examples that mislead convolutional neural networks to misclassification using subspace analysis based on singular value decomposition (SVD). The theory is extended to analyze higher-order tensors using tensor-train SVD (TT-SVD); it helps to explain the level of susceptibility of different datasets to adversarial attacks, the structural similarity of different adversarial attacks including global and localized attacks, and the efficacy of different adversarial defenses based on input transformation. An efficient and adaptive algorithm based on robust TT-SVD is then developed to detect strong and static adversarial attacks."
80,Differentiable Learning of Quantum Circuit Born Machine,1804.04168,10.1103/PhysRevA.98.062324,consistent,arxiv,https://arxiv.org/abs/1804.04168,https://doi.org/10.1103/PhysRevA.98.062324,link.aps.org,https://arxiv.org/pdf/1804.04168,https://github.com/GiggleLiu/QuantumCircuitBornMachine,,"Phys. Rev. A 98, 062324 (2018)",arXiv (Cornell University),1165,1165,"Quantum circuit Born machines are generative models which represent the probability distribution of classical dataset as quantum pure states. Computational complexity considerations of the quantum sampling problem suggest that the quantum circuits exhibit stronger expressibility compared to classical neural networks. One can efficiently draw samples from the quantum circuits via projective measurements on qubits. However, similar to the leading implicit generative models in deep learning, such as the generative adversarial networks, the quantum circuits cannot provide the likelihood of the generated samples, which poses a challenge to the training. We devise an efficient gradient-based learning algorithm for the quantum circuit Born machine by minimizing the kerneled maximum mean discrepancy loss. We simulated generative modeling of the Bars-and-Stripes dataset and Gaussian mixture distributions using deep quantum circuits. Our experiments show the importance of circuit depth and gradient-based optimization algorithm. The proposed learning algorithm is runnable on near-term quantum device and can exhibit quantum advantages for generative modeling."
81,Quantum Machine Learning Tensor Network States,1804.02398,10.3389/fphy.2020.586374,consistent,arxiv,https://arxiv.org/abs/1804.02398,https://doi.org/10.3389/fphy.2020.586374,frontiersin.org,https://arxiv.org/pdf/1804.02398,,,Frontiers in Physics 8: 586374 (2021),arXiv (Cornell University),866,866,"Tensor network algorithms seek to minimize correlations to compress the classical data representing quantum states. Tensor network algorithms and similar tools---called tensor network methods---form the backbone of modern numerical methods used to simulate many-body physics and have a further range of applications in machine learning. Finding and contracting tensor network states is a computational task which quantum computers might be used to accelerate. We present a quantum algorithm which returns a classical description of a rank-$r$ tensor network state satisfying an area law and approximating an eigenvector given black-box access to a unitary matrix. Our work creates a bridge between several contemporary approaches, including tensor networks, the variational quantum eigensolver (VQE), quantum approximate optimization (QAOA), and quantum computation."
76,Tensor Decomposition for Compressing Recurrent Neural Network,1802.10410,,consistent,arxiv,https://arxiv.org/abs/1802.10410,,,https://arxiv.org/pdf/1802.10410,https://github.com/androstj/tensor_rnn,,,arXiv (Cornell University),799,799,"In the machine learning fields, Recurrent Neural Network (RNN) has become a popular architecture for sequential data modeling. However, behind the impressive performance, RNNs require a large number of parameters for both training and inference. In this paper, we are trying to reduce the number of parameters and maintain the expressive power from RNN simultaneously. We utilize several tensor decompositions method including CANDECOMP/PARAFAC (CP), Tucker decomposition and Tensor Train (TT) to re-parameterize the Gated Recurrent Unit (GRU) RNN. We evaluate all tensor-based RNNs performance on sequence modeling tasks with a various number of parameters. Based on our experiment results, TT-GRU achieved the best results in a various number of parameters compared to other decomposition methods."
74,Tensor networks as conformal transformations,1805.12524,,consistent,arxiv,https://arxiv.org/abs/1805.12524,,,https://arxiv.org/pdf/1805.12524,,,,arXiv (Cornell University),1026,1026,"Tensor networks are often used to accurately represent ground states of quantum spin chains. Two popular choices of such tensor network representations can be seen to implement linear maps that correspond, respectively, to euclidean time evolution and to global scale transformations. In this paper, by exploiting the local structure of the tensor networks, we explain how to also implement local or non-uniform versions of both euclidean time evolution and scale transformations. We demonstrate our proposal with a critical quantum spin chain on a finite circle, where the low energy physics is described by a conformal field theory (CFT), and where non-uniform euclidean time evolution and local scale transformations are conformal transformations acting on the Hilbert space of the CFT. We numerically show, for the critical quantum Ising chain, that the proposed tensor networks indeed transform the low energy states of the periodic spin chain in the same way as the corresponding conformal transformations do in the CFT."
82,Towards Quantum Machine Learning with Tensor Networks,1803.11537,10.1088/2058-9565/aaea94,consistent,arxiv,https://arxiv.org/abs/1803.11537,https://doi.org/10.1088/2058-9565/aaea94,iopscience.iop.org,https://arxiv.org/pdf/1803.11537,,,"Quantum Science and Technology, Volume 4, 024001 (2019)",arXiv (Cornell University),1215,1215,"Machine learning is a promising application of quantum computing, but challenges remain as near-term devices will have a limited number of physical qubits and high error rates. Motivated by the usefulness of tensor networks for machine learning in the classical context, we propose quantum computing approaches to both discriminative and generative learning, with circuits based on tree and matrix product state tensor networks that could have benefits for near-term devices. The result is a unified framework where classical and quantum computing can benefit from the same theoretical and algorithmic developments, and the same model can be trained classically then transferred to the quantum setting for additional optimization. Tensor network circuits can also provide qubit-efficient schemes where, depending on the architecture, the number of physical qubits required scales only logarithmically with, or independently of the input or output data sizes. We demonstrate our proposals with numerical experiments, training a discriminative model to perform handwriting recognition using a optimization procedure that could be carried out on quantum hardware, and testing the noise resilience of the trained model."
103,Bayesian Tensor Network with Polynomial Complexity for Probabilistic Machine Learning,1912.12923,,consistent,arxiv,https://arxiv.org/abs/1912.12923,,,https://arxiv.org/pdf/1912.12923,,,,arXiv (Cornell University),825,825,"It is known that describing or calculating the conditional probabilities of multiple events is exponentially expensive. In this work, Bayesian tensor network (BTN) is proposed to efficiently capture the conditional probabilities of multiple sets of events with polynomial complexity. BTN is a directed acyclic graphical model that forms a subset of TN. To testify its validity for exponentially many events, BTN is implemented to the image recognition, where the classification is mapped to capturing the conditional probabilities in an exponentially large sample space. Competitive performance is achieved by the BTN with simple tree network structures. Analogous to the tensor network simulations of quantum systems, the validity of the simple-tree BTN implies an ``area law'' of fluctuations in image recognition problems."
110,Computing vibrational eigenstates with tree tensor network states (TTNS),1909.13831,10.1063/1.5130390,consistent,arxiv,https://arxiv.org/abs/1909.13831,https://doi.org/10.1063/1.5130390,pubs.aip.org,https://arxiv.org/pdf/1909.13831,,,"J. Chem. Phys. 151, 204102 (2019)",arXiv (Cornell University),857,857,"We present how to compute vibrational eigenstates with tree tensor network states (TTNSs), the underlying ansatz behind the multilayer multiconfiguration time-dependent Hartree (ML-MCTDH) method. The eigenstates are computed with an algorithm that is based on the density matrix renormalization group (DMRG). We apply this to compute the vibrational spectrum of acetonitrile (CH$_3$CN) to high accuracy and compare TTNSs with matrix product states (MPSs), the ansatz behind the DMRG. The presented optimization scheme converges much faster than ML-MCTDH-based optimization. For this particular system, we found no major advantage of the more general TTNS over MPS. We highlight that for both TTNS and MPS, the usage of an adaptive bond dimension significantly reduces the amount of required parameters. We furthermore propose a procedure to find good trees."
105,Differentiable Programming Tensor Networks,1903.09650,10.1103/PhysRevX.9.031041,consistent,arxiv,https://arxiv.org/abs/1903.09650,https://doi.org/10.1103/PhysRevX.9.031041,link.aps.org,https://arxiv.org/pdf/1903.09650,https://github.com/wangleiphy/tensorgrad,,"Phys. Rev. X 9, 031041 (2019)",arXiv (Cornell University),1372,1372,"Differentiable programming is a fresh programming paradigm which composes parameterized algorithmic components and trains them using automatic differentiation (AD). The concept emerges from deep learning but is not only limited to training neural networks. We present theory and practice of programming tensor network algorithms in a fully differentiable way. By formulating the tensor network algorithm as a computation graph, one can compute higher order derivatives of the program accurately and efficiently using AD. We present essential techniques to differentiate through the tensor networks contractions, including stable AD for tensor decomposition and efficient backpropagation through fixed point iterations. As a demonstration, we compute the specific heat of the Ising model directly by taking the second order derivative of the free energy obtained in the tensor renormalization group calculation. Next, we perform gradient based variational optimization of infinite projected entangled pair states for quantum antiferromagnetic Heisenberg model and obtain start-of-the-art variational energy and magnetization with moderate efforts. Differentiable programming removes laborious human efforts in deriving and implementing analytical gradients for tensor network programs, which opens the door to more innovations in tensor network algorithms and applications."
111,"Matrix Product States: Entanglement, symmetries, and state transformations",1901.07448,10.1103/PhysRevLett.123.170504,consistent,arxiv,https://arxiv.org/abs/1901.07448,https://doi.org/10.1103/PhysRevLett.123.170504,link.aps.org,https://arxiv.org/pdf/1901.07448,,,"Phys. Rev. Lett. 123, 170504 (2019)",arXiv (Cornell University),561,561,"We analyze entanglement in the family of translationally-invariant matrix product states (MPS). We give a criterion to determine when two states can be transformed into each other by SLOCC transformations, a central question in entanglement theory. We use that criterion to determine SLOCC classes, and explicitly carry out this classification for the simplest, non-trivial MPS. We also characterize all symmetries of MPS, both global and local (inhomogeneous). We illustrate our results with examples of states that are relevant in different physical contexts."
112,Quantum Compressed Sensing with Unsupervised Tensor-Network Machine Learning,1907.10290,10.1103/PhysRevResearch.2.033293,consistent,arxiv,https://arxiv.org/abs/1907.10290,https://doi.org/10.1103/PhysRevResearch.2.033293,link.aps.org,https://arxiv.org/pdf/1907.10290,,,"Phys. Rev. Research 2, 033293 (2020)",arXiv (Cornell University),1575,1575,"We propose tensor-network compressed sensing (TNCS) by combining the ideas of compressed sensing, tensor network (TN), and machine learning, which permits novel and efficient quantum communications of realistic data. The strategy is to use the unsupervised TN machine learning algorithm to obtain the entangled state $|Ψ\rangle$ that describes the probability distribution of a huge amount of classical information considered to be communicated. To transfer a specific piece of information with $|Ψ\rangle$, our proposal is to encode such information in the separable state with the minimal distance to the measured state $|Φ\rangle$ that is obtained by partially measuring on $|Ψ\rangle$ in a designed way. To this end, a measuring protocol analogous to the compressed sensing with neural-network machine learning is suggested, where the measurements are designed to minimize uncertainty of information from the probability distribution given by $|Φ\rangle$. In this way, those who have $|Φ\rangle$ can reliably access the information by simply measuring on $|Φ\rangle$. We propose q-sparsity to characterize the sparsity of quantum states and the efficiency of the quantum communications by TNCS. The high q-sparsity is essentially due to the fact that the TN states describing nicely the probability distribution obey the area law of entanglement entropy. Testing on realistic datasets (hand-written digits and fashion images), TNCS is shown to possess high efficiency and accuracy, where the security of communications is guaranteed by the fundamental quantum principles."
96,TensorNetwork for Machine Learning,1906.06329,,consistent,arxiv,https://arxiv.org/abs/1906.06329,,,https://arxiv.org/pdf/1906.06329,https://github.com/google/tensornetwork,,,arXiv (Cornell University),668,668,"We demonstrate the use of tensor networks for image classification with the TensorNetwork open source library. We explain in detail the encoding of image data into a matrix product state form, and describe how to contract the network in a way that is parallelizable and well-suited to automatic gradients for optimization. Applying the technique to the MNIST and Fashion-MNIST datasets we find out-of-the-box performance of 98% and 88% accuracy, respectively, using the same tensor network architecture. The TensorNetwork library allows us to seamlessly move from CPU to GPU hardware, and we see a factor of more than 10 improvement in computational speed using a GPU."
95,TensorNetwork: A Library for Physics and Machine Learning,1905.01330,,consistent,arxiv,https://arxiv.org/abs/1905.01330,,,https://arxiv.org/pdf/1905.01330,https://github.com/google/tensornetwork,,,arXiv (Cornell University),415,415,"TensorNetwork is an open source library for implementing tensor network algorithms. Tensor networks are sparse data structures originally designed for simulating quantum many-body physics, but are currently also applied in a number of other research areas, including machine learning. We demonstrate the use of the API with applications both physics and machine learning, with details appearing in companion papers."
99,Tensorized Embedding Layers for Efficient Model Compression,1901.10787,,consistent,arxiv,https://arxiv.org/abs/1901.10787,,,https://arxiv.org/pdf/1901.10787,,,,arXiv (Cornell University),751,751,"The embedding layers transforming input words into real vectors are the key components of deep neural networks used in natural language processing. However, when the vocabulary is large, the corresponding weight matrices can be enormous, which precludes their deployment in a limited resource setting. We introduce a novel way of parametrizing embedding layers based on the Tensor Train (TT) decomposition, which allows compressing the model significantly at the cost of a negligible drop or even a slight gain in performance. We evaluate our method on a wide range of benchmarks in natural language processing and analyze the trade-off between performance and compression ratios for a wide range of architectures, from MLPs to LSTMs and Transformers."
106,The Born Supremacy: Quantum Advantage and Training of an Ising Born Machine,1904.02214,10.1038/s41534-020-00288-9,consistent,arxiv,https://arxiv.org/abs/1904.02214,https://doi.org/10.1038/s41534-020-00288-9,nature.com,https://arxiv.org/pdf/1904.02214,https://github.com/BrianCoyle/IsingBornMachine,,"npj Quantum Inf 6, 60 (2020)",arXiv (Cornell University),1687,1687,"The search for an application of near-term quantum devices is widespread. Quantum Machine Learning is touted as a potential utilisation of such devices, particularly those which are out of the reach of the simulation capabilities of classical computers. In this work, we propose a generative Quantum Machine Learning Model, called the Ising Born Machine (IBM), which we show cannot, in the worst case, and up to suitable notions of error, be simulated efficiently by a classical device. We also show this holds for all the circuit families encountered during training. In particular, we explore quantum circuit learning using non-universal circuits derived from Ising Model Hamiltonians, which are implementable on near term quantum devices. We propose two novel training methods for the IBM by utilising the Stein Discrepancy and the Sinkhorn Divergence cost functions. We show numerically, both using a simulator within Rigetti's Forest platform and on the Aspen-1 16Q chip, that the cost functions we suggest outperform the more commonly used Maximum Mean Discrepancy (MMD) for differentiable training. We also propose an improvement to the MMD by proposing a novel utilisation of quantum kernels which we demonstrate provides improvements over its classical counterpart. We discuss the potential of these methods to learn `hard' quantum distributions, a feat which would demonstrate the advantage of quantum over classical computers, and provide the first formal definitions for what we call `Quantum Learning Supremacy'. Finally, we propose a novel view on the area of quantum circuit compilation by using the IBM to `mimic' target quantum circuits using classical output data only."
137,A Continuous Variable Born Machine,2011.00904,10.1007/s42484-022-00063-3,consistent,arxiv,https://arxiv.org/abs/2011.00904,https://doi.org/10.1007/s42484-022-00063-3,link.springer.com,https://arxiv.org/pdf/2011.00904,,,"Quantum Mach. Intell. 4, 6 (2022)",arXiv (Cornell University),1265,1265,"Generative Modelling has become a promising use case for near term quantum computers. In particular, due to the fundamentally probabilistic nature of quantum mechanics, quantum computers naturally model and learn probability distributions, perhaps more efficiently than can be achieved classically. The Born machine is an example of such a model, easily implemented on near term quantum computers. However, in its original form, the Born machine only naturally represents discrete distributions. Since probability distributions of a continuous nature are commonplace in the world, it is essential to have a model which can efficiently represent them. Some proposals have been made in the literature to supplement the discrete Born machine with extra features to more easily learn continuous distributions, however, all invariably increase the resources required to some extent. In this work, we present the continuous variable Born machine, built on the alternative architecture of continuous variable quantum computing, which is much more suitable for modelling such distributions in a resource-minimal way. We provide numerical results indicating the models ability to learn both quantum and classical continuous distributions, including in the presence of noise."
139,A Fully Tensorized Recurrent Neural Network,2010.04196,,consistent,arxiv,https://arxiv.org/abs/2010.04196,,,https://arxiv.org/pdf/2010.04196,,,,arXiv (Cornell University),937,937,"Recurrent neural networks (RNNs) are powerful tools for sequential modeling, but typically require significant overparameterization and regularization to achieve optimal performance. This leads to difficulties in the deployment of large RNNs in resource-limited settings, while also introducing complications in hyperparameter selection and training. To address these issues, we introduce a ""fully tensorized"" RNN architecture which jointly encodes the separate weight matrices within each recurrent cell using a lightweight tensor-train (TT) factorization. This approach represents a novel form of weight sharing which reduces model size by several orders of magnitude, while still maintaining similar or better performance compared to standard RNNs. Experiments on image classification and speaker verification tasks demonstrate further benefits for reducing inference times and stabilizing model training and hyperparameter selection."
140,"Connecting Weighted Automata, Tensor Networks and Recurrent Neural Networks through Spectral Learning",2010.10029,,consistent,arxiv,https://arxiv.org/abs/2010.10029,,,https://arxiv.org/pdf/2010.10029,,,,arXiv (Cornell University),1466,1466,"In this paper, we present connections between three models used in different research fields: weighted finite automata~(WFA) from formal languages and linguistics, recurrent neural networks used in machine learning, and tensor networks which encompasses a set of optimization techniques for high-order tensors used in quantum physics and numerical analysis. We first present an intrinsic relation between WFA and the tensor train decomposition, a particular form of tensor network. This relation allows us to exhibit a novel low rank structure of the Hankel matrix of a function computed by a WFA and to design an efficient spectral learning algorithm leveraging this structure to scale the algorithm up to very large Hankel matrices.We then unravel a fundamental connection between WFA and second-orderrecurrent neural networks~(2-RNN): in the case of sequences of discrete symbols, WFA and 2-RNN with linear activationfunctions are expressively equivalent. Leveraging this equivalence result combined with the classical spectral learning algorithm for weighted automata, we introduce the first provable learning algorithm for linear 2-RNN defined over sequences of continuous input vectors.This algorithm relies on estimating low rank sub-blocks of the Hankel tensor, from which the parameters of a linear 2-RNN can be provably recovered. The performances of the proposed learning algorithm are assessed in a simulation study on both synthetic and real-world data."
143,Deep composition of tensor-trains using squared inverse Rosenblatt transports,2007.06968,10.1007/s10208-021-09537-5,consistent,arxiv,https://arxiv.org/abs/2007.06968,https://doi.org/10.1007/s10208-021-09537-5,link.springer.com,https://arxiv.org/pdf/2007.06968,,,,arXiv (Cornell University),1558,1558,"Characterising intractable high-dimensional random variables is one of the fundamental challenges in stochastic computation. The recent surge of transport maps offers a mathematical foundation and new insights for tackling this challenge by coupling intractable random variables with tractable reference random variables. This paper generalises the functional tensor-train approximation of the inverse Rosenblatt transport recently developed by Dolgov et al. (Stat Comput 30:603--625, 2020) to a wide class of high-dimensional non-negative functions, such as unnormalised probability density functions. First, we extend the inverse Rosenblatt transform to enable the transport to general reference measures other than the uniform measure. We develop an efficient procedure to compute this transport from a squared tensor-train decomposition which preserves the monotonicity. More crucially, we integrate the proposed order-preserving functional tensor-train transport into a nested variable transformation framework inspired by the layered structure of deep neural networks. The resulting deep inverse Rosenblatt transport significantly expands the capability of tensor approximations and transport maps to random variables with complicated nonlinear interactions and concentrated density functions. We demonstrate the efficiency of the proposed approach on a range of applications in statistical learning and uncertainty quantification, including parameter estimation for dynamical systems and inverse problems constrained by partial differential equations."
128,Dynamic Portfolio Optimization with Real Datasets Using Quantum Processors and Quantum-Inspired Tensor Networks,2007.00017,10.1103/PhysRevResearch.4.013006,consistent,arxiv,https://arxiv.org/abs/2007.00017,https://doi.org/10.1103/PhysRevResearch.4.013006,link.aps.org,https://arxiv.org/pdf/2007.00017,,,"Phys. Rev. Research 4, 013006 (2022)",RePEc: Research Papers in Economics,1465,1465,"In this paper we tackle the problem of dynamic portfolio optimization, i.e., determining the optimal trading trajectory for an investment portfolio of assets over a period of time, taking into account transaction costs and other possible constraints. This problem is central to quantitative finance. After a detailed introduction to the problem, we implement a number of quantum and quantum-inspired algorithms on different hardware platforms to solve its discrete formulation using real data from daily prices over 8 years of 52 assets, and do a detailed comparison of the obtained Sharpe ratios, profits and computing times. In particular, we implement classical solvers (Gekko, exhaustive), D-Wave Hybrid quantum annealing, two different approaches based on Variational Quantum Eigensolvers on IBM-Q (one of them brand-new and tailored to the problem), and for the first time in this context also a quantum-inspired optimizer based on Tensor Networks. In order to fit the data into each specific hardware platform, we also consider doing a preprocessing based on clustering of assets. From our comparison, we conclude that D-Wave Hybrid and Tensor Networks are able to handle the largest systems, where we do calculations up to 1272 fully-connected qubits for demonstrative purposes. Finally, we also discuss how to mathematically implement other possible real-life constraints, as well as several ideas to further improve the performance of the studied methods."
134,Dynamic Spatiotemporal Graph Neural Network with Tensor Network,2003.08729,,consistent,arxiv,https://arxiv.org/abs/2003.08729,,,https://arxiv.org/pdf/2003.08729,,,,arXiv (Cornell University),793,793,"Dynamic spatial graph construction is a challenge in graph neural network (GNN) for time series data problems. Although some adaptive graphs are conceivable, only a 2D graph is embedded in the network to reflect the current spatial relation, regardless of all the previous situations. In this work, we generate a spatial tensor graph (STG) to collect all the dynamic spatial relations, as well as a temporal tensor graph (TTG) to find the latent pattern along time at each node. These two tensor graphs share the same nodes and edges, which leading us to explore their entangled correlations by Projected Entangled Pair States (PEPS) to optimize the two graphs. We experimentally compare the accuracy and time costing with the state-of-the-art GNN based methods on the public traffic datasets."
144,Experimental realization of a quantum image classifier via tensor-network-based machine learning,2003.08551,10.1364/PRJ.434217,consistent,arxiv,https://arxiv.org/abs/2003.08551,https://doi.org/10.1364/PRJ.434217,opg.optica.org,https://arxiv.org/pdf/2003.08551,,,"Photonics Research 9 (12), 12002332 (2021)",Figshare,1192,1192,"Quantum machine learning aspires to overcome intractability that currently limits its applicability to practical problems. However, quantum machine learning itself is limited by low effective dimensions achievable in state-of-the-art experiments. Here we demonstrate highly successful classifications of real-life images using photonic qubits, combining a quantum tensor-network representation of hand-written digits and entanglement-based optimization. Specifically, we focus on binary classification for hand-written zeroes and ones, whose features are cast into the tensor-network representation, further reduced by optimization based on entanglement entropy and encoded into two-qubit photonic states. We then demonstrate image classification with a high success rate exceeding 98%, through successive gate operations and projective measurements. Although we work with photons, our approach is amenable to other physical realizations such as nitrogen-vacancy centers, nuclear spins and trapped ions, and our scheme can be scaled to efficient multi-qubit encodings of features in the tensor-product representation, thereby setting the stage for quantum-enhanced multi-class classification."
145,Hybrid Tensor Decomposition in Neural Network Compression,2006.15938,10.1016/j.neunet.2020.09.006,consistent,arxiv,https://arxiv.org/abs/2006.15938,https://doi.org/10.1016/j.neunet.2020.09.006,linkinghub.elsevier.com,https://arxiv.org/pdf/2006.15938,,,,arXiv (Cornell University),1550,1550,"Deep neural networks (DNNs) have enabled impressive breakthroughs in various artificial intelligence (AI) applications recently due to its capability of learning high-level features from big data. However, the current demand of DNNs for computational resources especially the storage consumption is growing due to that the increasing sizes of models are being required for more and more complicated applications. To address this problem, several tensor decomposition methods including tensor-train (TT) and tensor-ring (TR) have been applied to compress DNNs and shown considerable compression effectiveness. In this work, we introduce the hierarchical Tucker (HT), a classical but rarely-used tensor decomposition method, to investigate its capability in neural network compression. We convert the weight matrices and convolutional kernels to both HT and TT formats for comparative study, since the latter is the most widely used decomposition method and the variant of HT. We further theoretically and experimentally discover that the HT format has better performance on compressing weight matrices, while the TT format is more suited for compressing convolutional kernels. Based on this phenomenon we propose a strategy of hybrid tensor decomposition by combining TT and HT together to compress convolutional and fully connected parts separately and attain better accuracy than only using the TT or HT format on convolutional neural networks (CNNs). Our work illuminates the prospects of hybrid tensor decomposition for neural network compression."
146,Low Tensor Train- and Low Multilinear Rank Approximations for De-speckling and Compression of 3D Optical Coherence Tomog,2008.11414,,consistent,arxiv,https://arxiv.org/abs/2008.11414,,,https://arxiv.org/pdf/2008.11414,,,,arXiv (Cornell University),1900,1900,"This paper proposes low tensor-train (TT) rank and low multilinear (ML) rank approximations for de-speckling and compression of 3D optical coherence tomography (OCT) images for a given compression ratio (CR). To this end, we derive the alternating direction method of multipliers based algorithms for the related problems constrained with the low TT- and low ML rank. Rank constraints are implemented through the Schatten-p (Sp) norm, p e {0, 1/2, 2/3, 1}, of unfolded matrices. We provide the proofs of global convergence towards a stationary point for both algorithms. Rank adjusted 3D OCT image tensors are finally approximated through tensor train- and Tucker alternating least squares decompositions. We comparatively validate the low TT- and low ML rank methods on twenty-two 3D OCT images with the JPEG2000 and 3D SPIHT compression methods, as well as with no compression 2D bilateral filtering (BF), 2D median filtering (MF), and enhanced low-rank plus sparse matrix decomposition (ELRpSD) methods. For the CR<10, the low Sp TT rank method with pe{0, 1/2, 2/3} yields either highest or comparable signal-to-noise ratio (SNR), and comparable or better contrast-to-noise ratio (CNR), mean segmentation errors (SEs) of retina layers and expert-based image quality score (EIQS) than original image and image compression methods. It compares favorably in terms of CNR, fairly in terms of SE and EIQS with the no image compression methods. Thus, for CR<10 the low S2/3 TT rank approximation can be considered a good choice for visual inspection based diagnostics. For 2<CR<60, the low S1 ML rank method compares favorably in terms of SE with image compression methods and with 2D BF and ELRpSD. It is slightly inferior to 2D MF. Thus, for 2<CR<60, the low S1 ML rank approximation can be considered a good choice for segmentation based diagnostics either on-site or in the remote mode of operation."
147,On the Compression of Translation Operator Tensors in FMM-FFT-Accelerated SIE Simulators via Tensor Decompositions,2010.00520,10.1109/TAP.2020.3030981,consistent,arxiv,https://arxiv.org/abs/2010.00520,https://doi.org/10.1109/TAP.2020.3030981,ieeexplore.ieee.org,https://arxiv.org/pdf/2010.00520,,,,arXiv (Cornell University),1060,1060,"Tensor decomposition methodologies are proposed to reduce the memory requirement of translation operator tensors arising in the fast multipole method-fast Fourier transform (FMM-FFT)-accelerated surface integral equation (SIE) simulators. These methodologies leverage Tucker, hierarchical Tucker (H-Tucker), and tensor train (TT) decompositions to compress the FFT'ed translation operator tensors stored in three-dimensional (3D) and four-dimensional (4D) array formats. Extensive numerical tests are performed to demonstrate the memory saving achieved by and computational overhead introduced by these methodologies for different simulation parameters. Numerical results show that the H-Tucker-based methodology for 4D array format yields the maximum memory saving while Tucker-based methodology for 3D array format introduces the minimum computational overhead. For many practical scenarios, all methodologies yield a significant reduction in the memory requirement of translation operator tensors while imposing negligible/acceptable computational overhead."
132,Quantum-Classical Machine learning by Hybrid Tensor Networks,2005.09428,,consistent,arxiv,https://arxiv.org/abs/2005.09428,,,https://arxiv.org/pdf/2005.09428,,,,arXiv (Cornell University),1215,1215,"Tensor networks (TN) have found a wide use in machine learning, and in particular, TN and deep learning bear striking similarities. In this work, we propose the quantum-classical hybrid tensor networks (HTN) which combine tensor networks with classical neural networks in a uniform deep learning framework to overcome the limitations of regular tensor networks in machine learning. We first analyze the limitations of regular tensor networks in the applications of machine learning involving the representation power and architecture scalability. We conclude that in fact the regular tensor networks are not competent to be the basic building blocks of deep learning. Then, we discuss the performance of HTN which overcome all the deficiency of regular tensor networks for machine learning. In this sense, we are able to train HTN in the deep learning way which is the standard combination of algorithms such as Back Propagation and Stochastic Gradient Descent. We finally provide two applicable cases to show the potential applications of HTN, including quantum states classification and quantum-classical autoencoder. These cases also demonstrate the great potentiality to design various HTN in deep learning way."
148,Ranks of Tensor Networks for Eigenspace Projections and the Curse of Dimensionality,2012.12953,,consistent,arxiv,https://arxiv.org/abs/2012.12953,,,https://arxiv.org/pdf/2012.12953,,,,arXiv (Cornell University),677,677,"The hierarchical (multi-linear) rank of an order-$d$ tensor is key in determining the cost of representing a tensor as a (tree) Tensor Network (TN). In general, it is known that, for a fixed accuracy, a tensor with random entries cannot be expected to be efficiently approximable without the curse of dimensionality, i.e., a complexity growing exponentially with $d$. In this work, we show that the ground state projection (GSP) of a class of unbounded Hamiltonians can be approximately represented as an operator of low effective dimensionality that is independent of the (high) dimension $d$ of the GSP. This allows to approximate the GSP without the curse of dimensionality."
149,Recurrent Graph Tensor Networks: A Low-Complexity Framework for Modelling High-Dimensional Multi-Way Sequence,2009.08727,,consistent,arxiv,https://arxiv.org/abs/2009.08727,,,https://arxiv.org/pdf/2009.08727,,,,arXiv (Cornell University),1008,1008,"Recurrent Neural Networks (RNNs) are among the most successful machine learning models for sequence modelling, but tend to suffer from an exponential increase in the number of parameters when dealing with large multidimensional data. To this end, we develop a multi-linear graph filter framework for approximating the modelling of hidden states in RNNs, which is embedded in a tensor network architecture to improve modelling power and reduce parameter complexity, resulting in a novel Recurrent Graph Tensor Network (RGTN). The proposed framework is validated through several multi-way sequence modelling tasks and benchmarked against traditional RNNs. By virtue of the domain aware information processing of graph filters and the expressive power of tensor networks, we show that the proposed RGTN is capable of not only out-performing standard RNNs, but also mitigating the Curse of Dimensionality associated with traditional RNNs, demonstrating superior properties in terms of performance and complexity."
150,Tangent-Space Gradient Optimization of Tensor Network for Machine Learning,2001.04029,10.1103/PhysRevE.102.012152,consistent,arxiv,https://arxiv.org/abs/2001.04029,https://doi.org/10.1103/PhysRevE.102.012152,link.aps.org,https://arxiv.org/pdf/2001.04029,,,"Phys. Rev. E 102, 012152 (2020)",arXiv (Cornell University),1130,1130,"The gradient-based optimization method for deep machine learning models suffers from gradient vanishing and exploding problems, particularly when the computational graph becomes deep. In this work, we propose the tangent-space gradient optimization (TSGO) for the probabilistic models to keep the gradients from vanishing or exploding. The central idea is to guarantee the orthogonality between the variational parameters and the gradients. The optimization is then implemented by rotating parameter vector towards the direction of gradient. We explain and testify TSGO in tensor network (TN) machine learning, where the TN describes the joint probability distribution as a normalized state $\left| ψ\right\rangle $ in Hilbert space. We show that the gradient can be restricted in the tangent space of $\left\langle ψ\right.\left| ψ\right\rangle = 1$ hyper-sphere. Instead of additional adaptive methods to control the learning rate in deep learning, the learning rate of TSGO is naturally determined by the angle $θ$ as $η= \tan θ$. Our numerical results reveal better convergence of TSGO in comparison to the off-the-shelf Adam."
138,Tensor Decompositions in Recursive Neural Networks for Tree-Structured Data,2006.10619,,consistent,arxiv,https://arxiv.org/abs/2006.10619,,,https://arxiv.org/pdf/2006.10619,,,,arXiv (Cornell University),480,480,"The paper introduces two new aggregation functions to encode structural knowledge from tree-structured data. They leverage the Canonical and Tensor-Train decompositions to yield expressive context aggregation while limiting the number of model parameters. Finally, we define two novel neural recursive models for trees leveraging such aggregation functions, and we test them on two tree classification tasks, showing the advantage of proposed models when tree outdegree increases."
151,Tensor network based machine learning of non-Markovian quantum processes,2004.11038,10.1103/PhysRevA.102.062414,consistent,arxiv,https://arxiv.org/abs/2004.11038,https://doi.org/10.1103/PhysRevA.102.062414,link.aps.org,https://arxiv.org/pdf/2004.11038,,,"Phys. Rev. A 102, 062414 (2020)",arXiv (Cornell University),781,781,"We show how to learn structures of generic, non-Markovian, quantum stochastic processes using a tensor network based machine learning algorithm. We do this by representing the process as a matrix product operator (MPO) and train it with a database of local input states at different times and the corresponding time-nonlocal output state. In particular, we analyze a qubit coupled to an environment and predict output state of the system at different time, as well as reconstruct the full system process. We show how the bond dimension of the MPO, a measure of non-Markovianity, depends on the properties of the system, of the environment and of their interaction. Hence, this study opens the way to a possible experimental investigation into the process tensor and its properties."
136,Tensor-to-Vector Regression for Multi-channel Speech Enhancement based on Tensor-Train Network,2002.00544,,consistent,arxiv,https://arxiv.org/abs/2002.00544,,,https://arxiv.org/pdf/2002.00544,https://github.com/jqi41/Pytorch-Tensor-Train-Network,,IEEE ICASSP 2020,arXiv (Cornell University),1374,1374,"We propose a tensor-to-vector regression approach to multi-channel speech enhancement in order to address the issue of input size explosion and hidden-layer size expansion. The key idea is to cast the conventional deep neural network (DNN) based vector-to-vector regression formulation under a tensor-train network (TTN) framework. TTN is a recently emerged solution for compact representation of deep models with fully connected hidden layers. Thus TTN maintains DNN's expressive power yet involves a much smaller amount of trainable parameters. Furthermore, TTN can handle a multi-dimensional tensor input by design, which exactly matches the desired setting in multi-channel speech enhancement. We first provide a theoretical extension from DNN to TTN based regression. Next, we show that TTN can attain speech enhancement quality comparable with that for DNN but with much fewer parameters, e.g., a reduction from 27 million to only 5 million parameters is observed in a single-channel scenario. TTN also improves PESQ over DNN from 2.86 to 2.96 by slightly increasing the number of trainable parameters. Finally, in 8-channel conditions, a PESQ of 3.12 is achieved using 20 million parameters for TTN, whereas a DNN with 68 million parameters can only attain a PESQ of 3.06. Our implementation is available online https://github.com/uwjunqi/Tensor-Train-Neural-Network."
196,Active learning of tree tensor networks using optimal least-squares,2104.13436,,consistent,arxiv,https://arxiv.org/abs/2104.13436,,,https://arxiv.org/pdf/2104.13436,,,,arXiv (Cornell University),1167,1167,"In this paper, we propose new learning algorithms for approximating high-dimensional functions using tree tensor networks in a least-squares setting. Given a dimension tree or architecture of the tensor network, we provide an algorithm that generates a sequence of nested tensor subspaces based on a generalization of principal component analysis for multivariate functions. An optimal least-squares method is used for computing projections onto the generated tensor subspaces, using samples generated from a distribution depending on the previously generated subspaces. We provide an error bound in expectation for the obtained approximation. Practical strategies are proposed for adapting the feature spaces and ranks to achieve a prescribed error. Also, we propose an algorithm that progressively constructs the dimension tree by suitable pairings of variables, that allows to further reduce the number of samples necessary to reach that error. Numerical examples illustrate the performance of the proposed algorithms and show that stable approximations are obtained with a number of samples close to the number of free parameters of the estimated tensor networks."
185,Approximation by tree tensor networks in high dimensions: Sobolev and compositional functions,2112.01474,,consistent,arxiv,https://arxiv.org/abs/2112.01474,,,https://arxiv.org/pdf/2112.01474,,,"Pure and Applied Functional Analysis, Volume 8, Number 2, 405-428, 2023",HAL (Le Centre pour la Communication Scientifique Directe),859,859,"This paper is concerned with convergence estimates for fully discrete tree tensor network approximations of high-dimensional functions from several model classes. For functions having standard or mixed Sobolev regularity, new estimates generalizing and refining known results are obtained, based on notions of linear widths of multivariate functions. In the main results of this paper, such techniques are applied to classes of functions with compositional structure, which are known to be particularly suitable for approximation by deep neural networks. As shown here, such functions can also be approximated by tree tensor networks without a curse of dimensionality -- however, subject to certain conditions, in particular on the depth of the underlying tree. In addition, a constructive encoding of compositional functions in tree tensor networks is given."
197,Born Machines for Periodic and Open XY Quantum Spin Chains,2112.05326,,consistent,arxiv,https://arxiv.org/abs/2112.05326,,,https://arxiv.org/pdf/2112.05326,,,,arXiv (Cornell University),1421,1421,"Quantum phase transitions are ubiquitous in quantum many body systems. The quantum fluctuations that occur at very low temperatures are known to be responsible for driving the system across different phases as a function of an external control parameter. The XY Hamiltonian with a transverse field is a basic model that manifests two distinct quantum phase transitions, including spontaneous $Z_2$ symmetry breaking from an ordered to a disordered state. While programmable quantum devices have shown great success in investigating the various exotic quantum phases of matter, in parallel, the quest for harnessing machine learning tools in learning quantum phases of matter is ongoing. In this paper, we present a numerical study of the power of a quantum-inspired generative model known as the Born machine in learning quantum phases of matter. Data obtained from the system under open and periodic boundary conditions is considered. Our results indicate that a Born machine based on matrix product states can successfully capture the quantum state across various phases of the XY Hamiltonian and close to a critical point, despite the existence of long-range correlations. We further impose boundary conditions on the Born machine and show that matching the boundary condition of the Born machine and that of the training data improves performance when limited data is available and a small bond dimension is employed."
192,Matrix Product State Pre-Training for Quantum Machine Learning,2106.05742,,consistent,arxiv,https://arxiv.org/abs/2106.05742,,,https://arxiv.org/pdf/2106.05742,,,,arXiv (Cornell University),774,774,"Hybrid Quantum-Classical algorithms are a promising candidate for developing uses for NISQ devices. In particular, Parametrised Quantum Circuits (PQCs) paired with classical optimizers have been used as a basis for quantum chemistry and quantum optimization problems. Training PQCs relies on methods to overcome the fact that the gradients of PQCs vanish exponentially in the size of the circuits used. Tensor network methods are being increasingly used as a classical machine learning tool, as well as a tool for studying quantum systems. We introduce a circuit pre-training method based on matrix product state machine learning methods, and demonstrate that it accelerates training of PQCs for both supervised learning, energy minimization, and combinatorial optimization."
198,Neural Tangent Kernel of Matrix Product States: Convergence and Applications,2111.14046,,consistent,arxiv,https://arxiv.org/abs/2111.14046,,,https://arxiv.org/pdf/2111.14046,,,,arXiv (Cornell University),1409,1409,"In this work, we study the Neural Tangent Kernel (NTK) of Matrix Product States (MPS) and the convergence of its NTK in the infinite bond dimensional limit. We prove that the NTK of MPS asymptotically converges to a constant matrix during the gradient descent (training) process (and also the initialization phase) as the bond dimensions of MPS go to infinity by the observation that the variation of the tensors in MPS asymptotically goes to zero during training in the infinite limit. By showing the positive-definiteness of the NTK of MPS, the convergence of MPS during the training in the function space (space of functions represented by MPS) is guaranteed without any extra assumptions of the data set. We then consider the settings of (supervised) Regression with Mean Square Error (RMSE) and (unsupervised) Born Machines (BM) and analyze their dynamics in the infinite bond dimensional limit. The ordinary differential equations (ODEs) which describe the dynamics of the responses of MPS in the RMSE and BM are derived and solved in the closed-form. For the Regression, we consider Mercer Kernels (Gaussian Kernels) and find that the evolution of the mean of the responses of MPS follows the largest eigenvalue of the NTK. Due to the orthogonality of the kernel functions in BM, the evolution of different modes (samples) decouples and the ""characteristic time"" of convergence in training is obtained."
199,On the closedness and geometry of tensor network state sets,2108.00031,10.1007/s11005-022-01552-z,consistent,arxiv,https://arxiv.org/abs/2108.00031,https://doi.org/10.1007/s11005-022-01552-z,link.springer.com,https://arxiv.org/pdf/2108.00031,,,"Lett. Math. Phys. 112, 72 (2022)",arXiv (Cornell University),1294,1294,"Tensor network states (TNS) are a powerful approach for the study of strongly correlated quantum matter. The curse of dimensionality is addressed by parametrizing the many-body state in terms of a network of partially contracted tensors. These tensors form a substantially reduced set of effective degrees of freedom. In practical algorithms, functionals like energy expectation values or overlaps are optimized over certain sets of TNS. Concerning algorithmic stability, it is important whether the considered sets are closed because, otherwise, the algorithms may approach a boundary point that is outside the TNS set and tensor elements diverge. We discuss the closedness and geometries of TNS sets, and we propose regularizations for optimization problems on non-closed TNS sets. We show that sets of matrix product states (MPS) with open boundary conditions, tree tensor network states (TTNS), and the multiscale entanglement renormalization ansatz (MERA) are always closed, whereas sets of translation-invariant MPS with periodic boundary conditions (PBC), heterogeneous MPS with PBC, and projected entangled-pair states (PEPS) are generally not closed. The latter is done using explicit examples like the W state, states that we call two-domain states, and fine-grained versions thereof."
183,Quantum Tensor Network in Machine Learning: An Application to Tiny Object Classification,2101.03154,,consistent,arxiv,https://arxiv.org/abs/2101.03154,,,https://arxiv.org/pdf/2101.03154,https://github.com/timqqt/MERA_Image_Classification,,https://tensorworkshop.github.io/NeurIPS2020/CFP.html,arXiv (Cornell University),1276,1276,"Tiny object classification problem exists in many machine learning applications like medical imaging or remote sensing, where the object of interest usually occupies a small region of the whole image. It is challenging to design an efficient machine learning model with respect to tiny object of interest. Current neural network structures are unable to deal with tiny object efficiently because they are mainly developed for images featured by large scale objects. However, in quantum physics, there is a great theoretical foundation guiding us to analyze the target function for image classification regarding to specific objects size ratio. In our work, we apply Tensor Networks to solve this arising tough machine learning problem. First, we summarize the previous work that connects quantum spin model to image classification and bring the theory into the scenario of tiny object classification. Second, we propose using 2D multi-scale entanglement renormalization ansatz (MERA) to classify tiny objects in image. In the end, our experimental results indicate that tensor network models are effective for tiny object classification problem and potentially will beat state-of-the-art. Our codes will be available online https://github.com/timqqt/MERA_Image_Classification."
200,Symmetries and local transformations of translationally invariant Matrix Product States,2111.02457,10.1103/PhysRevA.105.032424,consistent,arxiv,https://arxiv.org/abs/2111.02457,https://doi.org/10.1103/PhysRevA.105.032424,link.aps.org,https://arxiv.org/pdf/2111.02457,,,,,880,880,"We determine the local symmetries and local transformation properties of translationally invariant matrix product states (MPS). We focus on physical dimension $d=2$ and bond dimension $D=3$ and use the procedure introduced in D. Sauerwein et al., Phys. Rev. Lett. 123, 170504 (2019) to determine all (including non--global) symmetries of those states. We identify and classify the stochastic local transformations (SLOCC) that are allowed among MPS. We scrutinize two very distinct sets of MPS and show the big diversity (also compared to the case $D=2$) occurring in both, their symmetries and the possible SLOCC transformations. These results reflect the variety of local properties of MPS, even if restricted to translationally invariant states with low bond dimension. Finally, we show that states with non-trivial local symmetries are of measure zero for $d = 2$ and $D > 3$."
201,TedNet: A Pytorch Toolkit for Tensor Decomposition Networks,2104.05018,10.1016/j.neucom.2021.10.064,consistent,arxiv,https://arxiv.org/abs/2104.05018,https://doi.org/10.1016/j.neucom.2021.10.064,linkinghub.elsevier.com,https://arxiv.org/pdf/2104.05018,https://github.com/tnbar/tednet,,,,562,562,"Tensor Decomposition Networks (TDNs) prevail for their inherent compact architectures. To give more researchers a flexible way to exploit TDNs, we present a Pytorch toolkit named TedNet. TedNet implements 5 kinds of tensor decomposition(i.e., CANDECOMP/PARAFAC (CP), Block-Term Tucker (BTT), Tucker-2, Tensor Train (TT) and Tensor Ring (TR) on traditional deep neural layers, the convolutional layer and the fully-connected layer. By utilizing the basic layers, it is simple to construct a variety of TDNs. TedNet is available at https://github.com/tnbar/tednet."
202,Tensor Yard: One-Shot Algorithm of Hardware-Friendly Tensor-Train Decomposition for Convolutional Neural Networks,2108.04029,,consistent,arxiv,https://arxiv.org/abs/2108.04029,,,https://arxiv.org/pdf/2108.04029,,,,arXiv (Cornell University),773,773,"Nowadays Deep Learning became widely used in many economic, technical and scientific areas of human interest. It is clear that efficiency of solutions based on Deep Neural Networks should consider not only quality metric for the target task, but also latency and constraints of target platform design should be taken into account. In this paper we present novel hardware-friendly Tensor-Train decomposition implementation for Convolutional Neural Networks together with Tensor Yard - one-shot training algorithm which optimizes an order of decomposition of network layers. These ideas allow to accelerate ResNet models on Ascend 310 NPU devices without significant loss of accuracy. For example we accelerate ResNet-101 by 14.6% with drop by 0.5 of top-1 ImageNet accuracy."
203,Tensor-Train Recurrent Neural Networks for Interpretable Multi-Way Financial Forecasting,2105.04983,,consistent,arxiv,https://arxiv.org/abs/2105.04983,,,https://arxiv.org/pdf/2105.04983,,,,arXiv (Cornell University),1367,1367,"Recurrent Neural Networks (RNNs) represent the de facto standard machine learning tool for sequence modelling, owing to their expressive power and memory. However, when dealing with large dimensional data, the corresponding exponential increase in the number of parameters imposes a computational bottleneck. The necessity to equip RNNs with the ability to deal with the curse of dimensionality, such as through the parameter compression ability inherent to tensors, has led to the development of the Tensor-Train RNN (TT-RNN). Despite achieving promising results in many applications, the full potential of the TT-RNN is yet to be explored in the context of interpretable financial modelling, a notoriously challenging task characterized by multi-modal data with low signal-to-noise ratio. To address this issue, we investigate the potential of TT-RNN in the task of financial forecasting of currencies. We show, through the analysis of TT-factors, that the physical meaning underlying tensor decomposition, enables the TT-RNN model to aid the interpretability of results, thus mitigating the notorious ""black-box"" issue associated with neural networks. Furthermore, simulation results highlight the regularization power of TT decomposition, demonstrating the superior performance of TT-RNN over its uncompressed RNN counterpart and other tensor forecasting methods."
204,The Presence and Absence of Barren Plateaus in Tensor-network Based Machine Learning,2108.08312,10.1103/PhysRevLett.129.270501,consistent,arxiv,https://arxiv.org/abs/2108.08312,https://doi.org/10.1103/PhysRevLett.129.270501,link.aps.org,https://arxiv.org/pdf/2108.08312,,,,arXiv (Cornell University),1177,1177,"Tensor networks are efficient representations of high-dimensional tensors with widespread applications in quantum many-body physics. Recently, they have been adapted to the field of machine learning, giving rise to an emergent research frontier that has attracted considerable attention. Here, we study the trainability of tensor-network based machine learning models by exploring the landscapes of different loss functions, with a focus on the matrix product states (also called tensor trains) architecture. In particular, we rigorously prove that barren plateaus (i.e., exponentially vanishing gradients) prevail in the training process of the machine learning algorithms with global loss functions. Whereas, for local loss functions the gradients with respect to variational parameters near the local observables do not vanish as the system size increases. Therefore, the barren plateaus are absent in this case and the corresponding models could be efficiently trainable. Our results reveal a crucial aspect of tensor-network based machine learning in a rigorous fashion, which provide a valuable guide for both practical applications and theoretical studies in the future."
205,Tree tensor-network real-time multiorbital impurity solver: Spin-orbit coupling and correlation functions in Sr$_2$RuO$_,2103.05545,10.1103/PhysRevB.104.115119,consistent,arxiv,https://arxiv.org/abs/2103.05545,https://doi.org/10.1103/PhysRevB.104.115119,link.aps.org,https://arxiv.org/pdf/2103.05545,,,"Phys. Rev. B 104, 115119 (2021)",arXiv (Cornell University),1072,1072,"We present a tree tensor-network impurity solver suited for general multiorbital systems. The network is constructed to efficiently capture the entanglement structure and symmetry of an impurity problem. The solver works directly on the real-time/frequency axis and generates spectral functions with energy-independent resolution of the order of one percent of the correlated bandwidth. Combined with an optimized representation of the impurity bath, it efficiently solves self-consistent dynamical mean-field equations and calculates various dynamical correlation functions for systems with off-diagonal Green's functions. For the archetypal correlated Hund's metal Sr$_2$RuO$_4$, we show that both the low-energy quasiparticle spectra related to the van Hove singularity and the high-energy atomic multiplet excitations can be faithfully resolved. In particular, we show that while the spin-orbit coupling has only minor effects on the orbital-diagonal one-particle spectral functions, it has a more profound impact on the low-energy spin and orbital response functions."
250,A practical overview of image classification with variational tensor-network quantum circuits,2209.11058,,consistent,arxiv,https://arxiv.org/abs/2209.11058,,,https://arxiv.org/pdf/2209.11058,,,,arXiv (Cornell University),1037,1037,"Circuit design for quantum machine learning remains a formidable challenge. Inspired by the applications of tensor networks across different fields and their novel presence in the classical machine learning context, one proposed method to design variational circuits is to base the circuit architecture on tensor networks. Here, we comprehensively describe tensor-network quantum circuits and how to implement them in simulations. This includes leveraging circuit cutting, a technique used to evaluate circuits with more qubits than those available on current quantum devices. We then illustrate the computational requirements and possible applications by simulating various tensor-network quantum circuits with PennyLane, an open-source python library for differential programming of quantum computers. Finally, we demonstrate how to apply these circuits to increasingly complex image processing tasks, completing this overview of a flexible method to design circuits that can be applied to industrially-relevant machine learning tasks."
242,A quantum-inspired tensor network method for constrained combinatorial optimization problems,2203.15246,10.3389/fphy.2022.906590,consistent,arxiv,https://arxiv.org/abs/2203.15246,https://doi.org/10.3389/fphy.2022.906590,frontiersin.org,https://arxiv.org/pdf/2203.15246,,,"Frontiers in Physics, Volume 10, Article 906590 (2022)",arXiv (Cornell University),920,920,"Combinatorial optimization is of general interest for both theoretical study and real-world applications. Fast-developing quantum algorithms provide a different perspective on solving combinatorial optimization problems. In this paper, we propose a quantum-inspired tensor-network-based algorithm for general locally constrained combinatorial optimization problems. Our algorithm constructs a Hamiltonian for the problem of interest, effectively mapping it to a quantum problem, then encodes the constraints directly into a tensor network state and solves the optimal solution by evolving the system to the ground state of the Hamiltonian. We demonstrate our algorithm with the open-pit mining problem, which results in a quadratic asymptotic time complexity. Our numerical results show the effectiveness of this construction and potential applications in further studies for general combinatorial optimization problems."
251,Computing time-periodic steady-state currents via the time evolution of tensor network states,2201.04107,10.1063/5.0099741,consistent,arxiv,https://arxiv.org/abs/2201.04107,https://doi.org/10.1063/5.0099741,pubs.aip.org,https://arxiv.org/pdf/2201.04107,,,"J. Chem. Phys., 157, 054104, 2022",,1198,1198,"We present an approach based upon binary tree tensor network (BTTN) states for computing steady-state current statistics for a many-particle 1D ratchet subject to volume exclusion interactions. The ratcheted particles, which move on a lattice with periodic boundary conditions subject to a time-periodic drive, can be stochastically evolved in time to sample representative trajectories via a Gillespie method. In lieu of generating realizations of trajectories, a BTTN state can variationally approximate a distribution over the vast number of many-body configurations. We apply the density matrix renormalization group (DMRG) algorithm to initialize BTTN states, which are then propagated in time via the time-dependent variational principle (TDVP) algorithm to yield the steady-state behavior, including the effects of both typical and rare trajectories. The application of the methods to ratchet currents is highlighted in a companion letter, but the approach extends naturally to other interacting lattice models with time-dependent driving. Though trajectory sampling is conceptually and computationally simpler, we discuss situations for which the BTTN TDVP strategy could be more favorable."
244,Decohering Tensor Network Quantum Machine Learning Models,2209.01195,10.1007/s42484-022-00095-9,consistent,arxiv,https://arxiv.org/abs/2209.01195,https://doi.org/10.1007/s42484-022-00095-9,link.springer.com,https://arxiv.org/pdf/2209.01195,,,"Quantum Mach. Intell. 5, 7 (2023)",eScholarship (California Digital Library),898,898,"Tensor network quantum machine learning (QML) models are promising applications on near-term quantum hardware. While decoherence of qubits is expected to decrease the performance of QML models, it is unclear to what extent the diminished performance can be compensated for by adding ancillas to the models and accordingly increasing the virtual bond dimension of the models. We investigate here the competition between decoherence and adding ancillas on the classification performance of two models, with an analysis of the decoherence effect from the perspective of regression. We present numerical evidence that the fully-decohered unitary tree tensor network (TTN) with two ancillas performs at least as well as the non-decohered unitary TTN, suggesting that it is beneficial to add at least two ancillas to the unitary TTN regardless of the amount of decoherence may be consequently introduced."
234,Do Quantum Circuit Born Machines Generalize?,2207.13645,,consistent,arxiv,https://arxiv.org/abs/2207.13645,,,https://arxiv.org/pdf/2207.13645,,,,arXiv (Cornell University),1873,1873,"In recent proposals of quantum circuit models for generative tasks, the discussion about their performance has been limited to their ability to reproduce a known target distribution. For example, expressive model families such as Quantum Circuit Born Machines (QCBMs) have been almost entirely evaluated on their capability to learn a given target distribution with high accuracy. While this aspect may be ideal for some tasks, it limits the scope of a generative model's assessment to its ability to memorize data rather than generalize. As a result, there has been little understanding of a model's generalization performance and the relation between such capability and the resource requirements, e.g., the circuit depth and the amount of training data. In this work, we leverage upon a recently proposed generalization evaluation framework to begin addressing this knowledge gap. We first investigate the QCBM's learning process of a cardinality-constrained distribution and see an increase in generalization performance while increasing the circuit depth. In the 12-qubit example presented here, we observe that with as few as 30% of the valid data in the training set, the QCBM exhibits the best generalization performance toward generating unseen and valid data. Lastly, we assess the QCBM's ability to generalize not only to valid samples, but to high-quality bitstrings distributed according to an adequately re-weighted distribution. We see that the QCBM is able to effectively learn the reweighted dataset and generate unseen samples with higher quality than those in the training set. To the best of our knowledge, this is the first work in the literature that presents the QCBM's generalization performance as an integral evaluation metric for quantum generative models, and demonstrates the QCBM's ability to generalize to high-quality, desired novel samples."
252,Exploiting Low-Rank Tensor-Train Deep Neural Networks Based on Riemannian Gradient Descent With Illustrations of Speech ,2203.06031,,consistent,arxiv,https://arxiv.org/abs/2203.06031,,,https://arxiv.org/pdf/2203.06031,,,,arXiv (Cornell University),1070,1070,"This work focuses on designing low complexity hybrid tensor networks by considering trade-offs between the model complexity and practical performance. Firstly, we exploit a low-rank tensor-train deep neural network (TT-DNN) to build an end-to-end deep learning pipeline, namely LR-TT-DNN. Secondly, a hybrid model combining LR-TT-DNN with a convolutional neural network (CNN), which is denoted as CNN+(LR-TT-DNN), is set up to boost the performance. Instead of randomly assigning large TT-ranks for TT-DNN, we leverage Riemannian gradient descent to determine a TT-DNN associated with small TT-ranks. Furthermore, CNN+(LR-TT-DNN) consists of convolutional layers at the bottom for feature extraction and several TT layers at the top to solve regression and classification problems. We separately assess the LR-TT-DNN and CNN+(LR-TT-DNN) models on speech enhancement and spoken command recognition tasks. Our empirical evidence demonstrates that the LR-TT-DNN and CNN+(LR-TT-DNN) models with fewer model parameters can outperform the TT-DNN and CNN+(TT-DNN) counterparts."
231,Generalization and Overfitting in Matrix Product State Machine Learning Architectures,2208.04372,,consistent,arxiv,https://arxiv.org/abs/2208.04372,,,https://arxiv.org/pdf/2208.04372,,,,arXiv (Cornell University),996,996,"While overfitting and, more generally, double descent are ubiquitous in machine learning, increasing the number of parameters of the most widely used tensor network, the matrix product state (MPS), has generally lead to monotonic improvement of test performance in previous studies. To better understand the generalization properties of architectures parameterized by MPS, we construct artificial data which can be exactly modeled by an MPS and train the models with different number of parameters. We observe model overfitting for one-dimensional data, but also find that for more complex data overfitting is less significant, while with MNIST image data we do not find any signatures of overfitting. We speculate that generalization properties of MPS depend on the properties of data: with one-dimensional data (for which the MPS ansatz is the most suitable) MPS is prone to overfitting, while with more complex data which cannot be fit by MPS exactly, overfitting may be much less significant."
243,Improvements to Gradient Descent Methods for Quantum Tensor Network Machine Learning,2203.03366,,consistent,arxiv,https://arxiv.org/abs/2203.03366,,,https://arxiv.org/pdf/2203.03366,,,"Second Workshop on Quantum Tensor Networks in Machine Learning, 35th Conference on Neural Information Processing Systems (NeurIPS 2021)",arXiv (Cornell University),1023,1023,"Tensor networks have demonstrated significant value for machine learning in a myriad of different applications. However, optimizing tensor networks using standard gradient descent has proven to be difficult in practice. Tensor networks suffer from initialization problems resulting in exploding or vanishing gradients and require extensive hyperparameter tuning. Efforts to overcome these problems usually depend on specific network architectures, or ad hoc prescriptions. In this paper we address the problems of initialization and hyperparameter tuning, making it possible to train tensor networks using established machine learning techniques. We introduce a `copy node' method that successfully initializes arbitrary tensor networks, in addition to a gradient based regularization technique for bond dimensions. We present numerical results that show that the combination of techniques presented here produces quantum inspired tensor network models with far fewer parameters, while improving generalization performance."
253,"Investigating Quantum Many-Body Systems with Tensor Networks, Machine Learning and Quantum Computers",2210.11130,,consistent,arxiv,https://arxiv.org/abs/2210.11130,,,https://arxiv.org/pdf/2210.11130,,,,arXiv (Cornell University),1251,1251,"We perform quantum simulation on classical and quantum computers and set up a machine learning framework in which we can map out phase diagrams of known and unknown quantum many-body systems in an unsupervised fashion. The classical simulations are done with state-of-the-art tensor network methods in one and two spatial dimensions. For one dimensional systems, we utilize matrix product states (MPS) that have many practical advantages and can be optimized using the efficient density matrix renormalization group (DMRG) algorithm. The data for two dimensional systems is obtained from entangled projected pair states (PEPS) optimized via imaginary time evolution. Data in form of observables, entanglement spectra, or parts of the state vectors from these simulations, is then fed into a deep learning (DL) pipeline where we perform anomaly detection to map out the phase diagram. We extend this notion to quantum computers and introduce quantum variational anomaly detection. Here, we first simulate the ground state and then process it in a quantum machine learning (QML) manner. Both simulation and QML routines are performed on the same device, which we demonstrate both in classical simulation and on a physical quantum computer hosted by IBM."
254,Near-Linear Time and Fixed-Parameter Tractable Algorithms for Tensor Decompositions,2207.07417,,consistent,arxiv,https://arxiv.org/abs/2207.07417,,,https://arxiv.org/pdf/2207.07417,,,,,1865,1865,"We study low rank approximation of tensors, focusing on the tensor train and Tucker decompositions, as well as approximations with tree tensor networks and more general tensor networks. For tensor train decomposition, we give a bicriteria $(1 + \eps)$-approximation algorithm with a small bicriteria rank and $O(q \cdot \nnz(A))$ running time, up to lower order terms, which improves over the additive error algorithm of \cite{huber2017randomized}. We also show how to convert the algorithm of \cite{huber2017randomized} into a relative error algorithm, but their algorithm necessarily has a running time of $O(qr^2 \cdot \nnz(A)) + n \cdot \poly(qk/\eps)$ when converted to a $(1 + \eps)$-approximation algorithm with bicriteria rank $r$. To the best of our knowledge, our work is the first to achieve polynomial time relative error approximation for tensor train decomposition. Our key technique is a method for obtaining subspace embeddings with a number of rows polynomial in $q$ for a matrix which is the flattening of a tensor train of $q$ tensors. We extend our algorithm to tree tensor networks. In addition, we extend our algorithm to tensor networks with arbitrary graphs (which we refer to as general tensor networks), by using a result of \cite{ms08_simulating_quantum_tensor_contraction} and showing that a general tensor network of rank $k$ can be contracted to a binary tree network of rank $k^{O(°(G)\tw(G))}$, allowing us to reduce to the case of tree tensor networks. Finally, we give new fixed-parameter tractable algorithms for the tensor train, Tucker, and CP decompositions, which are simpler than those of \cite{swz19_tensor_low_rank} since they do not make use of polynomial system solvers. Our technique of Gaussian subspace embeddings with exactly $k$ rows (and thus exponentially small success probability) may be of independent interest."
235,"On the Optimal Linear Contraction Order of Tree Tensor Networks, and Beyond",2209.12332,10.1137/23M161286X,consistent,arxiv,https://arxiv.org/abs/2209.12332,https://doi.org/10.1137/23M161286X,epubs.siam.org,https://arxiv.org/pdf/2209.12332,,,"SIAM J. Sci. Comput. 46, B647-B668 (2024)",mediaTUM – the media and publications repository of the Technical University Munich (Technical University Munich),762,762,"The contraction cost of a tensor network depends on the contraction order. However, the optimal contraction ordering problem is known to be NP-hard. We show that the linear contraction ordering problem for tree tensor networks admits a polynomial-time algorithm, by drawing connections to database join ordering. The result relies on the adjacent sequence interchange property of the contraction cost, which enables a global decision of the contraction order based on local comparisons. Based on that, we specify a modified version of the IKKBZ database join ordering algorithm to find the optimal tree tensor network linear contraction order. Finally, we extend our algorithm as a heuristic to general contraction orders and arbitrary tensor network topologies."
233,Privacy-preserving machine learning with tensor networks,2202.12319,10.22331/q-2024-07-25-1425,consistent,arxiv,https://arxiv.org/abs/2202.12319,https://doi.org/10.22331/q-2024-07-25-1425,quantum-journal.org,https://arxiv.org/pdf/2202.12319,https://github.com/apozas/private-tn,,"Quantum 8, 1425 (2024)",arXiv (Cornell University),1580,1580,"Tensor networks, widely used for providing efficient representations of low-energy states of local quantum many-body systems, have been recently proposed as machine learning architectures which could present advantages with respect to traditional ones. In this work we show that tensor network architectures have especially prospective properties for privacy-preserving machine learning, which is important in tasks such as the processing of medical records. First, we describe a new privacy vulnerability that is present in feedforward neural networks, illustrating it in synthetic and real-world datasets. Then, we develop well-defined conditions to guarantee robustness to such vulnerability, which involve the characterization of models equivalent under gauge symmetry. We rigorously prove that such conditions are satisfied by tensor-network architectures. In doing so, we define a novel canonical form for matrix product states, which has a high degree of regularity and fixes the residual gauge that is left in the canonical forms based on singular value decompositions. We supplement the analytical findings with practical examples where matrix product states are trained on datasets of medical records, which show large reductions on the probability of an attacker extracting information about the training dataset from the model's parameters. Given the growing expertise in training tensor-network architectures, these results imply that one may not have to be forced to make a choice between accuracy in prediction and ensuring the privacy of the information processed."
245,Quantum-Aided Meta-Learning for Bayesian Binary Neural Networks via Born Machines,2203.17089,,consistent,arxiv,https://arxiv.org/abs/2203.17089,,,https://arxiv.org/pdf/2203.17089,,,,arXiv (Cornell University),893,893,"Near-term noisy intermediate-scale quantum circuits can efficiently implement implicit probabilistic models in discrete spaces, supporting distributions that are practically infeasible to sample from using classical means. One of the possible applications of such models, also known as Born machines, is probabilistic inference, which is at the core of Bayesian methods. This paper studies the use of Born machines for the problem of training binary Bayesian neural networks. In the proposed approach, a Born machine is used to model the variational distribution of the binary weights of the neural network, and data from multiple tasks is used to reduce training data requirements on new tasks. The method combines gradient-based meta-learning and variational inference via Born machines, and is shown in a prototypical regression problem to outperform conventional joint learning strategies."
255,Quaternion Tensor Train Rank Minimization with Sparse Regularization in a Transformed Domain for Quaternion Tensor Compl,2209.02964,,consistent,arxiv,https://arxiv.org/abs/2209.02964,,,https://arxiv.org/pdf/2209.02964,,,,arXiv (Cornell University),1644,1644,"The tensor train rank (TT-rank) has achieved promising results in tensor completion due to its ability to capture the global low-rankness of higher-order (>3) tensors. On the other hand, recently, quaternions have proven to be a very suitable framework for encoding color pixels, and have obtained outstanding performance in various color image processing tasks. In this paper, the quaternion tensor train (QTT) decomposition is presented, and based on that the quaternion TT-rank (QTT-rank) is naturally defined, which are the generalizations of their counterparts in the real number field. In addition, to utilize the local sparse prior of the quaternion tensor, a general and flexible transform framework is defined. Combining both the global low-rank and local sparse priors of the quaternion tensor, we propose a novel quaternion tensor completion model, i.e., QTT-rank minimization with sparse regularization in a transformed domain. Specifically, we use the quaternion weighted nuclear norm (QWNN) of mode-n canonical unfolding quaternion matrices to characterize the global low-QTT-rankness, and the l1-norm of the quaternion tensor in a transformed domain to characterize the local sparse property. Moreover, to enable the QTT-rank minimization to handle color images and better handle color videos, we generalize KA, a tensor augmentation method, to quaternion tensors and define quaternion KA (QKA), which is a helpful pretreatment step for QTT-rank based optimization problems. The numerical experiments on color images and color videos inpainting tasks indicate the advantages of the proposed method over the state-of-the-art ones."
236,Reconstructing Quantum States Using Basis-Enhanced Born Machines,2206.01273,,consistent,arxiv,https://arxiv.org/abs/2206.01273,,,https://arxiv.org/pdf/2206.01273,,,,arXiv (Cornell University),1515,1515,"Rapid improvement in quantum hardware has opened the door to complex problems, but the precise characterization of quantum systems itself remains a challenge. To address this obstacle, novel tomography schemes have been developed that employ generative machine learning models, enabling quantum state reconstruction from limited classical data. In particular, quantum-inspired Born machines provide a natural way to encode measured data into a model of a quantum state. Born machines have shown great success in learning from classical data; however, the full potential of a Born machine in learning from quantum measurement has thus far been unrealized. To this end, we devise a complex-valued basis-enhanced Born machine and show that it can reconstruct pure quantum states using projective measurements from only two Pauli measurement bases. We implement the basis-enhanced Born machine to learn the ground states across the phase diagram of a 1D chain of Rydberg atoms, reconstructing quantum states deep in ordered phases and even at critical points with quantum fidelities surpassing 99%. The model accurately predicts quantum correlations and different observables, and system sizes as large as 37 qubits are considered. Quantum states across the phase diagram of a 1D XY spin chain are also successfully reconstructed using this scheme. Our method only requires simple Pauli measurements with a sample complexity that scales quadratically with system size, making it amenable to experimental implementation."
256,Sample-efficient Quantum Born Machine through Coding Rate Reduction,2211.10418,,consistent,arxiv,https://arxiv.org/abs/2211.10418,,,https://arxiv.org/pdf/2211.10418,,,,arXiv (Cornell University),1800,1800,"The quantum circuit Born machine (QCBM) is a quantum physics inspired implicit generative model naturally suitable for learning binary images, with a potential advantage of modeling discrete distributions that are hard to simulate classically. As data samples are generated quantum-mechanically, QCBMs encompass a unique optimization landscape. However, pioneering works on QCBMs do not consider the practical scenario where only small batch sizes are allowed during training. QCBMs trained with a statistical two-sample test objective in the image space require large amounts of projective measurements to approximate the model distribution well, unpractical for large-scale quantum systems due to the exponential scaling of the probability space. QCBMs trained adversarially against a deep neural network discriminator are proof-of-concept models that face mode collapse. In this work we investigate practical learning of QCBMs. We use the information-theoretic \textit{Maximal Coding Rate Reduction} (MCR$^2$) metric as a second moment matching tool and study its effect on mode collapse in QCBMs. We compute the sampling based gradient of MCR$^2$ with respect to quantum circuit parameters with or without an explicit feature mapping. We experimentally show that matching up to the second moment alone is not sufficient for training the quantum generator, but when combined with the class probability estimation loss, MCR$^2$ is able to resist mode collapse. In addition, we show that adversarially trained neural network kernel for infinite moment matching is also effective against mode collapse. On the Bars and Stripes dataset, our proposed techniques alleviate mode collapse to a larger degree than previous QCBM training schemes, moving one step closer towards practicality and scalability."
246,Tensor Network States with Low-Rank Tensors,2205.15296,,consistent,arxiv,https://arxiv.org/abs/2205.15296,,,https://arxiv.org/pdf/2205.15296,,,,arXiv (Cornell University),1137,1137,"Tensor networks are used to efficiently approximate states of strongly-correlated quantum many-body systems. More generally, tensor network approximations may allow to reduce the costs for operating on an order-$N$ tensor from exponential to polynomial in $N$, and this has become a popular approach for machine learning. We introduce the idea of imposing low-rank constraints on the tensors that compose the tensor network. With this modification, the time and space complexities for the network optimization can be substantially reduced while maintaining high accuracy. We detail this idea for tree tensor network states (TTNS) and projected entangled-pair states. Simulations of spin models on Cayley trees with low-rank TTNS exemplify the effect of rank constraints on the expressive power. We find that choosing the tensor rank $r$ to be on the order of the bond dimension $m$, is sufficient to obtain high-accuracy groundstate approximations and to substantially outperform standard TTNS computations. Thus low-rank tensor networks are a promising route for the simulation of quantum matter and machine learning on large data sets."
257,Tensor networks in machine learning,2207.02851,,consistent,arxiv,https://arxiv.org/abs/2207.02851,,,https://arxiv.org/pdf/2207.02851,,,,arXiv (Cornell University),1342,1342,"A tensor network is a type of decomposition used to express and approximate large arrays of data. A given data-set, quantum state or higher dimensional multi-linear map is factored and approximated by a composition of smaller multi-linear maps. This is reminiscent to how a Boolean function might be decomposed into a gate array: this represents a special case of tensor decomposition, in which the tensor entries are replaced by 0, 1 and the factorisation becomes exact. The collection of associated techniques are called, tensor network methods: the subject developed independently in several distinct fields of study, which have more recently become interrelated through the language of tensor networks. The tantamount questions in the field relate to expressability of tensor networks and the reduction of computational overheads. A merger of tensor networks with machine learning is natural. On the one hand, machine learning can aid in determining a factorization of a tensor network approximating a data set. On the other hand, a given tensor network structure can be viewed as a machine learning model. Herein the tensor network parameters are adjusted to learn or classify a data-set. In this survey we recover the basics of tensor networks and explain the ongoing effort to develop the theory of tensor networks in machine learning."
258,Tensor-Train Compression of Discrete Element Method Simulation Data,2210.08399,,consistent,arxiv,https://arxiv.org/abs/2210.08399,,,https://arxiv.org/pdf/2210.08399,,,,arXiv (Cornell University),578,578,"We propose a framework for discrete scientific data compression based on the tensor-train (TT) decomposition. Our approach is tailored to handle unstructured output data from discrete element method (DEM) simulations, demonstrating its effectiveness in compressing both raw (e.g. particle position and velocity) and derived (e.g. stress and strain) datasets. We show that geometry-driven ""tensorization"" coupled with the TT decomposition (known as quantized TT) yields a hierarchical compression scheme, achieving high compression ratios for key variables in these DEM datasets."
247,Tensor-network-assisted variational quantum algorithm,2212.10421,10.1103/PhysRevA.108.052407,consistent,arxiv,https://arxiv.org/abs/2212.10421,https://doi.org/10.1103/PhysRevA.108.052407,link.aps.org,https://arxiv.org/pdf/2212.10421,,,"Phys. Rev. A 108, 052407 (2023)",arXiv (Cornell University),1122,1122,"Near-term quantum devices generally suffer from shallow circuit depth and hence limited expressivity due to noise and decoherence. To address this, we propose tensor-network-assisted parametrized quantum circuits, which concatenate a classical tensor-network operator with a quantum circuit to effectively increase the circuit's expressivity without requiring a physically deeper circuit. We present a framework for tensor-network-assisted variational quantum algorithms that can solve quantum many-body problems using shallower quantum circuits. We demonstrate the efficiency of this approach by considering two examples of unitary matrix-product operators and unitary tree tensor networks, showing that they can both be implemented efficiently. Through numerical simulations, we show that the expressivity of these circuits is greatly enhanced with the assistance of tensor networks. We apply our method to two-dimensional Ising models and one-dimensional time-crystal Hamiltonian models with up to 16 qubits and demonstrate that our approach consistently outperforms conventional methods using shallow quantum circuits."
259,Tuning the entanglement growth in matrix-product-state evolution of quantum systems by nonunitary similarity transformat,2202.09925,10.1103/PhysRevB.106.104306,consistent,arxiv,https://arxiv.org/abs/2202.09925,https://doi.org/10.1103/PhysRevB.106.104306,link.aps.org,https://arxiv.org/pdf/2202.09925,,,,arXiv (Cornell University),401,401,"The possibility of using similarity transformations to alter dynamical entanglement growth in matrix-product-state simulations of quantum systems is explored. By appropriately choosing the similarity transformation, the entanglement growth rate is suppressed, improving the efficiency of numerical simulations of quantum systems. The transformation can be applied to general quantum-many-body systems."
248,Unsupervised Recognition of Informative Features via Tensor Network Machine Learning and Quantum Entanglement Variations,2207.06031,10.1088/0256-307X/39/10/100701,consistent,arxiv,https://arxiv.org/abs/2207.06031,https://doi.org/10.1088/0256-307X/39/10/100701,iopscience.iop.org,https://arxiv.org/pdf/2207.06031,,,"Chinese Physics Letters 39, 100701 (2022)",arXiv (Cornell University),1458,1458,"Given an image of a white shoe drawn on a blackboard, how are the white pixels deemed (say by human minds) to be informative for recognizing the shoe without any labeling information on the pixels? Here we investigate such a ``white shoe'' recognition problem from the perspective of tensor network (TN) machine learning and quantum entanglement. Utilizing a generative TN that captures the probability distribution of the features as quantum amplitudes, we propose an unsupervised recognition scheme of informative features with the variations of entanglement entropy (EE) caused by designed measurements. In this way, a given sample, where the values of its features are statistically meaningless, is mapped to the variations of EE that statistically characterize the gain of information. We show that the EE variations identify the features that are critical to recognize this specific sample, and the EE itself reveals the information distribution of the probabilities represented by the TN model. The signs of the variations further reveal the entanglement structures among the features. We test the validity of our scheme on a toy dataset of strip images, the MNIST dataset of hand-drawn digits, the fashion-MNIST dataset of the pictures of fashion articles, and the images of brain cells. Our scheme opens the avenue to the quantum-inspired and interpreted unsupervised learning, which can be applied to, e.g., image segmentation and object detection."
260,Using tensor network states for multi-particle Brownian ratchets,2201.03531,10.1063/5.0097332,consistent,arxiv,https://arxiv.org/abs/2201.03531,https://doi.org/10.1063/5.0097332,pubs.aip.org,https://arxiv.org/pdf/2201.03531,,,"J. Chem. Phys., 156, 221103, 2022",,1074,1074,"The study of Brownian ratchets has taught how time-periodic driving supports a time-periodic steady state that generates nonequilibrium transport. When a single particle is transported in one dimension, it is possible to rationalize the current in terms of the potential, but experimental efforts have ventured beyond that single-body case to systems with many interacting carriers. Working with a lattice model of volume-excluding particles in one dimension, we analyze the impact of interactions on a flashing ratchet's current. To surmount the many-body problem, we employ the time-dependent variational principle with a binary tree tensor network, methods discussed at length in a companion paper. Rather than propagating individual trajectories, the tensor network approach propagates a distribution over many-body configurations via a controllable variational approximation. The calculations, which reproduce Gillespie trajectory sampling, identify and explain a shift in the frequency of maximum current to higher driving frequency as the lattice occupancy increases."
319,Adaptive Circuit Learning of Born Machine: Towards Realization of Amplitude Embedding and Quantum Data Loading,2311.17798,10.1088/2058-9565/adaede,consistent,arxiv,https://arxiv.org/abs/2311.17798,https://doi.org/10.1088/2058-9565/adaede,iopscience.iop.org,https://arxiv.org/pdf/2311.17798,,,"Quantum Science and Technology, 10(2):025019, 2025",arXiv (Cornell University),1517,1517,"Quantum data loading plays a central role in quantum algorithms and quantum information processing. Many quantum algorithms hinge on the ability to prepare arbitrary superposition states as a subroutine, with claims of exponential speedups often predicated on access to an efficient data-loading oracle. In practice, constructing a circuit to prepare a generic $n$-qubit quantum state typically demands computational efforts scaling as $\mathcal{O}(2^n)$, posing a significant challenge for quantum algorithms to outperform their classical counterparts. To address this critical issue, various hybrid quantum-classical approaches have been proposed. However, many of these solutions favor simplistic circuit architectures, which are susceptible to substantial optimization challenges. In this study, we harness quantum circuits as Born machines to generate probability distributions. Drawing inspiration from methods used to investigate electronic structures in quantum chemistry and condensed matter physics, we propose a framework called Adaptive Circuit Learning of Born Machine, which dynamically expands the ansatz circuit. Our algorithm is designed to selectively integrate two-qubit entangled gates that best capture the intricate entanglement present within the target state. Empirical experiments underscore the efficacy of our approach in encoding real-world data through amplitude embedding, demonstrating not only compliance with but also enhancement over the performance benchmarks set by prior research."
303,Approximately Optimal Core Shapes for Tensor Decompositions,2302.03886,,consistent,arxiv,https://arxiv.org/abs/2302.03886,,,https://arxiv.org/pdf/2302.03886,,,Proceedings of the 40th International Conference on Machine Learning (ICML 2023) 11237-11254,arXiv (Cornell University),869,869,"This work studies the combinatorial optimization problem of finding an optimal core tensor shape, also called multilinear rank, for a size-constrained Tucker decomposition. We give an algorithm with provable approximation guarantees for its reconstruction error via connections to higher-order singular values. Specifically, we introduce a novel Tucker packing problem, which we prove is NP-hard, and give a polynomial-time approximation scheme based on a reduction to the 2-dimensional knapsack problem with a matroid constraint. We also generalize our techniques to tree tensor network decompositions. We implement our algorithm using an integer programming solver, and show that its solution quality is competitive with (and sometimes better than) the greedy algorithm that uses the true Tucker decomposition loss at each step, while also running up to 1000x faster."
320,Deep Ising Born Machine,2304.03606,,consistent,arxiv,https://arxiv.org/abs/2304.03606,,,https://arxiv.org/pdf/2304.03606,,,,arXiv (Cornell University),938,938,"A quantum neural network (QNN) is a method to find patterns in quantum data and has a wide range of applications including quantum chemistry, quantum computation, quantum metrology, and quantum simulation. Efficiency and universality are two desirable properties of a QNN but are unfortunately contradictory. In this work, we examine a deep Ising Born machine (DIBoM), and show it has a good balance between efficiency and universality. More precisely, the DIBoM has a flexible number of parameters to be efficient, and achieves provable universality with sufficient parameters. The architecture of the DIBoM is based on generalized controlled-Z gates, conditional gates, and some other ingredients. To compare the universality of the DIBoM with other QNNs, we propose a fidelity-based expressivity measure, which may be of independent interest. Extensive empirical evaluations corroborate that the DIBoM is both efficient and expressive."
321,Deep Tensor Network,2311.11091,,consistent,arxiv,https://arxiv.org/abs/2311.11091,,,https://arxiv.org/pdf/2311.11091,,,,arXiv (Cornell University),1356,1356,"The quadratic complexity of dot-product attention introduced in Transformer remains a fundamental bottleneck impeding the progress of foundation models toward unbounded context lengths. Addressing this challenge, we introduce the Deep Tensor Network, a new architectural framework that fundamentally reformulates attention by unifying the expressive power of tensor algebra with neural network design. Our approach moves beyond both conventional dot-product attention and subsequent linear-time approximations to capture higher-order statistical dependencies. We introduce two core operators derived from this framework: \emph{Tensor Attention}, which models complex token-mixing via data-dependent polynomial kernels, and Tensor Interaction, a novel mechanism for adaptive channel-mixing. We demonstrate that these operators are powered by second-order summaries that entirely bypass the formation of $n \times n$ matrices, enabling a causality-preserving streaming implementation with $O(d^2)$ per-token updates and $O(d^2)$ state. This efficiency rivals that of modern State Space Models while retaining an attention-like formulation. The Deep Tensor Network thus provides a principled and powerful new class of building blocks for next-generation sequence models, bridging the gap between scalable computation and rich, expressive interaction modeling."
307,Density matrix representation of hybrid tensor networks for noisy quantum devices,2309.15761,10.22331/q-2025-08-07-1823,consistent,arxiv,https://arxiv.org/abs/2309.15761,https://doi.org/10.22331/q-2025-08-07-1823,quantum-journal.org,https://arxiv.org/pdf/2309.15761,,,"Quantum 9, 1823 (2025)",arXiv (Cornell University),1156,1156,"The hybrid tensor network (HTN) method is a general framework allowing for the construction of an effective wavefunction with the combination of classical tensors and quantum tensors, i.e., amplitudes of quantum states. In particular, hybrid tree tensor networks (HTTNs) are very useful for simulating larger systems beyond the available size of the quantum hardware. However, while the realistic quantum states in NISQ hardware are highly likely to be noisy, this framework is formulated for pure states. In this work, as well as discussing the relevant methods, i.e., Deep VQE and entanglement forging under the framework of HTTNs, we investigate the noisy HTN states by introducing the expansion operator for providing the description of the expansion of the size of simulated quantum systems and the noise propagation. This framework enables the general tree HTN states to be explicitly represented and their physicality to be discussed. We also show that the expectation value of a measured observable exponentially vanishes with the number of contracted quantum tensors. Our work will lead to providing the noise-resilient construction of HTN states."
322,Dequantizing quantum machine learning models using tensor networks,2307.06937,10.1103/PhysRevResearch.6.023218,consistent,arxiv,https://arxiv.org/abs/2307.06937,https://doi.org/10.1103/PhysRevResearch.6.023218,link.aps.org,https://arxiv.org/pdf/2307.06937,,,Phys. Rev. Res. 6(2) 2024 023218,arXiv (Cornell University),1114,1114,"Ascertaining whether a classical model can efficiently replace a given quantum model -- dequantization -- is crucial in assessing the true potential of quantum algorithms. In this work, we introduced the dequantizability of the function class of variational quantum-machine-learning~(VQML) models by employing the tensor network formalism, effectively identifying every VQML model as a subclass of matrix product state (MPS) model characterized by constrained coefficient MPS and tensor product-based feature maps. From this formalism, we identify the conditions for which a VQML model's function class is dequantizable or not. Furthermore, we introduce an efficient quantum kernel-induced classical kernel which is as expressive as given any quantum kernel, hinting at a possible way to dequantize quantum kernel methods. This presents a thorough analysis of VQML models and demonstrates the versatility of our tensor-network formalism to properly distinguish VQML models according to their genuine quantum characteristics, thereby unifying classical and quantum machine-learning models within a single framework."
323,Derivation of Hamiltonians from time propagations using Born machines,2312.16432,,consistent,arxiv,https://arxiv.org/abs/2312.16432,,,https://arxiv.org/pdf/2312.16432,,,,arXiv (Cornell University),898,898,Recently there are more promising qubit technology such as Majorana fermions Rydberg atoms and Silicon quantum dot have yet to be developed for realizing a quantum computer than Superconductivity and Ion trap into the world The simulation of the quantum hardware of these qubits can only be done numerically However a classical numerical simulation is limited concerning available resources The method for simulation of quantum hardware by quantum hardware may be necessary In this paper we propose a novel method for optimizing time propagation from initial states to aimed given states of systems by the Born machine We call this method the Hamiltonian Engineering Born Machine HEBM We calculated the optimal Hamiltonians for propagation to Bars and Stripes distribution Gaussian distribution and Gibbs state for $H=-\Sum Z_j Z_{j+1}$ and revealed that they can be realized rapidly and accurately
308,Efficient Finite Initialization with Partial Norms for Tensorized Neural Networks and Tensor Networks Algorithms,2309.06577,,consistent,arxiv,https://arxiv.org/abs/2309.06577,,,https://arxiv.org/pdf/2309.06577,,,,arXiv (Cornell University),797,797,"We present two algorithms to initialize layers of tensorized neural networks and general tensor network algorithms using partial computations of their Frobenius norms and positive lineal entrywise sums, depending on the type of tensor network involved. The core of this method is the use of the norm of subnetworks of the tensor network in an iterative way, so that we normalize by the finite values of the norms that led to the divergence or zero norm. In addition, the method benefits from the reuse of intermediate calculations. We have also applied it to the Matrix Product State/Tensor Train (MPS/TT) and Matrix Product Operator/Tensor Train Matrix (MPO/TT-M) layers and have seen its scaling versus the number of nodes, bond dimension, and physical dimension. All code is publicly available."
309,Efficient Quantum Mixed-State Tomography with Unsupervised Tensor Network Machine Learning,2308.06900,,consistent,arxiv,https://arxiv.org/abs/2308.06900,,,https://arxiv.org/pdf/2308.06900,,,,arXiv (Cornell University),1234,1234,"Quantum state tomography (QST) is plagued by the ``curse of dimensionality'' due to the exponentially-scaled complexity in measurement and data post-processing. Efficient QST schemes for large-scale mixed states are currently missing. In this work, we propose an efficient and robust mixed-state tomography scheme based on the locally purified state ansatz. We demonstrate the efficiency and robustness of our scheme on various randomly initiated states with different purities. High tomography fidelity is achieved with much smaller numbers of positive-operator-valued measurement (POVM) bases than the conventional least-square (LS) method. On the superconducting quantum experimental circuit [Phys. Rev. Lett. 119, 180511 (2017)], our scheme accurately reconstructs the Greenberger-Horne-Zeilinger (GHZ) state and exhibits robustness to experimental noises. Specifically, we achieve the fidelity $F \simeq 0.92$ for the 10-qubit GHZ state with just $N_m = 500$ POVM bases, which far outperforms the fidelity $F \simeq 0.85$ by the LS method using the full $N_m = 3^{10} = 59049$ bases. Our work reveals the prospects of applying tensor network state ansatz and the machine learning approaches for efficient QST of many-body states."
324,Efficient tensor-network simulation for the few-atom multimode Dicke model via coupling-matrix transformation,2305.03160,10.1103/PhysRevA.108.043707,consistent,arxiv,https://arxiv.org/abs/2305.03160,https://doi.org/10.1103/PhysRevA.108.043707,link.aps.org,https://arxiv.org/pdf/2305.03160,,,"Phys. Rev. A 108, 043707 (2023)",arXiv (Cornell University),948,948,"We present a novel generalization of the chain mapping technique that applies to multi-atom, multimode systems by making use of coupling matrix transformations. This is extremely useful for tensor network simulations of multimode Dicke model and multi-spin-boson model because their coupling structures are altered from the star form to the chain form with near-neighbor interactions. Our approach produces an equivalent Hamiltonian with the latter coupling form, which we call the band Hamiltonian, and we demonstrate its equivalence to the multimode Dicke Hamiltonian. In the single atom case, our approach reduces to the chain mapping technique. When considering several tens of field modes, we have found that tensor network simulation of two atoms in the ultrastrong coupling regime is possible with our approach. We demonstrate this by considering a pair of entangled atoms confined in a cavity, interacting with thirty electromagnetic modes."
325,Hardness of Low Rank Approximation of Entrywise Transformed Matrix Products,2311.01960,,consistent,arxiv,https://arxiv.org/abs/2311.01960,,,https://arxiv.org/pdf/2311.01960,,,,arXiv (Cornell University),1750,1750,"Inspired by fast algorithms in natural language processing, we study low rank approximation in the entrywise transformed setting where we want to find a good rank $k$ approximation to $f(U \cdot V)$, where $U, V^\top \in \mathbb{R}^{n \times r}$ are given, $r = O(\log(n))$, and $f(x)$ is a general scalar function. Previous work in sublinear low rank approximation has shown that if both (1) $U = V^\top$ and (2) $f(x)$ is a PSD kernel function, then there is an $O(nk^{ω-1})$ time constant relative error approximation algorithm, where $ω\approx 2.376$ is the exponent of matrix multiplication. We give the first conditional time hardness results for this problem, demonstrating that both conditions (1) and (2) are in fact necessary for getting better than $n^{2-o(1)}$ time for a relative error low rank approximation for a wide class of functions. We give novel reductions from the Strong Exponential Time Hypothesis (SETH) that rely on lower bounding the leverage scores of flat sparse vectors and hold even when the rank of the transformed matrix $f(UV)$ and the target rank are $n^{o(1)}$, and when $U = V^\top$. Furthermore, even when $f(x) = x^p$ is a simple polynomial, we give runtime lower bounds in the case when $U \neq V^\top$ of the form $Ω(\min(n^{2-o(1)}, Ω(2^p)))$. Lastly, we demonstrate that our lower bounds are tight by giving an $O(n \cdot \text{poly}(k, 2^p, 1/ε))$ time relative error approximation algorithm and a fast $O(n \cdot \text{poly}(k, p, 1/ε))$ additive error approximation using fast tensor-based sketching. Additionally, since our low rank algorithms rely on matrix-vector product subroutines, our lower bounds extend to show that computing $f(UV)W$, for even a small matrix $W$, requires $Ω(n^{2-o(1)})$ time."
326,Identifying overparameterization in Quantum Circuit Born Machines,2307.03292,,consistent,arxiv,https://arxiv.org/abs/2307.03292,,,https://arxiv.org/pdf/2307.03292,,,,arXiv (Cornell University),1055,1055,"In machine learning, overparameterization is associated with qualitative changes in the empirical risk landscape, which can lead to more efficient training dynamics. For many parameterized models used in statistical learning, there exists a critical number of parameters, or model size, above which the model is constructed and trained in the overparameterized regime. There are many characteristics of overparameterized loss landscapes. The most significant is the convergence of standard gradient descent to global or local minima of low loss. In this work, we study the onset of overparameterization transitions for quantum circuit Born machines, generative models that are trained using non-adversarial gradient-based methods. We observe that bounds based on numerical analysis are in general good lower bounds on the overparameterization transition. However, bounds based on the quantum circuit's algebraic structure are very loose upper bounds. Our results indicate that fully understanding the trainability of these models remains an open question."
310,Intelligent diagnostic scheme for lung cancer screening with Raman spectra data by tensor network machine learning,2303.06340,,consistent,arxiv,https://arxiv.org/abs/2303.06340,,,https://arxiv.org/pdf/2303.06340,,,,arXiv (Cornell University),1689,1689,"Artificial intelligence (AI) has brought tremendous impacts on biomedical sciences from academic researches to clinical applications, such as in biomarkers' detection and diagnosis, optimization of treatment, and identification of new therapeutic targets in drug discovery. However, the contemporary AI technologies, particularly deep machine learning (ML), severely suffer from non-interpretability, which might uncontrollably lead to incorrect predictions. Interpretability is particularly crucial to ML for clinical diagnosis as the consumers must gain necessary sense of security and trust from firm grounds or convincing interpretations. In this work, we propose a tensor-network (TN)-ML method to reliably predict lung cancer patients and their stages via screening Raman spectra data of Volatile organic compounds (VOCs) in exhaled breath, which are generally suitable as biomarkers and are considered to be an ideal way for non-invasive lung cancer screening. The prediction of TN-ML is based on the mutual distances of the breath samples mapped to the quantum Hilbert space. Thanks to the quantum probabilistic interpretation, the certainty of the predictions can be quantitatively characterized. The accuracy of the samples with high certainty is almost 100$\%$. The incorrectly-classified samples exhibit obviously lower certainty, and thus can be decipherably identified as anomalies, which will be handled by human experts to guarantee high reliability. Our work sheds light on shifting the ``AI for biomedical sciences'' from the conventional non-interpretable ML schemes to the interpretable human-ML interactive approaches, for the purpose of high accuracy and reliability."
327,Pre-training Tensor-Train Networks Facilitates Machine Learning with Variational Quantum Circuits,2306.03741,,consistent,arxiv,https://arxiv.org/abs/2306.03741,,,https://arxiv.org/pdf/2306.03741,,,,,1209,1209,"Data encoding remains a fundamental bottleneck in quantum machine learning, where amplitude encoding of high-dimensional classical vectors into quantum states incurs exponential cost. In this work, we propose a pre-trained tensor-train (TT) encoding network (Pre-TT-Encoder) that significantly reduces the computational complexity of amplitude encoding while preserving essential data structure. The Pre-TT-Encoder exploits low-rank TT decompositions learned from classical data, enabling polynomial-time state preparation in the number of qubits and TT-ranks. We provide a theoretical analysis of the encoding complexity and establish fidelity bounds that quantify the trade-off between TT-rank and approximation error. Empirical evaluations on classical (MNIST) and quantum-native (semiconductor quantum dot) datasets demonstrate that our approach achieves substantial gains in encoding efficiency over direct amplitude encoding and PCA-based dimensionality reduction, while maintaining competitive performance in downstream variational quantum circuit classification tasks. The proposed method highlights the role of tensor networks as scalable intermediaries between classical data and quantum processors."
304,Quantum-inspired tensor network for Earth science,2301.07528,,consistent,arxiv,https://arxiv.org/abs/2301.07528,,,https://arxiv.org/pdf/2301.07528,,,IGARSS 2023,arXiv (Cornell University),1412,1412,"Deep Learning (DL) is one of many successful methodologies to extract informative patterns and insights from ever increasing noisy large-scale datasets (in our case, satellite images). However, DL models consist of a few thousand to millions of training parameters, and these training parameters require tremendous amount of electrical power for extracting informative patterns from noisy large-scale datasets (e.g., computationally expensive). Hence, we employ a quantum-inspired tensor network for compressing trainable parameters of physics-informed neural networks (PINNs) in Earth science. PINNs are DL models penalized by enforcing the law of physics; in particular, the law of physics is embedded in DL models. In addition, we apply tensor decomposition to HyperSpectral Images (HSIs) to improve their spectral resolution. A quantum-inspired tensor network is also the native formulation to efficiently represent and train quantum machine learning models on big datasets on GPU tensor cores. Furthermore, the key contribution of this paper is twofold: (I) we reduced a number of trainable parameters of PINNs by using a quantum-inspired tensor network, and (II) we improved the spectral resolution of remotely-sensed images by employing tensor decomposition. As a benchmark PDE, we solved Burger's equation. As practical satellite data, we employed HSIs of Indian Pine, USA and of Pavia University, Italy."
328,"Simulating the quantum Fourier transform, Grover's algorithm, and the quantum counting algorithm with limited entangleme",2304.01751,10.1103/PhysRevResearch.6.033325,consistent,arxiv,https://arxiv.org/abs/2304.01751,https://doi.org/10.1103/PhysRevResearch.6.033325,link.aps.org,https://arxiv.org/pdf/2304.01751,,,"Phys. Rev. Research 6, 033325 (2024)",arXiv (Cornell University),1133,1133,"Quantum algorithms reformulate computational problems as quantum evolutions in a large Hilbert space. Most quantum algorithms assume that the time-evolution is perfectly unitary and that the full Hilbert space is available. However, in practice, the available entanglement may be limited, leading to a reduced fidelity of the quantum algorithms. To simulate the execution of quantum algorithms with limited entanglement, tensor-network methods provide a useful framework, since they allow us to restrict the entanglement in a quantum circuit. Thus, we here use tensor-networks to analyze the fidelity of the quantum Fourier transform, Grover's algorithm, and the quantum counting algorithm as the entanglement is reduced, and we map out the entanglement that is generated during the execution of each algorithm. In all three cases, we find that the algorithms can be executed with high fidelity even if the entanglement is somewhat reduced. Our results are promising for the execution of these algorithms on future quantum computers, and our simulation method based on tensor networks may also be applied to other quantum algorithms."
329,TT-SDF2PC: Registration of Point Cloud and Compressed SDF Directly in the Memory-Efficient Tensor Train Domain,2304.05342,,consistent,arxiv,https://arxiv.org/abs/2304.05342,,,https://arxiv.org/pdf/2304.05342,,,,arXiv (Cornell University),792,792,"This paper addresses the following research question: ``can one compress a detailed 3D representation and use it directly for point cloud registration?''. Map compression of the scene can be achieved by the tensor train (TT) decomposition of the signed distance function (SDF) representation. It regulates the amount of data reduced by the so-called TT-ranks. Using this representation we have proposed an algorithm, the TT-SDF2PC, that is capable of directly registering a PC to the compressed SDF by making use of efficient calculations of its derivatives in the TT domain, saving computations and memory. We compare TT-SDF2PC with SOTA local and global registration methods in a synthetic dataset and a real dataset and show on par performance while requiring significantly less resources."
330,Tensor Train Decomposition for Adversarial Attacks on Computer Vision Models,2312.12556,,consistent,arxiv,https://arxiv.org/abs/2312.12556,,,https://arxiv.org/pdf/2312.12556,,,,arXiv (Cornell University),1209,1209,"Deep neural networks (DNNs) are widely used today, but they are vulnerable to adversarial attacks. To develop effective methods of defense, it is important to understand the potential weak spots of DNNs. Often attacks are organized taking into account the architecture of models (white-box approach) and based on gradient methods, but for real-world DNNs this approach in most cases is impossible. At the same time, several gradient-free optimization algorithms are used to attack black-box models. However, classical methods are often ineffective in the multidimensional case. To organize black-box attacks for computer vision models, in this work, we propose the use of an optimizer based on the low-rank tensor train (TT) format, which has gained popularity in various practical multidimensional applications in recent years. Combined with the attribution of the target image, which is built by the auxiliary (white-box) model, the TT-based optimization method makes it possible to organize an effective black-box attack by small perturbation of pixels in the target image. The superiority of the proposed approach over three popular baselines is demonstrated for seven modern DNNs on the ImageNet dataset."
302,Tensor networks for quantum machine learning,2303.11735,10.1098/rspa.2023.0218,consistent,arxiv,https://arxiv.org/abs/2303.11735,https://doi.org/10.1098/rspa.2023.0218,royalsocietypublishing.org,https://arxiv.org/pdf/2303.11735,,,,elib (German Aerospace Center),795,795,"Once developed for quantum theory, tensor networks have been established as a successful machine learning paradigm. Now, they have been ported back to the quantum realm in the emerging field of quantum machine learning to assess problems that classical computers are unable to solve efficiently. Their nature at the interface between physics and machine learning makes tensor networks easily deployable on quantum computers. In this review article, we shed light on one of the major architectures considered to be predestined for variational quantum machine learning. In particular, we discuss how layouts like MPS, PEPS, TTNs and MERA can be mapped to a quantum computer, how they can be used for machine learning and data encoding and which implementation techniques improve their performance."
311,TensorKrowch: Smooth integration of tensor networks in machine learning,2306.08595,10.22331/q-2024-06-11-1364,consistent,arxiv,https://arxiv.org/abs/2306.08595,https://doi.org/10.22331/q-2024-06-11-1364,quantum-journal.org,https://arxiv.org/pdf/2306.08595,https://github.com/joserapa98/tensorkrowch,https://joserapa98.github.io/tensorkrowch,"Quantum 8, 1364 (2024)",arXiv (Cornell University),754,754,"Tensor networks are factorizations of high-dimensional tensors into networks of smaller tensors. They have applications in physics and mathematics, and recently have been proposed as promising machine learning architectures. To ease the integration of tensor networks in machine learning pipelines, we introduce TensorKrowch, an open source Python library built on top of PyTorch. Providing a user-friendly interface, TensorKrowch allows users to construct any tensor network, train it, and integrate it as a layer in more intricate deep learning models. In this paper, we describe the main functionality and basic usage of TensorKrowch, and provide technical details on its building blocks and the optimizations performed to achieve efficient operation."
297,Tetra-AML: Automatic Machine Learning via Tensor Networks,2303.16214,10.3390/app15041852,consistent,arxiv,https://arxiv.org/abs/2303.16214,https://doi.org/10.3390/app15041852,mdpi.com,https://arxiv.org/pdf/2303.16214,,,"Appl. Sci. 15(4), 1852 (2025)",arXiv (Cornell University),1157,1157,"Neural networks have revolutionized many aspects of society but in the era of huge models with billions of parameters, optimizing and deploying them for commercial applications can require significant computational and financial resources. To address these challenges, we introduce the Tetra-AML toolbox, which automates neural architecture search and hyperparameter optimization via a custom-developed black-box Tensor train Optimization algorithm, TetraOpt. The toolbox also provides model compression through quantization and pruning, augmented by compression using tensor networks. Here, we analyze a unified benchmark for optimizing neural networks in computer vision tasks and show the superior performance of our approach compared to Bayesian optimization on the CIFAR-10 dataset. We also demonstrate the compression of ResNet-18 neural networks, where we use 14.5 times less memory while losing just 3.2% of accuracy. The presented framework is generic, not limited by computer vision problems, supports hardware acceleration (such as with GPUs and TPUs) and can be further extended to quantum hardware and to hybrid quantum machine learning models."
373,A parallel Basis Update and Galerkin Integrator for Tree Tensor Networks,2412.00858,,consistent,arxiv,https://arxiv.org/abs/2412.00858,,,https://arxiv.org/pdf/2412.00858,,,,arXiv (Cornell University),1103,1103,"Computing the numerical solution to high-dimensional tensor differential equations can lead to prohibitive computational costs and memory requirements. To reduce the memory and computational footprint, dynamical low-rank approximation (DLRA) has proven to be a promising approach. DLRA represents the solution as a low-rank tensor factorization and evolves the resulting low-rank factors in time. A central challenge in DLRA is to find time integration schemes that are robust to the arising small singular values. A robust parallel basis update & Galerkin integrator, which simultaneously evolves all low-rank factors, has recently been derived for matrix differential equations. This work extends the parallel low-rank matrix integrator to Tucker tensors and general tree tensor networks, yielding an algorithm in which all bases and connecting tensors are evolved in parallel over a time step. We formulate the algorithm, provide a robust error bound, and demonstrate the efficiency of the new integrators for problems in quantum many-body physics, uncertainty quantification, and radiative transfer."
385,An Efficient Two-Sided Sketching Method for Large-Scale Tensor Decomposition Based on Transformed Domains,2404.16580,,consistent,arxiv,https://arxiv.org/abs/2404.16580,,,https://arxiv.org/pdf/2404.16580,,,,arXiv (Cornell University),1160,1160,"Large tensors are frequently encountered in various fields such as computer vision, scientific simulations, sensor networks, and data mining. However, these tensors are often too large for convenient processing, transfer, or storage. Fortunately, they typically exhibit a low-rank structure that can be leveraged through tensor decomposition. However, performing large-scale tensor decomposition can be time-consuming. Sketching is a useful technique to reduce the dimensionality of the data. In this paper, we propose a novel two-sided sketching method based on the $\star_{L}$-product decomposition and transformed domains like the discrete cosine transformation. A rigorous theoretical analysis is also conducted to assess the approximation error of the proposed method. Specifically, we improve our method with power iteration to achieve more precise approximate solutions. Extensive numerical experiments and comparisons on low-rank approximation of synthetic large tensors and real-world data like color images and grayscale videos illustrate the efficiency and effectiveness of the proposed approach in terms of both CPU time and approximation accuracy."
386,Approximate Contraction of Arbitrary Tensor Networks with a Flexible and Efficient Density Matrix Algorithm,2406.09769,10.22331/q-2024-12-27-1580,consistent,arxiv,https://arxiv.org/abs/2406.09769,https://doi.org/10.22331/q-2024-12-27-1580,quantum-journal.org,https://arxiv.org/pdf/2406.09769,,,"Quantum 8, 1580 (2024)",arXiv (Cornell University),1335,1335,"Tensor network contractions are widely used in statistical physics, quantum computing, and computer science. We introduce a method to efficiently approximate tensor network contractions using low-rank approximations, where each intermediate tensor generated during the contractions is approximated as a low-rank binary tree tensor network. The proposed algorithm has the flexibility to incorporate a large portion of the environment when performing low-rank approximations, which can lead to high accuracy for a given rank. Here, the environment refers to the remaining set of tensors in the network, and low-rank approximations with larger environments can generally provide higher accuracy. For contracting tensor networks defined on lattices, the proposed algorithm can be viewed as a generalization of the standard boundary-based algorithms. In addition, the algorithm includes a cost-efficient density matrix algorithm for approximating a tensor network with a general graph structure into a tree structure, whose computational cost is asymptotically upper-bounded by that of the standard algorithm that uses canonicalization. Experimental results indicate that the proposed technique outperforms previously proposed approximate tensor network contraction algorithms for multiple problems in terms of both accuracy and efficiency."
367,Direct interpolative construction of the discrete Fourier transform as a matrix product operator,2404.03182,10.1016/j.acha.2025.101817,consistent,arxiv,https://arxiv.org/abs/2404.03182,https://doi.org/10.1016/j.acha.2025.101817,linkinghub.elsevier.com,https://arxiv.org/pdf/2404.03182,,,"Applied and Computational Harmonic Analysis 81, 101817 (2026)",arXiv (Cornell University),996,996,"The quantum Fourier transform (QFT), which can be viewed as a reindexing of the discrete Fourier transform (DFT), has been shown to be compressible as a low-rank matrix product operator (MPO) or quantized tensor train (QTT) operator. However, the original proof of this fact does not furnish a construction of the MPO with a guaranteed error bound. Meanwhile, the existing practical construction of this MPO, based on the compression of a quantum circuit, is not as efficient as possible. We present a simple closed-form construction of the QFT MPO using the interpolative decomposition, with guaranteed near-optimal compression error for a given rank. This construction can speed up the application of the QFT and the DFT, respectively, in quantum circuit simulations and QTT applications. We also connect our interpolative construction to the approximate quantum Fourier transform (AQFT) by demonstrating that the AQFT can be viewed as an MPO constructed using a different interpolation scheme."
387,Entanglement Renormalization for Quantum Field Theories with Discrete Wavelet Transforms,2404.11715,,consistent,arxiv,https://arxiv.org/abs/2404.11715,,,https://arxiv.org/pdf/2404.11715,,,,arXiv (Cornell University),941,941,"We propose an adaptation of Entanglement Renormalization for quantum field theories that, through the use of discrete wavelet transforms, strongly parallels the tensor network architecture of the \emph{Multiscale Entanglement Renormalization Ansatz} (a.k.a. MERA). Our approach, called wMERA, has several advantages of over previous attempts to adapt MERA to continuum systems. In particular, (i) wMERA is formulated directly in position space, hence preserving the quasi-locality and sparsity of entanglers; and (ii) it enables a built-in RG flow in the implementation of real-time evolution and in computations of correlation functions, which is key for efficient numerical implementations. As examples, we describe in detail two concrete implementations of our wMERA algorithm for free scalar and fermionic theories in (1+1) spacetime dimensions. Possible avenues for constructing wMERAs for interacting field theories are also discussed."
388,Entangling Machine Learning with Quantum Tensor Networks,2403.12969,,consistent,arxiv,https://arxiv.org/abs/2403.12969,,,https://arxiv.org/pdf/2403.12969,https://github.com/ConstantijnvdP/eidolon,,,arXiv (Cornell University),765,765,"This paper examines the use of tensor networks, which can efficiently represent high-dimensional quantum states, in language modeling. It is a distillation and continuation of the work done in (van der Poel, 2023). To do so, we will abstract the problem down to modeling Motzkin spin chains, which exhibit long-range correlations reminiscent of those found in language. The Matrix Product State (MPS), also known as the tensor train, has a bond dimension which scales as the length of the sequence it models. To combat this, we use the factored core MPS, whose bond dimension scales sub-linearly. We find that the tensor models reach near perfect classifying ability, and maintain a stable level of performance as the number of valid training examples is decreased."
374,Error-mitigated photonic quantum circuit Born machine,2405.02277,10.1103/PhysRevA.111.L030401,consistent,arxiv,https://arxiv.org/abs/2405.02277,https://doi.org/10.1103/PhysRevA.111.L030401,link.aps.org,https://arxiv.org/pdf/2405.02277,,,"Phys. Rev. A 111, L030401 (2025)",arXiv (Cornell University),761,761,"In this article, we study quantum circuit Born machines (QCBMs) in the context of photonic quantum computing. QCBMs are a popular choice of quantum generative machine learning models, and we present a QCBM designed for linear optics. We show that a recently developed error mitigation technique called recycling mitigation greatly improves the training of QCBMs in realistic scenarios with photon loss, which is the primary source of noise in photonic systems. We demonstrate this through numerical simulations and through an experiment on a quantum photonic integrated processor. We expect our work to pave the way towards more demonstrations of error mitigation techniques tailored to photonic devices which can enhance the performance of a quantum algorithm."
389,Fractal decompositions and tensor network representations of Bethe wavefunctions,2412.00923,10.21468/SciPostPhysCore.8.4.067,consistent,arxiv,https://arxiv.org/abs/2412.00923,https://doi.org/10.21468/SciPostPhysCore.8.4.067,scipost.org,https://arxiv.org/pdf/2412.00923,,,"SciPost Phys. Core 8, 067 (2025)",,1282,1282,"We investigate the entanglement structure of a generic $M$-particle Bethe wavefunction (not necessarily an eigenstate of an integrable model) on a 1d lattice by dividing the lattice into $L$ parts and decomposing the wavefunction into a sum of products of $L$ local wavefunctions. Using the fact that a Bethe wavefunction accepts a \textit{fractal} multipartite decomposition -- it can always be written as a linear combination of $L^M$ products of $L$ local wavefunctions, where each local wavefunction is in turn also a Bethe wavefunction -- we then build \textit{exact, analytical} tensor network representations with finite bond dimension $χ=2^M$, for a generic planar tree tensor network (TTN), which includes a matrix product states (MPS) and a regular binary TTN as prominent particular cases. For a regular binary tree, the network has depth $\log_{2}(N/M)$ and can be transformed into an adaptive quantum circuit of the same depth, composed of unitary gates acting on $2^M$-dimensional qudits and mid-circuit measurements, that deterministically prepares the Bethe wavefunction. Finally, we put forward a much larger class of \textit{generalized} Bethe wavefunctions, for which the above decompositions, tensor network and quantum circuit representations are also possible."
390,Functional Tensor Decompositions for Physics-Informed Neural Networks,2408.13101,,consistent,arxiv,https://arxiv.org/abs/2408.13101,,,https://arxiv.org/pdf/2408.13101,,,,arXiv (Cornell University),1236,1236,"Physics-Informed Neural Networks (PINNs) have shown continuous and increasing promise in approximating partial differential equations (PDEs), although they remain constrained by the curse of dimensionality. In this paper, we propose a generalized PINN version of the classical variable separable method. To do this, we first show that, using the universal approximation theorem, a multivariate function can be approximated by the outer product of neural networks, whose inputs are separated variables. We leverage tensor decomposition forms to separate the variables in a PINN setting. By employing Canonic Polyadic (CP), Tensor-Train (TT), and Tucker decomposition forms within the PINN framework, we create robust architectures for learning multivariate functions from separate neural networks connected by outer products. Our methodology significantly enhances the performance of PINNs, as evidenced by improved results on complex high-dimensional PDEs, including the 3d Helmholtz and 5d Poisson equations, among others. This research underscores the potential of tensor decomposition-based variably separated PINNs to surpass the state-of-the-art, offering a compelling solution to the dimensionality challenge in PDE approximation."
391,Hybrid Tree Tensor Networks for quantum simulation,2404.05784,10.1103/PRXQuantum.6.010320,consistent,arxiv,https://arxiv.org/abs/2404.05784,https://doi.org/10.1103/PRXQuantum.6.010320,link.aps.org,https://arxiv.org/pdf/2404.05784,,,PRX Quantum 6.1 (2025): 010320,arXiv (Cornell University),961,961,"Hybrid Tensor Networks (hTN) offer a promising solution for encoding variational quantum states beyond the capabilities of efficient classical methods or noisy quantum computers alone. However, their practical usefulness and many operational aspects of hTN-based algorithms, like the optimization of hTNs, the generalization of standard contraction rules to an hybrid setting, and the design of application-oriented architectures have not been thoroughly investigated yet. In this work, we introduce a novel algorithm to perform ground state optimizations with hybrid Tree Tensor Networks (hTTNs), discussing its advantages and roadblocks, and identifying a set of promising applications. We benchmark our approach on two paradigmatic models, namely the Ising model at the critical point and the Toric code Hamiltonian. In both cases, we successfully demonstrate that hTTNs can improve upon classical equivalents with equal bond dimension in the classical part."
368,Low-rank Tree Tensor Network Operators for Long-Range Pairwise Interactions,2405.09952,,consistent,arxiv,https://arxiv.org/abs/2405.09952,,,https://arxiv.org/pdf/2405.09952,,,,arXiv (Cornell University),978,978,"Compactly representing and efficently applying linear operators are fundamental ingredients in tensor network methods for simulating quantum many-body problems and solving high-dimensional problems in scientific computing. In this work, we study such representations for tree tensor networks, the so called tree tensor network operators (TTNOs), paying particular attention to Hamiltonian operators that involve long-range pairwise interactions between particles. Generalizing the work by Lin, Tong, and others on matrix product operators, we establish a direct connection between the hierarchical low-rank structure of the interaction matrix and the TTNO property. This connection allows us to arrive at very compact TTNO representations by compressing the interaction matrix into a hierarchically semi-separable matrix. Numerical experiments for different quantum spin systems validate our results and highlight the potential advantages of TTNOs over matrix product operators."
392,Nearly tight bounds for testing tree tensor network states,2410.21417,,consistent,arxiv,https://arxiv.org/abs/2410.21417,,,https://arxiv.org/pdf/2410.21417,,,,arXiv (Cornell University),1351,1351,"Tree tensor network states (TTNS) generalize the notion of having low Schmidt-rank to multipartite quantum states, through a parameter known as the bond dimension. This leads to succinct representations of quantum many-body systems with a tree-like entanglement structure. In this work, we study the task of testing whether an unknown pure state is a TTNS on $n$ qudits with bond dimension at most $r$, or is far in trace distance from any such state. We first establish that, independent of the dimension of the state, $O(nr^2)$ copies suffice to accomplish this task with one-sided error. We then prove that $Ω(n r^2/\log n)$ copies are necessary for any test with one-sided error whenever $r\geq 2 + \log n$. In particular, this closes a roughly quadratic gap in the previous bounds for testing matrix product states in this setting. On the other hand, when $r=2$ we show that $Θ(\sqrt{n})$ copies are both necessary and sufficient for the related task of testing whether a state is a product of $n$ bipartite states having Schmidt-rank at most $r$, for some choice of the qudit dimensions. We also study the performance of tests using measurements performed on a small number of copies at a time. Here, we obtain new bounds for testing rank, Schmidt-rank, and TTNS when the tester is restricted to making measurements on $r+1$ copies of the state."
393,No-Free-Lunch Theories for Tensor-Network Machine Learning Models,2412.05674,,consistent,arxiv,https://arxiv.org/abs/2412.05674,,,https://arxiv.org/pdf/2412.05674,,,,arXiv (Cornell University),1373,1373,"Tensor network machine learning models have shown remarkable versatility in tackling complex data-driven tasks, ranging from quantum many-body problems to classical pattern recognitions. Despite their promising performance, a comprehensive understanding of the underlying assumptions and limitations of these models is still lacking. In this work, we focus on the rigorous formulation of their no-free-lunch theorem -- essential yet notoriously challenging to formalize for specific tensor network machine learning models. In particular, we rigorously analyze the generalization risks of learning target output functions from input data encoded in tensor network states. We first prove a no-free-lunch theorem for machine learning models based on matrix product states, i.e., the one-dimensional tensor network states. Furthermore, we circumvent the challenging issue of calculating the partition function for two-dimensional Ising model, and prove the no-free-lunch theorem for the case of two-dimensional projected entangled-pair state, by introducing the combinatorial method associated to the ""puzzle of polyominoes"". Our findings reveal the intrinsic limitations of tensor network-based learning models in a rigorous fashion, and open up an avenue for future analytical exploration of both the strengths and limitations of quantum-inspired machine learning frameworks."
394,On the learning abilities of photonic continuous-variable Born machines,2410.11785,10.1109/QCE60285.2024.00094,consistent,arxiv,https://arxiv.org/abs/2410.11785,https://doi.org/10.1109/QCE60285.2024.00094,ieeexplore.ieee.org,https://arxiv.org/pdf/2410.11785,,,"2024 IEEE International Conference on Quantum Computing and Engineering (QCE), 2024, pp. 750-756",arXiv (Cornell University),1377,1377,"This paper investigates photonic continuous-variable Born machines (CVBMs), which utilize photonic quantum states as resources for continuous probability distributions. Implementing exact gradient descent in the CVBM training process is often infeasible, bringing forward the need to approximate the gradients using an estimator obtained from a smaller number of samples, obtaining a quantum stochastic gradient descent (SGD) method. In this work, the ability to train CVBMs is analyzed using stochastic gradients obtained using relatively few samples from the probability distribution corresponding to homodyne measurement. The main obstacle to this analysis is that classically simulating CVBMs and obtaining samples is a demanding task, while a large number of iterations are needed to achieve convergence. The present research is enabled by a novel strategy to simulate homodyne detections of generic multimode photonic states using a classical computer. With this approach, a more comprehensive study of CVBMs is made possible, and the training of multimode CVBMs is demonstrated with parametric quantum circuits considerably larger than in previous articles. More specifically, we use the proposed algorithm to demonstrate learning of multimode quantum distributions using CVBMs. Moreover, successful CVBM trainings were demonstrated with the use of stochastic gradients."
369,PyTreeNet: A Python Library for easy Utilisation of Tree Tensor Networks,2407.13249,,consistent,arxiv,https://arxiv.org/abs/2407.13249,,,https://arxiv.org/pdf/2407.13249,https://github.com/Drachier/PyTreeNet,,,arXiv (Cornell University),912,912,"In recent years, tree tensor network methods have proven capable of simulating quantum many-body and other high-dimensional systems. This work is a user guide to our Python library PyTreeNet. It includes code examples and exercises to introduce the library's functions and familiarise the reader with the concepts and methods surrounding tree tensor networks. PyTreeNet implements all the tools required to implement general tree tensor network methods, such as tensor decompositions and arbitrary tree structures. The main focus is on the time evolution of quantum systems. This includes an introduction to tree tensor network states and operators and the time-evolving block decimation and time-dependent variational principle. The library's capabilities are showcased with the example of a modified transverse field Ising model on tree structures that go far beyond the ability of common state vector methods."
395,Quantum Computing and Tensor Networks for Laminate Design: A Novel Approach to Stacking Sequence Retrieval,2402.06455,10.1016/j.cma.2024.117380,consistent,arxiv,https://arxiv.org/abs/2402.06455,https://doi.org/10.1016/j.cma.2024.117380,linkinghub.elsevier.com,https://arxiv.org/pdf/2402.06455,https://github.com/ArneWulff/ssr-with-qc-and-tn,,Comput. Methods Appl. Mech. Eng. 432 (2024) 117380,arXiv (Cornell University),1695,1695,"As with many tasks in engineering, structural design frequently involves navigating complex and computationally expensive problems. A prime example is the weight optimization of laminated composite materials, which to this day remains a formidable task, due to an exponentially large configuration space and non-linear constraints. The rapidly developing field of quantum computation may offer novel approaches for addressing these intricate problems. However, before applying any quantum algorithm to a given problem, it must be translated into a form that is compatible with the underlying operations on a quantum computer. Our work specifically targets stacking sequence retrieval with lamination parameters. To adapt this problem for quantum computational methods, we map the possible stacking sequences onto a quantum state space. We further derive a linear operator, the Hamiltonian, within this state space that encapsulates the loss function inherent to the stacking sequence retrieval problem. Additionally, we demonstrate the incorporation of manufacturing constraints on stacking sequences as penalty terms in the Hamiltonian. This quantum representation is suitable for a variety of classical and quantum algorithms for finding the ground state of a quantum Hamiltonian. For a practical demonstration, we performed state-vector simulations of two variational quantum algorithms and additionally chose a classical tensor network algorithm, the DMRG algorithm, to numerically validate our approach. Although this work primarily concentrates on quantum computation, the application of tensor network algorithms presents a novel quantum-inspired approach for stacking sequence retrieval."
396,Randomized algorithms for streaming low-rank approximation in tree tensor network format,2412.06111,,consistent,arxiv,https://arxiv.org/abs/2412.06111,,,https://arxiv.org/pdf/2412.06111,,,,,1063,1063,"In this work, we present the tree tensor network Nyström (TTNN), an algorithm that extends recent research on streamable tensor approximation, such as for Tucker and tensor-train formats, to the more general tree tensor network format, enabling a unified treatment of various existing methods. Our method retains the key features of the generalized Nyström approximation for matrices, that is randomized, single-pass, streamable, and cost-effective. Additionally, the structure of the sketching allows for parallel implementation. We provide a deterministic error bound for the algorithm and, in the specific case of Gaussian dimension reduction maps, also a probabilistic one. We also introduce a sequential variant of the algorithm, referred to as sequential tree tensor network Nyström (STTNN), which offers better performance for dense tensors. Furthermore, both algorithms are well-suited for the recompression or rounding of tensors in the tree tensor network format. Numerical experiments highlight the efficiency and effectiveness of the proposed methods."
397,TT-SNN: Tensor Train Decomposition for Efficient Spiking Neural Network Training,2401.08001,,consistent,arxiv,https://arxiv.org/abs/2401.08001,,,https://arxiv.org/pdf/2401.08001,,,,arXiv (Cornell University),1295,1295,"Spiking Neural Networks (SNNs) have gained significant attention as a potentially energy-efficient alternative for standard neural networks with their sparse binary activation. However, SNNs suffer from memory and computation overhead due to spatio-temporal dynamics and multiple backpropagation computations across timesteps during training. To address this issue, we introduce Tensor Train Decomposition for Spiking Neural Networks (TT-SNN), a method that reduces model size through trainable weight decomposition, resulting in reduced storage, FLOPs, and latency. In addition, we propose a parallel computation pipeline as an alternative to the typical sequential tensor computation, which can be flexibly integrated into various existing SNN architectures. To the best of our knowledge, this is the first of its kind application of tensor decomposition in SNNs. We validate our method using both static and dynamic datasets, CIFAR10/100 and N-Caltech101, respectively. We also propose a TT-SNN-tailored training accelerator to fully harness the parallelism in TT-SNN. Our results demonstrate substantial reductions in parameter size (7.98X), FLOPs (9.25X), training time (17.7%), and training energy (28.3%) during training for the N-Caltech101 dataset, with negligible accuracy degradation."
398,Tensor Star Tensor Decomposition and Its Applications to Higher-order Compression and Completion,2403.10481,,consistent,arxiv,https://arxiv.org/abs/2403.10481,,,https://arxiv.org/pdf/2403.10481,,,,arXiv (Cornell University),1091,1091,"A novel tensor decomposition framework, termed Tensor Star (TS) decomposition, is proposed which represents a new type of tensor network decomposition based on tensor contractions. This is achieved by connecting the core tensors in a ring shape, whereby the core tensors act as skip connections between the factor tensors and allow for direct correlation characterisation between any two arbitrary dimensions. Uniquely, this makes it possible to decompose an order-$N$ tensor into $N$ order-$3$ factor tensors $\{\mathcal{G}_{k}\}_{k=1}^{N}$ and $N$ order-$4$ core tensors $\{\mathcal{C}_{k}\}_{k=1}^{N}$, which are arranged in a star shape. Unlike the class of Tensor Train (TT) decompositions, these factor tensors are not directly connected to one another. The so obtained core tensors also enable consecutive factor tensors to have different latent ranks. In this way, the TS decomposition alleviates the ""curse of dimensionality"" and controls the ""curse of ranks"", exhibiting a storage complexity which scales linearly with the number of dimensions and as the fourth power of the ranks."
399,Tensor network approximation of Koopman operators,2407.07242,,consistent,arxiv,https://arxiv.org/abs/2407.07242,,,https://arxiv.org/pdf/2407.07242,,,,arXiv (Cornell University),1800,1800,"We propose a tensor network framework for approximating the evolution of observables of measure-preserving ergodic systems. Our approach is based on a spectrally-convergent approximation of the skew-adjoint Koopman generator by a diagonalizable, skew-adjoint operator $W_τ$ that acts on a reproducing kernel Hilbert space $\mathcal H_τ$ with coalgebra structure and Banach algebra structure under the pointwise product of functions. Leveraging this structure, we lift the unitary evolution operators $e^{t W_τ}$ (which can be thought of as regularized Koopman operators) to a unitary evolution group on the Fock space $F(\mathcal H_τ)$ generated by $\mathcal H_τ$ that acts multiplicatively with respect to the tensor product. Our scheme also employs a representation of classical observables ($L^\infty$ functions of the state) by quantum observables (self-adjoint operators) acting on the Fock space, and a representation of probability densities in $L^1$ by quantum states. Combining these constructions leads to an approximation of the Koopman evolution of observables that is representable as evaluation of a tree tensor network built on a tensor product subspace $\mathcal H_τ^{\otimes n} \subset F(\mathcal H_τ)$ of arbitrarily high grading $n \in \mathbb N$. A key feature of this quantum-inspired approximation is that it captures information from a tensor product space of dimension $(2d+1)^n$, generated from a collection of $2d + 1$ eigenfunctions of $W_τ$. Furthermore, the approximation is positivity preserving. The paper contains a theoretical convergence analysis of the method and numerical applications to two dynamical systems on the 2-torus: an ergodic torus rotation as an example with pure point Koopman spectrum and a Stepanoff flow as an example with topological weak mixing."
400,Tensor-Train Point Cloud Compression and Efficient Approximate Nearest-Neighbor Search,2410.04462,,consistent,arxiv,https://arxiv.org/abs/2410.04462,,,https://arxiv.org/pdf/2410.04462,,,,arXiv (Cornell University),883,883,"Nearest-neighbor search in large vector databases is crucial for various machine learning applications. This paper introduces a novel method using tensor-train (TT) low-rank tensor decomposition to efficiently represent point clouds and enable fast approximate nearest-neighbor searches. We propose a probabilistic interpretation and utilize density estimation losses like Sliced Wasserstein to train TT decompositions, resulting in robust point cloud compression. We reveal an inherent hierarchical structure within TT point clouds, facilitating efficient approximate nearest-neighbor searches. In our paper, we provide detailed insights into the methodology and conduct comprehensive comparisons with existing methods. We demonstrate its effectiveness in various scenarios, including out-of-distribution (OOD) detection problems and approximate nearest-neighbor (ANN) search tasks."
375,Tensor-Train WENO Scheme for Compressible Flows,2405.12301,,consistent,arxiv,https://arxiv.org/abs/2405.12301,,,https://arxiv.org/pdf/2405.12301,,,,arXiv (Cornell University),1586,1586,"In this study, we introduce a tensor-train (TT) finite difference WENO method for solving compressible Euler equations. In a step-by-step manner, the tensorization of the governing equations is demonstrated. We also introduce \emph{LF-cross} and \emph{WENO-cross} methods to compute numerical fluxes and the WENO reconstruction using the cross interpolation technique. A tensor-train approach is developed for boundary condition types commonly encountered in Computational Fluid Dynamics (CFD). The performance of the proposed WENO-TT solver is investigated in a rich set of numerical experiments. We demonstrate that the WENO-TT method achieves the theoretical $\text{5}^{\text{th}}$-order accuracy of the classical WENO scheme in smooth problems while successfully capturing complicated shock structures. In an effort to avoid the growth of TT ranks, we propose a dynamic method to estimate the TT approximation error that governs the ranks and overall truncation error of the WENO-TT scheme. Finally, we show that the traditional WENO scheme can be accelerated up to 1000 times in the TT format, and the memory requirements can be significantly decreased for low-rank problems, demonstrating the potential of tensor-train approach for future CFD application. This paper is the first study that develops a finite difference WENO scheme using the tensor-train approach for compressible flows. It is also the first comprehensive work that provides a detailed perspective into the relationship between rank, truncation error, and the TT approximation error for compressible WENO solvers."
401,The State Preparation of Multivariate Normal Distributions using Tree Tensor Network,2412.12067,10.22331/q-2025-05-28-1755,consistent,arxiv,https://arxiv.org/abs/2412.12067,https://doi.org/10.22331/q-2025-05-28-1755,quantum-journal.org,https://arxiv.org/pdf/2412.12067,,,"Quantum 9, 1755 (2025)",,1117,1117,"The quantum state preparation of probability distributions is an important subroutine for many quantum algorithms. When embedding $D$-dimensional multivariate probability distributions by discretizing each dimension into $2^n$ points, we need a state preparation circuit comprising a total of $nD$ qubits, which is often difficult to compile. In this study, we propose a scalable method to generate state preparation circuits for $D$-dimensional multivariate normal distributions, utilizing tree tensor networks (TTN). We establish theoretical guarantees that multivariate normal distributions with 1D correlation structures can be efficiently represented using TTN. Based on these analyses, we propose a compilation method that uses automatic structural optimization to find the most efficient network structure and compact circuit. We apply our method to state preparation circuits for various high-dimensional random multivariate normal distributions. The numerical results suggest that our method can dramatically reduce the circuit depth and CNOT count while maintaining fidelity compared to existing approaches."
402,Towards LLM-guided Efficient and Interpretable Multi-linear Tensor Network Rank Selection,2410.10728,,consistent,arxiv,https://arxiv.org/abs/2410.10728,,,https://arxiv.org/pdf/2410.10728,,,,arXiv (Cornell University),861,861,"We propose a novel framework that leverages large language models (LLMs) to guide the rank selection in tensor network models for higher-order data analysis. By utilising the intrinsic reasoning capabilities and domain knowledge of LLMs, our approach offers enhanced interpretability of the rank choices and can effectively optimise the objective function. This framework enables users without specialised domain expertise to utilise tensor network decompositions and understand the underlying rationale within the rank selection process. Experimental results validate our method on financial higher-order datasets, demonstrating interpretable reasoning, strong generalisation to unseen test data, and its potential for self-enhancement over successive iterations. This work is placed at the intersection of large language models and higher-order data analysis."
403,Universal scaling laws in quantum-probabilistic machine learning by tensor network towards interpreting representation a,2410.09703,10.1088/0256-307X/41/12/120701,consistent,arxiv,https://arxiv.org/abs/2410.09703,https://doi.org/10.1088/0256-307X/41/12/120701,iopscience.iop.org,https://arxiv.org/pdf/2410.09703,,,"Chinese Physics Letters 41, 120701 (2024)",arXiv (Cornell University),1750,1750,"Interpreting the representation and generalization powers has been a long-standing issue in the field of machine learning (ML) and artificial intelligence. This work contributes to uncovering the emergence of universal scaling laws in quantum-probabilistic ML. We take the generative tensor network (GTN) in the form of a matrix product state as an example and show that with an untrained GTN (such as a random TN state), the negative logarithmic likelihood (NLL) $L$ generally increases linearly with the number of features $M$, i.e., $L \simeq k M + const$. This is a consequence of the so-called ``catastrophe of orthogonality,'' which states that quantum many-body states tend to become exponentially orthogonal to each other as $M$ increases. We reveal that while gaining information through training, the linear scaling law is suppressed by a negative quadratic correction, leading to $L \simeq βM - αM^2 + const$. The scaling coefficients exhibit logarithmic relationships with the number of training samples and the number of quantum channels $χ$. The emergence of the quadratic correction term in NLL for the testing (training) set can be regarded as evidence of the generalization (representation) power of GTN. Over-parameterization can be identified by the deviation in the values of $α$ between training and testing sets while increasing $χ$. We further investigate how orthogonality in the quantum feature map relates to the satisfaction of quantum probabilistic interpretation, as well as to the representation and generalization powers of GTN. The unveiling of universal scaling laws in quantum-probabilistic ML would be a valuable step toward establishing a white-box ML scheme interpreted within the quantum probabilistic framework."
376,Validating Large-Scale Quantum Machine Learning: Efficient Simulation of Quantum Support Vector Machines Using Tensor Ne,2405.02630,,consistent,arxiv,https://arxiv.org/abs/2405.02630,,,https://arxiv.org/pdf/2405.02630,,,,arXiv (Cornell University),1200,1200,"We present an efficient tensor-network-based approach for simulating large-scale quantum circuits, demonstrated using Quantum Support Vector Machines (QSVMs). Our method effectively reduces exponential runtime growth to near-quadratic scaling with respect to the number of qubits in practical scenarios. Traditional state-vector simulations become computationally infeasible beyond approximately 50 qubits; in contrast, our simulator successfully handles QSVMs with up to 784 qubits, completing simulations within seconds on a single high-performance GPU. Furthermore, by employing the Message Passing Interface (MPI) in multi-GPU environments, the approach shows strong linear scalability, reducing computation time as dataset size increases. We validate the framework on the MNIST and Fashion MNIST datasets, achieving successful multiclass classification and emphasizing the potential of QSVMs for high-dimensional data analysis. By integrating tensor-network techniques with high-performance computing resources, this work demonstrates both the feasibility and scalability of large-qubit quantum machine learning models, providing a valuable validation tool in the emerging Quantum-HPC ecosystem."
493,A Tensor-Train Decomposition based Compression of LLMs on Group Vector Systolic Accelerator,2501.19135,,consistent,arxiv,https://arxiv.org/abs/2501.19135,,,https://arxiv.org/pdf/2501.19135,,,,arXiv (Cornell University),988,988,"Large language models (LLMs) are both storage-intensive and computation-intensive, posing significant challenges when deployed on resource-constrained hardware. As linear layers in LLMs are mainly resource consuming parts, this paper develops a tensor-train decomposition (TTD) for LLMs with a further hardware implementation on FPGA. TTD compression is applied to the linear layers in ChatGLM3-6B and LLaMA2-7B models with compression ratios (CRs) for the whole network 1.94$\times$ and 1.60$\times$, respectively. The compressed LLMs are further implemented on FPGA hardware within a highly efficient group vector systolic array (GVSA) architecture, which has DSP-shared parallel vector PEs for TTD inference, as well as optimized data communication in the accelerator. Experimental results show that the corresponding TTD based LLM accelerator implemented on FPGA achieves 1.45$\times$ and 1.57$\times$ reduction in first token delay for ChatGLM3-6B and LLaMA2-7B models, respectively."
494,Approximation and learning with compositional tensor trains,2512.18059,,consistent,arxiv,https://arxiv.org/abs/2512.18059,,,https://arxiv.org/pdf/2512.18059,,,,arXiv (Cornell University),1392,1392,"We introduce compositional tensor trains (CTTs) for the approximation of multivariate functions, a class of models obtained by composing low-rank functions in the tensor-train format. This format can encode standard approximation tools, such as (sparse) polynomials, deep neural networks (DNNs) with fixed width, or tensor networks with arbitrary permutation of the inputs, or more general affine coordinate transformations, with similar complexities. This format can be viewed as a DNN with width exponential in the input dimension and structured weights matrices. Compared to DNNs, this format enables controlled compression at the layer level using efficient tensor algebra. On the optimization side, we derive a layerwise algorithm inspired by natural gradient descent, allowing to exploit efficient low-rank tensor algebra. This relies on low-rank estimations of Gram matrices, and tensor structured random sketching. Viewing the format as a discrete dynamical system, we also derive an optimization algorithm inspired by numerical methods in optimal control. Numerical experiments on regression tasks demonstrate the expressivity of the new format and the relevance of the proposed optimization algorithms. Overall, CTTs combine the expressivity of compositional models with the algorithmic efficiency of tensor algebra, offering a scalable alternative to standard deep neural networks."
495,"Compression, simulation, and synthesis of turbulent flows with tensor trains",2506.05477,,consistent,arxiv,https://arxiv.org/abs/2506.05477,,,https://arxiv.org/pdf/2506.05477,,,,,1736,1736,"Numerical simulations of turbulent fluids are paramount to real-life applications, from predicting and modeling flows to diagnostic purposes in engineering. However, they are also computationally challenging due to their intrinsically non-linear dynamics, which require a very high spatial resolution to accurately describe them. A promising idea is to represent flows on a discrete mesh using tensor trains (TTs), featuring a convenient scaling of the number of parameters with the mesh size. However, it is unclear how the compression power of TTs is affected by the complexity of the flows, as measured by the Reynolds number. In fact, no comprehensive analysis of how the TT representation affects the turbulent properties has yet been carried out. We fill this gap by analyzing TTs as an Ansatz to compress, simulate, and generate 3D snapshots with turbulent-like features. Specifically, we first investigate the effect of TT compression on key turbulence signatures, such as the energy spectrum, the PDF of velocity increments, and flatness. Second, we extend the 2D TT-solver introduced in [1] to a 3D cubic domain with periodic boundary conditions. We use it to simulate the incompressible Navier-Stokes dynamics at $Re_λ=315$ for a total of 9-10 Kolmogorov turnover times, showcasing the numerical stability of the TT-solver in fully developed turbulent regimes. Third, we develop a TT algorithm to synthesize artificial snapshots that exhibit turbulent-like features, with a logarithmic cost in the mesh size. Our analysis demonstrates the ability of the TT representation to capture the characteristic features of turbulence. This offers a powerful quantum-inspired toolkit for the computational treatment of turbulent flows."
496,Domain-Aware Tensor Network Structure Search,2505.23537,,consistent,arxiv,https://arxiv.org/abs/2505.23537,,,https://arxiv.org/pdf/2505.23537,,,,arXiv (Cornell University),1567,1567,"Tensor networks (TNs) provide efficient representations of high-dimensional data, yet identification of the optimal TN structures, the so called tensor network structure search (TN-SS) problem, remains a challenge. Current state-of-the-art (SOTA) algorithms solve TN-SS as a purely numerical optimization problem and require extensive function evaluations, which is prohibitive for real-world applications. In addition, existing methods ignore the valuable domain information inherent in real-world tensor data and lack transparency in their identified TN structures. To this end, we propose a novel TN-SS framework, termed the tnLLM, which incorporates domain information about the data and harnesses the reasoning capabilities of large language models (LLMs) to directly predict suitable TN structures. The proposed framework involves a domain-aware prompting pipeline which instructs the LLM to infer suitable TN structures based on the real-world relationships between tensor modes. In this way, our approach is capable of not only iteratively optimizing the objective function, but also generating domain-aware explanations for the identified structures. Experimental results demonstrate that tnLLM achieves comparable TN-SS objective function values with much fewer function evaluations compared to SOTA algorithms. Furthermore, we demonstrate that the LLM-enabled domain information can be used to find good initializations in the search space for sampling-based SOTA methods to accelerate their convergence while preserving theoretical performance guarantees."
497,FETTA: Flexible and Efficient Hardware Accelerator for Tensorized Neural Network Training,2504.06474,10.1109/TCAD.2026.3651426,consistent,arxiv,https://arxiv.org/abs/2504.06474,https://doi.org/10.1109/TCAD.2026.3651426,ieeexplore.ieee.org,https://arxiv.org/pdf/2504.06474,,,,,1647,1647,"The increasing demand for on-device training of deep neural networks (DNNs) aims to leverage personal data for high-performance applications while addressing privacy concerns and reducing communication latency. However, resource-constrained platforms face significant challenges due to the intensive computational and memory demands of DNN training. Tensor decomposition emerges as a promising approach to compress model size without sacrificing accuracy. Nevertheless, training tensorized neural networks (TNNs) incurs non-trivial overhead and severe performance degradation on conventional accelerators due to complex tensor shaping requirements. To address these challenges, we propose FETTA, an algorithm and hardware co-optimization framework for efficient TNN training. On the algorithm side, we develop a contraction sequence search engine (CSSE) to identify the optimal contraction sequence with the minimal computational overhead. On the hardware side, FETTA features a flexible and efficient architecture equipped with a reconfigurable contraction engine (CE) array to support diverse dataflows. Furthermore, butterfly-based distribution and reduction networks are implemented to perform flexible tensor shaping operations during computation. Evaluation results demonstrate that FETTA achieves reductions of 20.5x/100.9x, 567.5x/45.03x, and 11609.7x/4544.8x in terms of processing latency, energy, and energy-delay product (EDP) over GPU and TPU, respectively. Moreover, working on the tensorized training, FETTA outperforms prior accelerators with a speedup of 3.87~14.63x, and an energy efficiency improvement of 1.41~2.73x on average."
498,Functional tensor train neural network for solving high-dimensional PDEs,2510.13386,,consistent,arxiv,https://arxiv.org/abs/2510.13386,,,https://arxiv.org/pdf/2510.13386,,,,arXiv (Cornell University),1273,1273,"Discrete tensor train decomposition is widely employed to mitigate the curse of dimensionality in solving high-dimensional PDEs through traditional methods. However, the direct application of the tensor train method typically requires uniform grids of regular domains, which limits its application on non-uniform grids or irregular domains. To address the limitation, we develop a functional tensor train neural network (FTTNN) for solving high-dimensional PDEs, which can represent PDE solutions on non-uniform grids or irregular domains. An essential ingredient of our approach is to represent the PDE solutions by the functional tensor train format whose TT-core functions are approximated by neural networks. To give the functional tensor train representation, we propose and study functional tensor train rank and employ it into a physics-informed loss function for training. Because of tensor train representation, the resulting high-dimensional integral in the loss function can be computed via one-dimensional integrals by Gauss quadrature rules. Numerical examples including high-dimensional PDEs on regular or irregular domains are presented to demonstrate that the performance of the proposed FTTNN is better than that of Physics Informed Neural Networks (PINN)."
499,Grokking as an entanglement transition in tensor network machine learning,2503.10483,,consistent,arxiv,https://arxiv.org/abs/2503.10483,,,https://arxiv.org/pdf/2503.10483,,,,arXiv (Cornell University),976,976,"Grokking is a intriguing phenomenon in machine learning where a neural network, after many training iterations with negligible improvement in generalization, suddenly achieves high accuracy on unseen data. By working in the quantum-inspired machine learning framework based on tensor networks, we numerically prove that grokking phenomenon can be related to an entanglement dynamical transition in the underlying quantum many-body systems, consisting in a one-dimensional lattice with each site hosting a qubit. Two datasets are considered as use case scenarios, namely fashion MNIST and gene expression communities of hepatocellular carcinoma. In both cases, we train Matrix Product State (MPS) to perform binary classification tasks, and we analyse the learning dynamics. We exploit measurement of qubits magnetization and correlation functions in the MPS network as a tool to identify meaningful and relevant gene subcommunities, verified by means of enrichment procedures."
500,Knapsack and Shortest Path Problems Generalizations From A Quantum-Inspired Tensor Network Perspective,2506.11711,,consistent,arxiv,https://arxiv.org/abs/2506.11711,,,https://arxiv.org/pdf/2506.11711,,,,arXiv (Cornell University),773,773,"In this paper, we present two tensor network quantum-inspired algorithms to solve the knapsack and the shortest path problems, and enables to solve some of its variations. These methods provide an exact equation which returns the optimal solution of the problems. As in other tensor network algorithms for combinatorial optimization problems, the method is based on imaginary time evolution and the implementation of restrictions in the tensor network. In addition, we introduce the use of symmetries and the reutilization of intermediate calculations, reducing the computational complexity for both problems. To show the efficiency of our implementations, we carry out some performance experiments and compare the results with those obtained by other classical algorithms."
471,LLM-Guided Ansätze Design for Quantum Circuit Born Machines in Financial Generative Modeling,2509.08385,,consistent,arxiv,https://arxiv.org/abs/2509.08385,,,https://arxiv.org/pdf/2509.08385,,,,arXiv (Cornell University),1196,1196,"Quantum generative modeling using quantum circuit Born machines (QCBMs) shows promising potential for practical quantum advantage. However, discovering ansätze that are both expressive and hardware-efficient remains a key challenge, particularly on noisy intermediate-scale quantum (NISQ) devices. In this work, we introduce a prompt-based framework that leverages large language models (LLMs) to generate hardware-aware QCBM architectures. Prompts are conditioned on qubit connectivity, gate error rates, and hardware topology, while iterative feedback, including Kullback-Leibler (KL) divergence, circuit depth, and validity, is used to refine the circuits. We evaluate our method on a financial modeling task involving daily changes in Japanese government bond (JGB) interest rates. Our results show that the LLM-generated ansätze are significantly shallower and achieve superior generative performance compared to the standard baseline when executed on real IBM quantum hardware using 12 qubits. These findings demonstrate the practical utility of LLM-driven quantum architecture search and highlight a promising path toward robust, deployable generative models for near-term quantum devices."
501,Minimality of Tree Tensor Network Ranks,2509.09463,,consistent,arxiv,https://arxiv.org/abs/2509.09463,,,https://arxiv.org/pdf/2509.09463,,,,,602,602,"For a given tree tensor network $G$, we call a tuple of bond dimensions minimal if there exists a tensor $T$ that can be represented by this network but not on the same tree topology with strictly smaller bond dimensions. We establish necessary and sufficient conditions on the bond dimensions of a tree tensor network to be minimal, generalising a characterisation of Carlini and Kleppe about existence of tensors with a given multilinear rank. We also show that in a minimal tree tensor network, the non-minimal tensors form a Zariski closed subset, so minimality is a generic property in this sense."
502,PEPS: Quantum-Inspired Reinforcement Learning for Coherent Reasoning Traces in LLMs,2509.20105,,consistent,arxiv,https://arxiv.org/abs/2509.20105,,,https://arxiv.org/pdf/2509.20105,,,,arXiv (Cornell University),1082,1082,"Large Language Models (LLMs) often struggle with maintaining coherent multi-step reasoning traces, particularly in tasks that require a structured logical flow. This work introduces a quantum-inspired approach to address the challenge by incorporating a fidelity-based reward derived from Projected Entangled Pair States (PEPS) into Proximal Policy Optimization. Unlike prior approaches that use direct supervision or contrastive objectives, the proposed method guides learning through structural consistency, offering a novel approach to enforce global coherence in generated reasoning traces. The proposed framework is evaluated using multiple coherence-determining metrics on diverse datasets such as GSM8K, StrategyQA, and EntailmentBank spanning arithmetic, intuitive, and entailment-based reasoning. Results show that the proposed quantum-inspired approach offers significant improvements over supervised, contrastive, and pretrained baseline approaches, highlighting the effectiveness of quantum-inspired fidelity as a foundation to improve reasoning trace coherence in LLMs."
503,QuKAN: A Quantum Circuit Born Machine approach to Quantum Kolmogorov Arnold Networks,2506.22340,,consistent,arxiv,https://arxiv.org/abs/2506.22340,,,https://arxiv.org/pdf/2506.22340,,,,arXiv (Cornell University),1044,1044,"Kolmogorov Arnold Networks (KANs), built upon the Kolmogorov Arnold representation theorem (KAR), have demonstrated promising capabilities in expressing complex functions with fewer neurons. This is achieved by implementing learnable parameters on the edges instead of on the nodes, unlike traditional networks such as Multi-Layer Perceptrons (MLPs). However, KANs potential in quantum machine learning has not yet been well explored. In this work, we present an implementation of these KAN architectures in both hybrid and fully quantum forms using a Quantum Circuit Born Machine (QCBM). We adapt the KAN transfer using pre-trained residual functions, thereby exploiting the representational power of parametrized quantum circuits. In the hybrid model we combine classical KAN components with quantum subroutines, while the fully quantum version the entire architecture of the residual function is translated to a quantum model. We demonstrate the feasibility, interpretability and performance of the proposed Quantum KAN (QuKAN) architecture."
504,Quantum Circuit Implementation of Two Matrix Product Operations and Elementary Column Transformations,2511.02413,,consistent,arxiv,https://arxiv.org/abs/2511.02413,,,https://arxiv.org/pdf/2511.02413,,,,arXiv (Cornell University),750,750,"This paper focuses on quantum algorithms for three key matrix operations: Hadamard (Schur) product, Kronecker (tensor) product, and elementary column transformations each. By designing specific unitary transformations and auxiliary quantum measurement, efficient quantum schemes with circuit diagrams are proposed. Their computational depths are: O(1) for Kronecker product; O(max(m,n)) for Hadamard product (linked to matrix dimensions); and O(m) for elementary column transformations of (2^n X 2^m) matrices (dependent only on column count).Notably, compared to traditional column transformation via matrix transposition and row transformations, this scheme reduces computation steps and quantum gate usage, lowering quantum computing energy costs."
505,Quantum-Inspired Tensor-Network Fractional-Step Method for Incompressible Flow in Curvilinear Coordinates,2507.05222,10.1016/j.cpc.2026.110169,consistent,arxiv,https://arxiv.org/abs/2507.05222,https://doi.org/10.1016/j.cpc.2026.110169,linkinghub.elsevier.com,https://arxiv.org/pdf/2507.05222,,,,,1510,1510,"We introduce an algorithmic framework based on tensor networks for computing fluid flows around immersed objects in curvilinear coordinates. We show that the tensor network simulations can be carried out solely using highly compressed tensor representations of the flow fields and the differential operators and discuss the numerical implementation of the tensor operations required for computing fluid flows in detail. The applicability of our method is demonstrated by applying it to the paradigm example of steady and transient flows around stationary and rotating cylinders. We find excellent quantitative agreement in comparison to finite difference simulations for Strouhal numbers, forces and velocity fields. The properties of our approach are discussed in terms of reduced order models. We estimate the memory saving and potential runtime advantages in comparison to standard finite difference simulations. We find accurate results with errors of less than 0.3% for flow-field compressions by a factor of up to 20 and differential operators compressed by factors of up to 1000 compared to sparse matrix representations. We provide strong numerical evidence that the runtime scaling advantages of the tensor network approach with system size will provide substantial resource savings when simulating larger systems. Finally, we note that, like other tensor network-based fluid flow simulations, our algorithmic framework is directly portable to a quantum computer leading to further scaling advantages."
506,Riemannian Optimization on Tree Tensor Networks with Application in Machine Learning,2507.21726,,consistent,arxiv,https://arxiv.org/abs/2507.21726,,,https://arxiv.org/pdf/2507.21726,,,,,782,782,"Tree tensor networks (TTNs) are widely used in low-rank approximation and quantum many-body simulation. In this work, we present a formal analysis of the quotient geometry underlying the TTN parameter space. Our framework allows for arbitrary horizontal distributions, and we develop efficient first- and second-order optimization algorithms that exploit this geometry. Additionally, we devise a backpropagation algorithm for training TTNs in a kernel learning setting. We validate our methods through numerical experiments on a representative digit classification task and reveal an important tradeoff between two different horizontal distributions that are available for TTNs: while one offers cleaner geometric statements, the other ultimately leads to more efficient algorithms."
507,TeRA: Vector-based Random Tensor Network for High-Rank Adaptation of Large Language Models,2509.03234,,consistent,arxiv,https://arxiv.org/abs/2509.03234,,,https://arxiv.org/pdf/2509.03234,https://github.com/guyuxuan9/TeRA,,,,1510,1510,"Parameter-Efficient Fine-Tuning (PEFT) methods, such as Low-Rank Adaptation (LoRA), have significantly reduced the number of trainable parameters needed in fine-tuning large language models (LLMs). The developments of LoRA-style adapters have considered two main directions: (1) enhancing model expressivity with high-rank adapters, and (2) aiming for further parameter reduction, as exemplified by vector-based methods. However, these approaches come with a trade-off, as achieving the expressivity of high-rank weight updates typically comes at the cost of sacrificing the extreme parameter efficiency offered by vector-based techniques. To address this issue, we propose a vector-based random Tensor network for high-Rank Adaptation (TeRA), a novel PEFT method that achieves high-rank weight updates while retaining the parameter efficiency of vector-based PEFT adapters. This is achieved by parametrizing the tensorized weight update matrix as a Tucker-like tensor network (TN), whereby large randomly initialized factors are frozen and shared across layers, while only small layer-specific scaling vectors, corresponding to diagonal entries of factor matrices, are trained. Comprehensive experiments demonstrate that TeRA matches or even outperforms existing high-rank adapters, while requiring as few trainable parameters as vector-based methods. Theoretical analysis and ablation studies validate the effectiveness of the proposed TeRA method. The code is available at https://github.com/guyuxuan9/TeRA."
508,Tensor Train Quantum State Tomography using Compressed Sensing,2506.23560,10.23919/EUSIPCO63237.2025.11226412,consistent,arxiv,https://arxiv.org/abs/2506.23560,https://doi.org/10.23919/EUSIPCO63237.2025.11226412,ieeexplore.ieee.org,https://arxiv.org/pdf/2506.23560,,,2025 33rd European Signal Processing Conference (EUSIPCO),arXiv (Cornell University),718,718,"Quantum state tomography (QST) is a fundamental technique for estimating the state of a quantum system from measured data and plays a crucial role in evaluating the performance of quantum devices. However, standard estimation methods become impractical due to the exponential growth of parameters in the state representation. In this work, we address this challenge by parameterizing the state using a low-rank block tensor train decomposition and demonstrate that our approach is both memory- and computationally efficient. This framework applies to a broad class of quantum states that can be well approximated by low-rank decompositions, including pure states, nearly pure states, and ground states of Hamiltonians."
509,Time evolution of the quantum Ising model in two dimensions using Tree Tensor Networks,2505.07612,,consistent,arxiv,https://arxiv.org/abs/2505.07612,,,https://arxiv.org/pdf/2505.07612,,,,arXiv (Cornell University),790,790,"The numerical simulation of two-dimensional quantum many-body systems away from equilibrium constitutes a major challenge for all known computational methods. We investigate the utility of Tree Tensor Network (TTN) states to solve the dynamics of the quantum Ising model in two dimensions. Within the perturbative regime of small transverse fields, TTNs faithfully reproduce analytically known, but non-trivial and physically interesting results, for lattices up to $16 \times 16$ sites. Limitations of the method related to the rapid growth of entanglement entropy are explored within more general, paradigmatic quench settings. We provide and discuss comprehensive benchmarks regarding the benefit of \emph{GPU} acceleration and the impact of using local operator sums on the performance."
510,Transformed Low-rank Adaptation via Tensor Decomposition and Its Applications to Text-to-image Models,2501.08727,,consistent,arxiv,https://arxiv.org/abs/2501.08727,,,https://arxiv.org/pdf/2501.08727,,,,,1626,1626,"Parameter-Efficient Fine-Tuning (PEFT) of text-to-image models has become an increasingly popular technique with many applications. Among the various PEFT methods, Low-Rank Adaptation (LoRA) and its variants have gained significant attention due to their effectiveness, enabling users to fine-tune models with limited computational resources. However, the approximation gap between the low-rank assumption and desired fine-tuning weights prevents the simultaneous acquisition of ultra-parameter-efficiency and better performance. To reduce this gap and further improve the power of LoRA, we propose a new PEFT method that combines two classes of adaptations, namely, transform and residual adaptations. In specific, we first apply a full-rank and dense transform to the pre-trained weight. This learnable transform is expected to align the pre-trained weight as closely as possible to the desired weight, thereby reducing the rank of the residual weight. Then, the residual part can be effectively approximated by more compact and parameter-efficient structures, with a smaller approximation error. To achieve ultra-parameter-efficiency in practice, we design highly flexible and effective tensor decompositions for both the transform and residual adaptations. Additionally, popular PEFT methods such as DoRA can be summarized under this transform plus residual adaptation scheme. Experiments are conducted on fine-tuning Stable Diffusion models in subject-driven and controllable generation. The results manifest that our method can achieve better performances and parameter efficiency compared to LoRA and several baselines."
511,Tree Tensor Networks Methods for Efficient Calculation of Molecular Vibrational Spectra,2512.15875,10.1063/5.0323779,consistent,arxiv,https://arxiv.org/abs/2512.15875,https://doi.org/10.1063/5.0323779,pubs.aip.org,https://arxiv.org/pdf/2512.15875,,,"J. Chem. Phys. 165, 034111 (2026)",,1277,1277,"We develop and employ general Tree Tensor Networks (TTNs) to compute the vibrational spectra for two model systems: a set of 64-dimensional coupled oscillators and acetonitrile. We explore various tree architectures, ranging from the simple linear structure of Matrix Product States (MPS), to trees where only the leaf nodes carry a physical leg -- as commonly seen in the underlying ansatz of the Multilayer Multiconfiguration Time-Dependent Hartree (ML-MCTDH) method -- and further to more general trees in which all nodes are allowed to possess a physical leg. In addition, we implement Locally Optimal Block Preconditioned Conjugate Gradient (LOBPCG) methods and Inverse Iteration methods as eigensolvers. Benchmarking runtime and accuracy shows that all tested topologies can reach high accuracy. For acetonitrile, inverse-iteration refinement brings all 84 computed states below 1~cm$^{-1}$ error, while the fork-4 tree, a comb-like tree with four backbone nodes, provides the best overall balance between accuracy and cost. MPS remains computationally attractive, whereas more connected trees generally improve accuracy at fixed bond dimension. All numerical simulations were performed using PyTreeNet, a Python package designed for flexible tensor network computations."
512,Tree tensor network hierarchical equations of motion based on time-dependent variational principle for efficient open qu,2505.00126,10.1063/5.0278591,consistent,arxiv,https://arxiv.org/abs/2505.00126,https://doi.org/10.1063/5.0278591,pubs.aip.org,https://arxiv.org/pdf/2505.00126,,,,arXiv (Cornell University),1769,1769,"We introduce an efficient method TTN-HEOM for exactly calculating the open quantum dynamics for driven quantum systems interacting with highly structured bosonic baths by combining the tree tensor network (TTN) decomposition scheme to the bexcitonic generalization of the numerically-exact hierarchical equations of motion (HEOM). The method yields a series of quantum master equations for all core tensors in the TTN that efficiently and accurately capture the open quantum dynamics for non-Markovian environments to all orders in the system-bath interaction. These master equations are constructed based on the time-dependent Dirac--Frenkel variational principle which isolates the optimal dynamics for the core tensors given the TTN ansatz. The dynamics converges to the HEOM when increasing the rank of the core tensors, a limit in which the TTN ansatz becomes exact. We introduce TENSO, Tensor Equations for Non-Markovian Structured Open systems, as a general-purpose Python code to propagate the TTN-HEOM dynamics. We implement three general propagators for the coupled master equations: Two fixed-rank methods that require a constant memory footprint during the dynamics, and one adaptive-rank method with variable memory footprint controlled by the target level of computational error. We exemplify the utility of these methods by simulating a two-level system coupled to a structured bath containing one Drude--Lorentz component and eight Brownian oscillators, which is beyond what can presently be computed using the standard HEOM. Our results show that the TTN-HEOM is capable to simulate both dephasing and relaxation dynamics of driven quantum system interacting with structured baths, even those of chemical complexity, with affordable computational cost."
513,pyTTN: An Open Source Toolbox for Open and Closed System Quantum Dynamics Simulations Using Tree Tensor Networks,2503.15460,,consistent,arxiv,https://arxiv.org/abs/2503.15460,,,https://arxiv.org/pdf/2503.15460,,,,arXiv (Cornell University),1848,1848,"We present the Python Tree Tensor Network package (pyTTN) for the evaluation of dynamical properties of closed and open quantum systems that makes use of Tree Tensor Network (TTN), or equivalently the multi-layer multiconfiguration time-dependent Hartree (ML-MCTDH), based representations of wavefunctions. This package includes several features allowing for easy setup of zero- and finite-temperature calculations for general Hamiltonians using single and multi-set TTN ansätze with an adaptive bond dimension through the use of subspace expansion techniques. All core features are implemented in C++ with Python bindings provided to simplify the use of this package. In addition to these core features, pyTTN provides several tools for setting up efficient simulation of open quantum system dynamics, including the use of the TTN ansatz to represent the auxiliary density operator space for the simulation of the Hierarchical Equation of Motion (HEOM) method and generalised pseudomode methods; furthermore we demonstrate that the two approaches are equivalent up to a non-unitary normal mode transformation acting on the pseudomode degrees of freedom. We present a set of applications of the package, starting with the widely used benchmark case of the photo-excitation dynamics of 24 mode pyrazine, following which we consider a more challenging model describing the exciton dynamics at the interface of a $n$-oligothiophene donor-C$_{60}$ fullerene acceptor system. Finally, we consider applications to open quantum systems, including the spin-boson model, a set of extended dissipative spin models, and an Anderson impurity model. By combining ease of use, an efficient implementation, as well as an extendable design allowing for the addition of future extensions, pyTTN can be integrated in a wide range of computational modelling software."
581,A Hybrid Quantum Circuit Born Machine Framework for Financial Volatility Forecasting: Quantum-Assisted Training and Clas,2603.09789,,consistent,arxiv,https://arxiv.org/abs/2603.09789,,,https://arxiv.org/pdf/2603.09789,,,,arXiv (Cornell University),1413,1413,"Accurate financial volatility forecasting is crucial but challenged by the non-linear, highly correlated nature of market data. Recently, quantum computing has emerged as a promising paradigm for solving complex high-dimensional sampling problems. To harness this, we propose a novel hybrid framework combining the temporal representation power of classical neural networks with the distribution-learning capabilities of quantum models. Specifically, we integrate a Long Short-Term Memory (LSTM) network with a Quantum Circuit Born Machine (QCBM). The LSTM extracts dynamic features, while the QCBM acts as a learnable generative prior modeling complex market distributions to guide forecasting. Evaluated on 5-minute high-frequency data from the SSE Composite and CSI 300 indices, our model significantly outperforms a classical LSTM baseline across MSE, RMSE, and QLIKE metrics. Furthermore, by introducing a stochastic ``Drop-Prior"" mechanism during training, the LSTM implicitly distills structured information from the quantum prior. This establishes a pragmatic paradigm of ``quantum-assisted training with classical-efficient inference"", whereby the model retains its quantum-enhanced accuracy even when the quantum module is entirely disabled during deployment. This demonstrates a practical pathway for leveraging quantum computing to enhance classical models without real-time quantum inference latency."
582,A tensor-train multidimensional inverse Laplace transform,2606.06093,,consistent,arxiv,https://arxiv.org/abs/2606.06093,,,https://arxiv.org/pdf/2606.06093,,,,arXiv (Cornell University),1035,1035,"Laplace transforms and their numerical inverses arise throughout applied mathematics, physics, finance, and probability theory. Numerical inversion, however, quickly becomes intractable in high dimensions because the number of quadrature evaluations grows exponentially with dimension. We develop a tensor train (TT) formulation of the multidimensional inverse Laplace transform. The method constructs a TT approximation of the transformed function on the complex quadrature grid and then performs the inversion through a sequence of tensor contractions. Under suitable low-rank assumptions, this reduces the computational cost from exponential to polynomial in the dimension, provided that the relevant bond dimensions remain bounded. The method has only a small number of tunable parameters and admits error estimations. We demonstrate its performance in numerical experiments, benchmarked against Monte Carlo estimates and exact references, for multivariate normal-inverse Gaussian, Wishart, and correlated Gamma-type distributions."
583,Algorithmic algorithm development with LLMs: A Case Study on LLM-Usage for Contraction Order Optimization in Tensor Netw,2606.01975,,consistent,arxiv,https://arxiv.org/abs/2606.01975,,,https://arxiv.org/pdf/2606.01975,,,,arXiv (Cornell University),517,517,"We consider LLM-based algorithm development through a case study on contractionorder optimisation for tensor networks with OpenEvolve. We pay particular attention to the choice of the LLM as well as design choices such as evaluation metric and test instances. Our results highlight both the promise of verifier-guided evolutionary coding agents for algorithm development/improvement and the continuing importance of evaluation, validation, and interpretation -- and corresponding challenges -- by the human scientist."
584,An IQP Born Machine for Calorimeter Image Generation at 64 Qubits with Compiled-IQP Deployment,2605.27735,,consistent,arxiv,https://arxiv.org/abs/2605.27735,,,https://arxiv.org/pdf/2605.27735,,,,CERN Document Server (European Organization for Nuclear Research),1894,1894,"The challenge to scaling quantum generative models on near-term hardware is training. Variational circuit Born machines require repeated quantum sampling and are prone to barren plateaus. Instantaneous Quantum Polynomial-time (IQP) Born machines sidestep both, since their loss is built from low-order Pauli-Z correlators that admit an unbiased classical estimator, while sampling from worst-case circuits in the class is conjectured to be classically hard. We take this train-on-classical, deploy-on-quantum workflow to a real high-energy-physics generative task, learning calorimeter shower profiles at 64 qubits and running the trained model on an IBM Heron r2 superconducting processor at 67 physical qubits. Three ingredients make it work. A uniform mixture of IQP circuits (MoIQP) widens the model class at single-circuit training cost. The Pearson-Stabilized Correlation Kernel (PSCK) biases descent toward the pairwise correlations that carry the shower-development physics, which the standard heat kernel systematically compresses. An exact deferred-measurement compilation collapses the mixture into a single IQP circuit, realized on hardware as a constant-depth dynamic circuit with zero SWAP insertions on the device's native heavy-hex graph. The trained model reconstructs the correlation structure to within 0.016 of the floor imposed by the encoding itself. Raw device samples reproduce the per-cell energy spectra and the full pairwise correlation structure at Pearson r = 0.989, up to a single global amplitude compression of depolarizing origin. A Gaussian copula fitted to the same training split matches the pairwise target more accurately than the quantum model at negligible cost. The contribution is therefore the classical trainability, exact compilation, and hardware deployability of a quantum generative model at this scale, not superiority over classical surrogates."
585,Automatically Differentiable Nonlinear Tensor Networks (ADNTNs) for Exponential Parameter Compression of Deep Neural Net,2606.00130,,consistent,arxiv,https://arxiv.org/abs/2606.00130,,,https://arxiv.org/pdf/2606.00130,,,,arXiv (Cornell University),1899,1899,"Large deep neural networks are costly to store and deploy because inference must move and evaluate many parameters. This paper studies \emph{Automatically Differentiable Nonlinear Tensor Networks} (ADNTNs), compact differentiable weight generators for replacing selected dense, convolutional, and attention layers. An ADNTN maps a small set of trainable tensor cores to a full weight tensor through hierarchical contractions and learnable nonlinearities; the generated layer is then used as an ordinary linear or convolutional operator. We investigate three multilayered topologies: Tree Tensor Networks, augmented Tree Tensor Networks with boundary disentanglers, and MERA-style multi-scale decoders. Compared with flat brick-wall automatically differentiable tensor networks, these hierarchies provide logarithmic-depth communication between tensorised modes and optional lateral mixing, which can improve long-range structure without large increases in stored parameters. We give a unified forward--adjoint formulation showing how reverse-mode automatic differentiation computes pre-activation adjoints and contracted-environment gradients for all trainable cores. The formulation supports task losses, reconstruction losses, distillation, quantisation-aware terms, batching, and modern optimisers. Proof-of-concept experiments on selected AlexNet and VGG-16 layers on CIFAR-10 datasets achieve per-layer parameter-compression ratios from about $2{,}000\times$ to $430{,}000\times$. Several VGG-16 compressed models match or slightly exceed the dense baseline, whereas AlexNet shows moderate degradation under more restrictive redundancy. These results indicate that nonlinear tensor-network generators are a promising structured route to compact pattern-recognition models, while also showing that contraction schedules and hardware-aware implementations remain essential for practical speedups."
586,Basis-update and Galerkin time integration in canonical matrix-product-state form,2608.16994,,consistent,arxiv,https://arxiv.org/abs/2608.16994,,,https://arxiv.org/pdf/2608.16994,,,,arXiv (Cornell University),1165,1165,"Matrix product state algorithms must enlarge their bond spaces as entanglement grows and compress them to control cost. We formulate basis-update and Galerkin (BUG) time integration as a sequence of canonical MPS sweeps for Hamiltonians represented as matrix product operators. We show when two natural basis updates produce the same trial space and when transporting coefficients between successive bases preserves the represented state. Under these conditions, the existing first-order error bound for uncompressed tree-tensor-network BUG also applies to the alternating-endpoint MPS schedule. We verify the uncompressed implementation against an independent six-site calculation. We then compare BUG with two-site TDVP for 16-site transverse-field Ising and Haldane-Shastry dynamics. At matched timestep and truncation settings, BUG performs fewer local exponential actions and has lower runtime. These settings do not produce equal accuracy. The runtime versus accuracy curves cross for the Ising model and are close for the Haldane-Shastry model. The comparison therefore identifies model-dependent trade-offs rather than a general advantage for either method."
587,Characterizing Trainability of Instantaneous Quantum Polynomial Circuit Born Machines,2602.11042,,consistent,arxiv,https://arxiv.org/abs/2602.11042,,,https://arxiv.org/pdf/2602.11042,,,,arXiv (Cornell University),1667,1667,"Instantaneous quantum polynomial quantum circuit Born machines (IQP-QCBMs) have been proposed as quantum generative models with a classically tractable training objective based on the maximum mean discrepancy (MMD) and a potential quantum advantage motivated by sampling-complexity arguments, making them an exciting model worth deeper investigation. While recent works have further proven the universality of a (slightly generalized) model, the next immediate question pertains to its trainability, i.e., whether it suffers from the exponentially vanishing loss gradients, known as the barren plateau issue, preventing effective use, and how regimes of trainability overlap with regimes of possible quantum advantage. Here, we provide significant strides in these directions. To study the trainability at initialization, we analytically derive closed-form expressions for the variances of the partial derivatives of the MMD loss function and provide general upper and lower bounds. With uniform initialization, we show that barren plateaus depend on the generator set and the spectrum of the chosen kernel. We identify regimes in which low-weight-biased kernels avoid exponential gradient suppression in structured topologies. Also, we prove that a small-variance Gaussian initialization ensures polynomial scaling for the gradient under mild conditions. As for the potential quantum advantage, we further argue, based on previous complexity-theoretic arguments, that sparse IQP families can output a probability distribution family that is classically intractable, and that this distribution remains trainable at initialization at least at lower-weight frequencies."
588,Classical Tensor Network and Quantum Fourier Transform Approaches for Large-Scale Carr-Madan Option Pricing,2607.28435,,consistent,arxiv,https://arxiv.org/abs/2607.28435,,,https://arxiv.org/pdf/2607.28435,,,,arXiv (Cornell University),1884,1884,"Fourier-based methods are among the most widely used techniques for pricing European options when the characteristic function of the underlying asset process is available. Their applicability to increasingly fine discretizations, however, is limited by the rapidly growing memory requirements of classical Fourier transforms, which become a computational bottleneck for large-scale pricing problems. In this work, we overcome this limitation by reformulating the Carr-Madan pricing framework using tensor networks. Specifically, we employ the Superfast Fourier Transform (SFFT), a compressed Tensor Train representation of the Quantum Fourier Transform (QFT), and apply it directly to tensorized option pricing without ever explicitly constructing exponentially large vectors or Fourier operators. This formulation also enables a direct comparison between the classical tensor network algorithm and its quantum counterpart through QFT-based option pricing on quantum simulators and quantum hardware. Numerical experiments for European call options demonstrate that the proposed SFFT method maintains pricing accuracy while substantially reducing memory requirements and achieving subexponential computational scaling compared with conventional FFT-based pricing. The accompanying quantum simulations and hardware executions enable a direct comparison between the classical tensor network formulation and its QFT-based quantum counterpart, showing that both approaches avoid the exponential scaling of conventional Fourier implementations and provide complementary perspectives on large-scale option pricing. Together, these results establish a unified framework connecting classical Fourier pricing, tensor network algorithms, and quantum computing approaches, demonstrating how tensorized Fourier methods can provide scalable alternatives for high-dimensional financial computations."
589,Completely Positive and Trace Preserving Schemes with Tensor Train Compression for the Lindblad Equation,2605.01494,,consistent,arxiv,https://arxiv.org/abs/2605.01494,,,https://arxiv.org/pdf/2605.01494,,,,arXiv (Cornell University),993,993,"We propose a family of low-rank, completely positive and trace preserving schemes for the Lindblad equation, a common model for open quantum systems. Low-rank representation is employed at two levels: the density matrix is factorized into the product of tall-skinny matrices, and the columns of these matrices are further represented using the tensor train (TT) format, also know as matrix product states (MPS). This two-level low-rank format fits naturally into our existing Kraus is King scheme (arXiv:2409.08898v2 [math.NA]) for the Lindblad equation, whose underlying operations are arithmetic on the columns of the tall-skinny matrices. We show how these operations can be performed efficiently in the TT/MPS format, with particular emphasis on density matrix rank-truncation. We conclude with extensive numerical experiments demonstrating the convergence of this scheme and its efficiency in simulating systems with up to $10^{19}$ degrees of freedom using only modest compute resources."
590,Compressibility of micromagnetic solutions in tensor train format,2604.28008,,consistent,arxiv,https://arxiv.org/abs/2604.28008,,,https://arxiv.org/pdf/2604.28008,,,,arXiv (Cornell University),1354,1354,"For three-dimensional (3D) magnetic objects with linear size $L$ exceeding a few exchange lengths, the micromagnetic state exhibits pronounced informational sparsity: low-dimensional, high-gradient regions (e.g., domain walls) coexist with near-uniformly magnetized volumetric domains. Because standard micromagnetic simulation methods discretize the magnetization on near-uniform 3D grids with linear cell size $a$, they cannot take advantage of this sparsity. The computational problem scales as $\sim L^3$ and $\sim (1/a)^3$. In this Letter, we establish that direct tensor-train (TT) representations overcome these poor scalings by exploiting the spatial sparsity optimally, while preserving accuracy in a controlled way. Focusing on representative flux-closure configurations in soft-magnetic rectangular prisms, in the near-micrometer regime, we demonstrate that the parameter count of TT-compressed micromagnetic data scales approximately as $L^{1.8}$ and $(1/a)^{1.2}$. Hence the relative advantage over dense discretizations rapidly grows with the problem size and refinement level. These first results provide a strong motivation for future developments of micromagnetic solvers in TT format which could transcend the limitations of traditional simulators, with far reaching potential impacts on fundamental research and technology development."
591,Continuous unitary transformations using tensor network representations access the full many-body localized spectrum,2603.12851,,consistent,arxiv,https://arxiv.org/abs/2603.12851,,,https://arxiv.org/pdf/2603.12851,,,,MPG.PuRe (Max Planck Society),705,705,"We develop variational continuous unitary transformations (VCUTs), which integrate Wegner-Wilson flow equations with tensor network techniques to approximately diagonalize many-body localized (MBL) Hamiltonians. The diagonalizing unitary is represented as a matrix product operator whose bond dimension controls the accuracy. For the disordered Heisenberg chain, VCUTs accurately reproduces the full spectrum across the ergodic-to-MBL crossover at small system sizes and scales to $L = 48$ sites. Beyond eigenenergies, the method can track the spatial entanglement structure of the diagonalizing unitary $U(l)$ at each flow step, enabling identification of local integrals of motion deep in the MBL phase."
592,"Coupling Tensor Trains with Graph of Convex Sets: Effective Compression, Exploration, and Planning in the C-Space",2603.11658,,consistent,arxiv,https://arxiv.org/abs/2603.11658,,,https://arxiv.org/pdf/2603.11658,,,,arXiv (Cornell University),1271,1271,"We present TANGO (Tensor ANd Graph Optimization), a novel motion planning framework that integrates tensor-based compression with structured graph optimization to enable efficient and scalable trajectory generation. While optimization-based planners such as the Graph of Convex Sets (GCS) offer powerful tools for generating smooth, optimal trajectories, they typically rely on a predefined convex characterization of the high-dimensional configuration space-a requirement that is often intractable for general robotic tasks. TANGO builds further by using Tensor Train decomposition to approximate the feasible configuration space in a compressed form, enabling rapid discovery and estimation of task-relevant regions. These regions are then embedded into a GCS-like structure, allowing for geometry-aware motion planning that respects both system constraints and environmental complexity. By coupling tensor-based compression with structured graph reasoning, TANGO enables efficient, geometry-aware motion planning and lays the groundwork for more expressive and scalable representations of configuration space in future robotic systems. Rigorous simulation studies on planar and real robots reinforce our claims of effective compression and higher quality trajectories."
593,Efficient Application of Tensor Network Operators to Tensor Network States,2601.19650,,consistent,arxiv,https://arxiv.org/abs/2601.19650,,,https://arxiv.org/pdf/2601.19650,,,,arXiv (Cornell University),1322,1322,"The performance of tensor network methods has seen constant improvements over the last few years. We add to this effort by introducing a new algorithm that efficiently applies tree tensor network operators to tree tensor network states inspired by the density matrix method and the Cholesky decomposition. This application procedure is a common subroutine in tensor network methods. We explicitly include the special case of tensor train structures and demonstrate how to extend methods commonly used in this context to general tree structures. We compare our newly developed method with the existing ones in a benchmark scenario with random tensor network states and operators. We find our Cholesky-based compression (CBC) performs equivalently to the current state-of-the-art method, while outperforming most established methods by at least an order of magnitude in runtime. We then apply our knowledge to perform circuit simulation of tree-like circuits, in order to test our method in a more realistic scenario. Here, we find that more complex tree structures can outperform simple linear structures and achieve lower errors than those possible with the simple structures. Additionally, our CBC still performs among the most successful methods, showing less dependence on the different bond dimensions of the operator."
594,Equations of Tree Tensor Network Varieties,2608.19071,,consistent,arxiv,https://arxiv.org/abs/2608.19071,,,https://arxiv.org/pdf/2608.19071,,,,arXiv (Cornell University),421,421,"We show that tree tensor network varieties, including tensor train varieties, are general Markov models associated to spaced trees. This allows us to prove that the prime ideals of these varieties are generated by minors of matrix flattenings. In the case of tensor train varieties, we discuss whether these minors form a Gröbner basis and provide a combinatorial method to compute the degree for order $3$ tensor trains."
595,Hierarchical Search of Tree Tensor Networks for High-Dimensional Data,2603.27856,10.1016/j.jcp.2026.115230,consistent,arxiv,https://arxiv.org/abs/2603.27856,https://doi.org/10.1016/j.jcp.2026.115230,linkinghub.elsevier.com,https://arxiv.org/pdf/2603.27856,,,,arXiv (Cornell University),1710,1710,"Tensor network methods provide a scalable solution to represent high-dimensional data. However, their efficacy is often limited by static, expert-defined structures that fail to adapt to evolving data correlations. We address this limitation by formalizing the structural rounding problem for tree tensor networks and introducing a hierarchical search algorithm HIST, which automatically identifies optimized structures with index reshaping for input tree tensor networks. To navigate the combinatorial explosion of the structural search space, HIST integrates stochastic sub-network sampling with hierarchical refinement. This approach utilizes entropy-guided index clustering to reduce dimensionality and targeted reshaping to expose latent data correlations. Numerical experiments on analytical functions and real-world physics applications, including thermal radiation transport, neutron diffusion, and computational fluid dynamics, demonstrate that HIST exhibits empirical polynomial scaling with dimensionality relative to the sampling budget, bypassing the scalability barriers in prior work. HIST achieves compression ratios $2.5\times$ to $100\times$ higher than standard fixed formats such as Tensor Trains and Hierarchical Tuckers (peaking at $1000\times$). Furthermore, HIST discovers structures that generalize effectively: applying a structure optimized for one data instance to a related target data typically maintains compression performance within $10\%$ of the result obtained by performing structure search on that target data. These results highlight HIST as a robust, automated tool for adaptive data representation and high-dimensional simulation compression with tensor network methods."
596,High-Resolution Tensor-Network Fourier Methods for Exponentially Compressed Non-Gaussian Aggregate Distributions,2603.23106,,consistent,arxiv,https://arxiv.org/abs/2603.23106,,,https://arxiv.org/pdf/2603.23106,,,,arXiv (Cornell University),1233,1233,"Characteristic functions of weighted sums of independent random variables exhibit low-rank structure in the quantized tensor train (QTT) representation, also known as matrix product states (MPS), enabling up to exponential compression of their fully non-Gaussian probability distributions. Under variable independence, the global characteristic function factorizes into local terms. Its low-rank QTT structure arises from intrinsic spectral smoothness in continuous models, or from spectral energy concentration as the number of components $D$ grows in discrete models. We demonstrate this on weighted sums of Bernoulli and lognormal random variables. In the former, despite an adversarial, incompressible small-$D$ regime, the characteristic function undergoes a sharp bond-dimension collapse for $D \gtrsim 300$ components, enabling polylogarithmic time and memory scaling. In the latter, the approach reaches high-resolution discretizations of $N = 2^{30}$ frequency modes on standard hardware, far beyond the $N = 2^{24}$ ceiling of dense implementations. These compressed representations enable efficient computation of Value at Risk (VaR) and Expected Shortfall (ES), supporting applications in quantitative finance and beyond."
542,IQP Born Machines under Data-dependent and Agnostic Initialization Strategies,2603.14576,,consistent,arxiv,https://arxiv.org/abs/2603.14576,,,https://arxiv.org/pdf/2603.14576,,,,arXiv (Cornell University),1282,1282,"Quantum circuit Born machines based on instantaneous quantum polynomial-time (IQP) circuits are natural candidates for quantum generative modeling, both because of their probabilistic structure and because IQP sampling is provably classically hard in certain regimes. Recent proposals focus on training IQP-QCBMs using Maximum Mean Discrepancy (MMD) losses built from low-body Pauli-$Z$ correlators, but the effect of initialization on the resulting optimization landscape remains poorly understood. In this work, we address this by first proving that the MMD loss landscape suffers from barren plateaus for random full-angle-range initializations of IQP circuits. We then establish lower bounds on the loss variance for identity and an unbiased data-agnostic initialization. We then additionally consider a data-dependent initialization that is better aligned with the target distribution and, under suitable assumptions, yields provable gradients and generally converges quicker to a good minimum (as indicated by our training of circuits with 150 qubits on genomic data). Finally, as a by-product, the developed variance lower bound framework is applicable to a general class of non-linear losses, offering a broader toolset for analyzing warm-starts in quantum machine learning."
597,Incremental Tensor-Train Compression from Streaming TT-Formatted Data: Applications to Reduced-Order Modeling,2606.26900,,consistent,arxiv,https://arxiv.org/abs/2606.26900,,,https://arxiv.org/pdf/2606.26900,,,,arXiv (Cornell University),1838,1838,"High-dimensional tensor data streams arise naturally in scientific and engineering applications, such as simulations of kinetic equations and quantum systems, where samples become available sequentially and are often already represented in compressed low-rank tensor formats. Existing streaming tensor-train (TT) algorithms typically construct or update representations from dense tensor data or randomized sketches. However, when high-dimensional data are generated directly in TT or related low-rank formats, reconstructing dense tensors solely for the purpose of compression is unnecessary and computationally prohibitive. We develop a deterministic incremental TT compression algorithm that operates directly on streaming TT-formatted data. Given a new TT tensor, the proposed method updates an accumulated TT representation through core-wise projection, residual orthogonalization, and adaptive enrichment, retaining only the complementary information that cannot be represented within a prescribed tolerance. By operating entirely at the level of TT cores, the algorithm avoids reconstructing either the incoming tensor or the accumulated full tensor. We establish approximation error bounds for the proposed incremental approach. Moreover, we show that the accumulated TT representation corresponds to a compressed analogue of standard proper orthogonal decomposition for full-order snapshot data, enabling reduced-order models to be constructed directly from streaming low-rank solution data through operations on TT cores, without first reconstructing full snapshots. Numerical experiments on parametric radiative transfer equations demonstrate that the proposed method achieves comparable reconstruction accuracy with substantially reduced wall time and yields efficient and accurate ROMs directly from compressed low-rank data."
598,Iterative tensor network transformations for element-wise evaluation of elementary and filtering functions,2608.17135,,consistent,arxiv,https://arxiv.org/abs/2608.17135,,,https://arxiv.org/pdf/2608.17135,,,,arXiv (Cornell University),1131,1131,"Tensor networks are powerful formats for compressing large-scale data. However, their application to general data processing has been limited by the difficulty of performing nonlinear operations. Here, we introduce iterative tensor network transformations (ITNTs), a general algorithmic framework for the element-wise evaluation of elementary and nonlinear filtering functions on data encoded as tensor trains (TTs), a class of tensor networks. Our approach operates entirely in the compressed domain, enabling efficient computation on exponentially large datasets while maintaining a controlled computational cost. We demonstrate its power in two key areas: (I) evaluating highly nonlinear elementary and filtering functions on a 3D reactive flow field, enabling high-fidelity reaction rate computation and region filtering, and (II) finding extrema in complex optimization problems, such as solving Max-SAT instances on spaces up to $2^{70}$ configurations. These results establish ITNT as a foundational tool that provides tensor network methods with the capability for general-purpose data science and large-scale optimization."
599,Lattice in Line: Optimized DMRG ordering for complex lattice geometries,2609.25384,,consistent,arxiv,https://arxiv.org/abs/2609.25384,,,https://arxiv.org/pdf/2609.25384,https://github.com/spinflip/lattice_in_line,,,arXiv (Cornell University),1687,1687,"The density-matrix renormalization group (DMRG) is a one-dimensional tensor-network technique, but it is not limited to one-dimensional systems: it can be applied to periodic 2D and 3D clusters and molecules, provided their sites are first enumerated along a line; a step one may call ""lattice compilation"". This paper discusses three proxy loss functions for finding this optimal enumeration: the graph bandwidth $B$ (maximum interaction range), the cutwidth $C$ (maximum number of bonds crossing a cut), and the average interaction range $R$. Constructing the Hamiltonian MPO (matrix-product operator) for a large set of clusters that are of interest in frustrated magnetism, I find that $C$ determines the peak SU(2) Heisenberg MPO bond dimension and $R$ the average one. Targeting $(C,R)$ lexicographically yields the best energies. Targeting $B$ indirectly reduces $C$, but not as efficiently as targeting $C$ directly. Otherwise, the value of $B$ itself is largely irrelevant in the sense that good DMRG energies can have large $B$. To perform the optimization, classic heuristics (e.g. reverse Cuthill--McKee) prove unreliable even for small clusters, and I find that a QUBO formulation improves them only marginally. Instead I propose a staged optimization built on Boolean satisfiability (SAT) and constraint-programming (CP) solvers, chiefly CP-SAT of Google's OR-Tools, a hybrid of CP propagation and SAT clause learning. This approach yields significantly better orderings together with rigorous bounds. The corresponding Lattice in Line code is available at https://github.com/spinflip/lattice_in_line and was designed with extensive use of the Fable 5 large language model."
600,LiQSS: Post-Transformer Linear Quantum-Inspired State-Space Tensor Networks for Real-Time 6G,2601.12375,,consistent,arxiv,https://arxiv.org/abs/2601.12375,,,https://arxiv.org/pdf/2601.12375,,,,,1600,1600,"Proactive and agentic control in Sixth-Generation (6G) Open Radio Access Networks (O-RAN) requires control-grade prediction under stringent Near-Real-Time (Near-RT) latency and computational constraints. While Transformer-based models are effective for sequence modeling, their quadratic complexity limits scalability in Near-RT RAN Intelligent Controller (RIC) analytics. This paper investigates a post-Transformer design paradigm for efficient radio telemetry forecasting. We propose a quantum-inspired many-body state-space tensor network that replaces self-attention with stable structured state-space dynamics kernels, enabling linear-time sequence modeling. Tensor-network factorizations in the form of Tensor Train (TT) / Matrix Product State (MPS) representations are employed to reduce parameterization and data movement in both input projections and prediction heads, while lightweight channel gating and mixing layers capture non-stationary cross-Key Performance Indicator (KPI) dependencies. The proposed model is instantiated as an agentic perceive-predict xApp and evaluated on a bespoke O-RAN KPI time-series dataset comprising 59,441 sliding windows across 13 KPIs, using Reference Signal Received Power (RSRP) forecasting as a representative use case. Our proposed Linear Quantum-Inspired State-Space (LiQSS) model is 10.8x-15.8x smaller and approximately 1.4x faster than prior structured state-space baselines. Relative to Transformer-based models, LiQSS achieves up to a 155x reduction in parameter count and up to 2.74x faster inference, without sacrificing forecasting accuracy."
601,Multi-agent Autoformalization of Tensor Network Theory,2607.07857,,consistent,arxiv,https://arxiv.org/abs/2607.07857,,,https://arxiv.org/pdf/2607.07857,https://github.com/LionSR/TNLean,https://lionsr.github.io/TNLean/blueprint/}{blueprint},,arXiv (Cornell University),1205,1205,"We build a team of specialized large language-model agents and present an agent-driven workflow for research-level formalization in theoretical physics, with the autoformalization of the fundamental theorem of matrix-product states as a demonstration. The agents, coordinated through a structured mathematical blueprint and periodic human review, orchestrated and executed the full formalization autonomously. For some statements, the agents were able to explore new proof routes that are not part of the standard literature. Along the way the agents produced extensive tensor-network and quantum-information libraries not previously available in Mathlib, Lean's mathematical library. As a physical application, the formalization also extends towards symmetry-protected topological phases in one dimension. We find that the main bottleneck in large-scale autoformalization is enforcing mathematical intent and we provide a detailed study of the full process and various subtleties involved. We release the codebase as the library \href{https://github.com/LionSR/TNLean}{TNLean}, together with a \nChapters{}-chapter \href{https://lionsr.github.io/TNLean/blueprint/}{blueprint} of the formalization effort."
602,Multiscale Structural Reliability Analysis in high dimensions with Tensor Trains and Physics-Augmented Neural Networks,2604.18776,,consistent,arxiv,https://arxiv.org/abs/2604.18776,,,https://arxiv.org/pdf/2604.18776,,,,,1907,1907,"Structural reliability evaluation for composites constitutes a fundamentally high-dimensional multiscale problem, as microscale material uncertainties must propagate to the macroscale and can be quantified as high-dimensional random fields. Conventional approaches are computationally intractable, as they rely on repeatedly solving coupled partial differential equation systems across scales while contending with the exponential complexity inherent in high-dimensional uncertainty quantification. This work introduces a scalable and physically consistent framework that addresses both bottlenecks simultaneously in the case of separation of scales and (anisotropic) linear elasticity. In particular, we couple a physics-augmented Voigt--Reuss Neural Network (VRNN) with the Deep Inverse Rosenblatt Transport (DIRT) method to estimate the posterior probability of structural failure. The VRNN is used to resolve the computationally expensive FE$^2$ scheme by providing a near-instantaneous evaluation of the homogenized stiffness tensor that is guaranteed to be symmetric, positive-definite, and strictly bounded within the Voigt--Reuss limits, enabling fast evaluation of the homogenized responses. The DIRT method constructs a sequence of functional tensor train approximations to efficiently store an approximation of the high-dimensional optimal importance sampling distribution for estimating the probability of failure. This mitigates the curse of dimensionality arising from the Karhunen--Loève expansion of the random fields. The framework is demonstrated on a three-dimensional heterogeneous benchmark problem, where the uncertainty in the microscale material properties is characterized by a Bayesian posterior distribution obtained from limited strain observations. Our results show that the proposed framework can provide low-variance estimates of failure probabilities in dimensions up to 150."
603,Multiscale passive scalar turbulence in a compressed subspace via tensor trains,2608.00194,,consistent,arxiv,https://arxiv.org/abs/2608.00194,,,https://arxiv.org/pdf/2608.00194,,,,arXiv (Cornell University),583,583,"Capturing the multiscale statistics of turbulence in compressed form remains a central challenge for reduced-order modeling. We introduce a hybrid Tensor Train (TT) approach for a highly intermittent passive scalar. The hybrid TT matches Galerkin, wavelet, and standard TT decompositions for the structure functions while improving the representation of intermittent, non-Gaussian fluctuations. These results open a route toward evolving the linear dynamics of passive scalars directly in compressed tensor form, with potential applications to quantum algorithms for fluid transport."
604,Optimizing Tensor Train Decomposition in DNNs for RISC-V Architectures Using Design Space Exploration and Compiler Optim,2602.01996,10.1145/3768624,consistent,arxiv,https://arxiv.org/abs/2602.01996,https://doi.org/10.1145/3768624,dl.acm.org,https://arxiv.org/pdf/2602.01996,,,"ACM Transactions on Embedded Computing Systems 24, 6, Article 171 (October 2025), 34 pages",arXiv (Cornell University),1416,1416,"Deep neural networks (DNNs) have become indispensable in many real-life applications like natural language processing, and autonomous systems. However, deploying DNNs on resource-constrained devices, e.g., in RISC-V platforms, remains challenging due to the high computational and memory demands of fully connected (FC) layers, which dominate resource consumption. Low-rank factorization (LRF) offers an effective approach to compressing FC layers, but the vast design space of LRF solutions involves complex trade-offs among FLOPs, memory size, inference time, and accuracy, making the LRF process complex and time-consuming. This paper introduces an end-to-end LRF design space exploration methodology and a specialized design tool for optimizing FC layers on RISC-V processors. Using Tensor Train Decomposition (TTD) offered by TensorFlow T3F library, the proposed work prunes the LRF design space by excluding first, inefficient decomposition shapes and second, solutions with poor inference performance on RISC-V architectures. Compiler optimizations are then applied to enhance custom T3F layer performance, minimizing inference time and boosting computational efficiency. On average, our TT-decomposed layers run 3x faster than IREE and 8x faster than Pluto on the same compressed model. This work provides an efficient solution for deploying DNNs on edge and embedded devices powered by RISC-V architectures."
605,Quantum Scrambling Born Machine,2602.17281,10.1103/qccv-flmq,consistent,arxiv,https://arxiv.org/abs/2602.17281,https://doi.org/10.1103/qccv-flmq,link.aps.org,https://arxiv.org/pdf/2602.17281,,,"Phys. Rev. A 114, 012464 (2026)",arXiv (Cornell University),1109,1109,"Quantum generative modeling, where the Born rule naturally defines probability distributions through measurement of parameterized quantum states, is a promising near-term application of quantum computing. We propose a Quantum Scrambling Born Machine in which a fixed entangling unitary -- acting as a scrambling reservoir -- provides multi-qubit entanglement, while only single-qubit rotations are optimized. We consider three entangling unitaries -- a Haar random unitary and two physically realizable approximations, a finite-depth brickwork random circuit and analog time evolution under nearest-neighbor spin-chain Hamiltonians -- and show that, for the benchmark distributions and system sizes considered, once the entangler produces near-Haar-typical entanglement the model learns the target distribution with weak sensitivity to the scrambler's microscopic origin. Finally, promoting the Hamiltonian couplings to trainable parameters casts the generative task as a variational Hamiltonian problem, with performance competitive with representative classical generative models at matched parameter count."
606,Quantum-Enhanced Synthetic Data Generation Using Quantum Circuit Born Machines for Imbalanced Tabular Learning,2607.09113,,consistent,arxiv,https://arxiv.org/abs/2607.09113,,,https://arxiv.org/pdf/2607.09113,,,,arXiv (Cornell University),1817,1817,"Data scarcity and class imbalance are persistent challenges in machine learning that degrade model generalization and introduce predictive bias. We present a hybrid quantum-classical framework for synthetic data generation using a Quantum Circuit Born Machine (QCBM) to address these limitations. The proposed approach exploits quantum mechanical properties -- superposition and entanglement -- within a parameterized variational quantum circuit to model complex probability distributions that are difficult for classical generative methods to capture. Experiments are conducted on two tabular benchmark datasets: the Iris dataset and the Telco Customer Churn dataset. Preprocessing includes normalization and PCA-based dimensionality reduction to enable efficient basis encoding for quantum circuits. The QCBM is trained by minimizing Kullback-Leibler (KL) divergence between real and generated data distributions using a gradient-based parameter-shift optimization rule. Augmenting training data with QCBM-generated synthetic samples at 40-50% of the minority class improves F1-score by approximately 5-15% and minority-class recall by 10-25%. Cross-domain evaluations (Train on Synthetic, Test on Real; and Train on Real, Test on Synthetic) reveal a performance gap of only 3-10%, indicating strong distributional fidelity. Comparative analysis against classical oversampling methods -- SMOTE, Borderline-SMOTE, KMeansSMOTE, and SVM-SMOTE -- shows that QCBM achieves competitive classification performance and produces lower Maximum Mean Discrepancy (MMD) on the Telco dataset, suggesting superior structural similarity in certain imbalanced settings. These findings establish QCBM as a viable complementary tool for data augmentation, particularly for low-dimensional structured tabular data with class imbalance."
607,Quantum-Inspired Tensor Network Autoencoders for Anomaly Detection: A MERA-Based Approach,2604.06541,,consistent,arxiv,https://arxiv.org/abs/2604.06541,,,https://arxiv.org/pdf/2604.06541,,,,arXiv (Cornell University),1611,1611,"We investigate whether a multiscale tensor-network architecture can provide a useful inductive bias for reconstruction-based anomaly detection in collider jets. Jets are produced by a branching cascade, so their internal structure is naturally organised across angular and momentum scales. This motivates an autoencoder that compresses information hierarchically and can reorganise short-range correlations before coarse-graining. Guided by this picture, we formulate a MERA-inspired autoencoder acting directly on ordered jet constituents. To the best of our knowledge, a MERA-inspired autoencoder has not previously been proposed, and this architecture has not been explored in collider anomaly detection. We compare this architecture to a dense autoencoder, the corresponding tree-tensor-network limit, and standard classical baselines within a common background-only reconstruction framework. The paper is organised around two main questions: whether locality-aware hierarchical compression is genuinely supported by the data, and whether the disentangling layers of MERA contribute beyond a simpler tree hierarchy. To address these questions, we combine benchmark comparisons with a training-free local-compressibility diagnostic and a direct identity-disentangler ablation. The resulting picture is that the locality-preserving multiscale structure is well matched to jet data, and that the MERA disentanglers become beneficial precisely when the compression bottleneck is strongest. Overall, the study supports locality-aware hierarchical compression as a useful inductive bias for jet anomaly detection."
608,Quantum-Inspired Tensor Networks for Approximating PDE Flow Maps,2602.15906,,consistent,arxiv,https://arxiv.org/abs/2602.15906,,,https://arxiv.org/pdf/2602.15906,,,,,1113,1113,"We investigate quantum-inspired tensor networks (QTNs) for approximating flow maps of hydrodynamic partial differential equations (PDEs). Motivated by the effective low-rank structure that emerges after tensorization of discretized transport and diffusion dynamics, we encode PDE states as matrix product states (MPS) and represent the evolution operator as a structured low-rank matrix product operator (MPO) in tensor-train form (e.g., arising from finite-difference discretizations assembled in MPO form). The MPO is applied directly in MPS form, and rank growth is controlled via canonicalization and SVD-based truncation after each step. We provide theoretical context through standard matrix product properties, including exact MPS representability bounds, local optimality of SVD truncation, and a Lipschitz-type multi-step error propagation estimate. Experiments on one- and two-dimensional linear advection-diffusion and nonlinear viscous Burgers equations demonstrate accurate short-horizon prediction, favorable scaling in smooth diffusive regimes, and error growth in nonlinear multi-step predictions."
609,"Quantum-inspired Tensor Network for QUBO, QUDO and Tensor QUDO Problems with k-neighbors",2603.28065,,consistent,arxiv,https://arxiv.org/abs/2603.28065,,,https://arxiv.org/pdf/2603.28065,,,,arXiv (Cornell University),950,950,"This work presents a novel tensor network algorithm for solving Quadratic Unconstrained Binary Optimization (QUBO) problems, Quadratic Unconstrained Discrete Optimization (QUDO) problems, and Tensor Quadratic Unconstrained Discrete Optimization (T-QUDO) problems. The proposed algorithm is based on the MeLoCoToN methodology, which solves combinatorial optimization problems by employing superposition, imaginary time evolution, and projective measurements. Additionally, two different approaches are presented to solve QUBO and QUDO problems with k-neighbors interactions in a lineal chain, one based on 4-order tensor contraction and the other based on matrix-vector multiplication, including sparse computation and a new technique called ""Waterfall"". Furthermore, the performance of both implementations is compared with a quadratic optimization solver to demonstrate the performance of the method, showing advantages in several problem instances."
610,Semantic Uncertainty Quantification of Hallucinations in LLMs: A Quantum Tensor Network Based Method,2601.20026,,consistent,arxiv,https://arxiv.org/abs/2601.20026,,,https://arxiv.org/pdf/2601.20026,,,ICLR2026,arXiv (Cornell University),1332,1332,"Large language models (LLMs) exhibit strong generative capabilities but remain vulnerable to confabulations, fluent yet unreliable outputs that vary arbitrarily even under identical prompts. Leveraging a quantum tensor network based pipeline, we propose a quantum physics inspired uncertainty quantification framework that accounts for aleatoric uncertainty in token sequence probability for semantic equivalence based clustering of LLM generations. This offers a principled and interpretable scheme for hallucination detection. We further introduce an entropy maximization strategy that prioritizes high certainty, semantically coherent outputs and highlights entropy regions where LLM decisions are likely to be unreliable, offering practical guidelines for when human oversight is warranted. We evaluate the robustness of our scheme under different generation lengths and quantization levels, dimensions overlooked in prior studies, demonstrating that our approach remains reliable even in resource constrained deployments. A total of 116 experiments on TriviaQA, NQ, SVAMP, and SQuAD across multiple architectures including Mistral-7B, Mistral-7B-instruct, Falcon-rw-1b, LLaMA-3.2-1b, LLaMA-2-13b-chat, LLaMA-2-7b-chat, LLaMA-2-13b, and LLaMA-2-7b show consistent improvements in AUROC and AURAC over state of the art baselines."
611,TENSO: Software Package for Numerically Exact Open Quantum Dynamics Based on Efficient Tree Tensor Network Decomposition,2603.17711,,consistent,arxiv,https://arxiv.org/abs/2603.17711,,,https://arxiv.org/pdf/2603.17711,,,,arXiv (Cornell University),1424,1424,"TENSO is a versatile and powerful open-source software package for numerically exact simulations of the dynamics of quantum systems immersed in structured thermal environments. It is based on a tree tensor network decomposition of the hierarchical equations of motion (HEOM) that efficiently curbs its curse of dimensionality with bath complexity. As such, TENSO enables exact non-Markovian open quantum dynamics simulations even with complex environments typical of chemistry and quantum information science. TENSO allows for time-dependent drive in the system, and for non-commuting fluctuations. More generally, TENSO efficiently propagates the dynamics for any method with a generator of the dynamics that can be expressed in a sum-of-products form, including the HEOM and multi-layer multiconfigurational time-dependent Hartree methods. TENSO enables simulations using tensor trees and trains of arbitrary order, and implements three propagation strategies for the coupled master equations; two fixed-rank methods that require a constant memory footprint during the dynamics and one adaptive rank method with a variable memory footprint controlled by the target level of computational error. In contrast to the accompanying theory and algorithmic paper [J. Chem. Phys. 163, 104109 (2025)] the focus here is on the practical usage and applications of TENSO with underlying theoretical concepts introduced only as needed."
612,TT-net: Quantum Inspired Tensor Network Denoising in Conditional GANs,2608.19789,,consistent,arxiv,https://arxiv.org/abs/2608.19789,,,https://arxiv.org/pdf/2608.19789,,,,arXiv (Cornell University),1844,1844,"Developed as a workhorse for classical simulations of quantum algorithms and quantum many-body systems, Tensor Network methods have entered the scientific mainstream in quantum physics. Among various types of tensor networks, Tensor Trains (commonly know as Matrix Product States in the quantum computing community) have already found applications in machine learning. These methods often rely on a powerful linear algebra tool called the Singular Value Decomposition (SVD). Several conditional GAN architectures for image denoising incorporate SVD as a single-cut decomposition step applied to generator feature maps. In this work we introduce TT-Net, which replaces the per-channel SVD denoising block with a two-cut tensor-train decomposition capable of accessing cross-channel information directly, a capability absent from contemporary alternatives. In a controlled comparison differing only in this decomposition mechanism, TT-Net outperforms SVD-Net on PSNR and SSIM across all three noise types tested (Gaussian, motion blur, and salt-and-pepper), supporting the hypothesis that cross-channel access improves denoising quality. Training-dynamics analysis further shows that TT-Net's adversarial loss term consistently saturates to a stagnant state across all three noise types, more so than SVD-Net's, while reconstruction quality continues to improve regardless, raising an open question about the adversarial component's contribution that this work identifies but does not resolve. Furthermore, for Gaussian noise our method outperforms both the EigenGAN and the state of the art Pix2pix method which does not assume any linear algebra decompositions and does not retain any linear algebra information. Our manuscript shows how quantum inspired tools can be used as practical real world feature filters for deep learning applications."
613,Tensor Decomposition of Transformer Key-Value Caches: Spectral Structure and Format Comparison,2609.28029,,consistent,arxiv,https://arxiv.org/abs/2609.28029,,,https://arxiv.org/pdf/2609.28029,,,,arXiv (Cornell University),1354,1354,"The key-value (KV) cache of autoregressive transformers can be viewed as a fourth-order tensor spanning attention heads, tokens, features, and grouped layers. We measure the singular-value spectra of all four mode unfoldings on Mistral-7B-v0.3 and LLaMA-2-13B and compare four standard tensor decompositions: Tucker, CP, tensor train, and t-SVD, at matched storage. The spectra partition the four axes into two classes. The token and feature modes carry low-rank structure, particularly for keys. The head and layer modes are nearly full-rank and resist compression at any practical error level. Among the four decompositions, Tucker achieves the lowest reconstruction error at every compression ratio from $2\times$ to $5\times$, because it can leave the full-rank modes untouched. Comparisons with two-dimensional unfolding baselines show that the preferred representation differs between keys and values: 2D methods achieve lower key error, while four-way Tucker achieves lower value error at matched storage. A mode-pinning theorem certifies the full-rank preservation from the measured spectra alone. Two further spectral properties affect the compressible modes without touching the full-rank ones: values reach a higher error floor than keys at every ratio, and post-RoPE keys lose $41\%$ - $64\%$ of their pre-RoPE compressibility on both models."
614,Tensor Network Generator-Enhanced Optimization for Traveling Salesman Problem,2602.20175,,consistent,arxiv,https://arxiv.org/abs/2602.20175,,,https://arxiv.org/pdf/2602.20175,,,,arXiv (Cornell University),1234,1234,"We present an application of the tensor network generator-enhanced optimization (TN-GEO) framework to address the traveling salesman problem (TSP), a fundamental combinatorial optimization challenge. Our approach employs a tensor network Born machine based on automatically differentiable matrix product states (MPS) as the generative model, using the Born rule to define probability distributions over candidate solutions. Unlike approaches based on binary encoding, which require $N^2$ variables and penalty terms to enforce valid tour constraints, we adopt a permutation-based formulation with integer variables and use autoregressive sampling with masking to guarantee that every generated sample is a valid tour by construction. We also introduce a $k$-site MPS variant that learns distributions over $k$-grams (consecutive city subsequences) using a sliding window approach, enabling parameter-efficient modeling for larger instances. Experimental validation on TSPLIB benchmark instances with up to 52 cities demonstrates that TN-GEO can outperform classical heuristics including swap and 2-opt hill-climbing. The $k$-site variants, which put more focus on local correlations, show better results compared to the full-MPS case."
615,Tensor Network Kernel Machines: A JAX Framework for Machine Learning and Nonlinear System Identification,2608.07043,,consistent,arxiv,https://arxiv.org/abs/2608.07043,,,https://arxiv.org/pdf/2608.07043,https://github.com/AlbMLpy/tnkm,,,arXiv (Cornell University),1075,1075,"Developing nonlinear models that are both expressive and computationally efficient remains a challenge in machine learning and nonlinear system identification. Tensor network kernel machines (TNKM) address this challenge by combining nonlinear feature representations with compact low-rank tensor-network parameterizations. However, practical and extensible software frameworks for developing TNKM models remain limited. In this work, we introduce ""tnkm"", an open-source Python library for constructing and training TNKM models using JAX. The library provides a unified interface for combining different feature maps, tensor-network architectures, and optimization strategies, including alternating least squares and gradient-based methods. We demonstrate the capabilities of ""tnkm"" on nonlinear benchmark problems, showing that the implemented models achieve competitive prediction accuracy while retaining compact parameterizations and efficient training. The proposed framework facilitates reproducible development and application of tensor-network-based learning methods."
616,Tensor Network Machine Learning for Wildfire Susceptibility Mapping: from Grokking Dynamics to Quantum Mixedness of Clas,2607.19503,,consistent,arxiv,https://arxiv.org/abs/2607.19503,,,https://arxiv.org/pdf/2607.19503,,,,arXiv (Cornell University),1035,1035,"A quantum-inspired tensor network framework for wildfire susceptibility classification in the Gargano region is introduced, leveraging AlphaEarth embeddings and Matrix Product State models. The approach combines scalable geospatial representations with an interpretable quantum mask, enabling both binary and multiclass classification of wildfire susceptibility. Beyond predictive performance, the study reveals a pronounced grokking transition in the binary case and provides a detailed analysis of inter-class confusion in the multiclass setting. By introducing level-resolved mixedness diagnostics based on reduced density matrices, we show that the MPS classifier naturally encodes a hierarchy of class distinguishability, with non-adjacent categories becoming more separable than neighboring ones. These results demonstrate that tensor network models not only achieve competitive classification accuracy but also offer a physically grounded framework to quantify and interpret class separability in complex environmental datasets."
617,Tensor network compression using fluid dynamics as a testbed: Analytical foundations in one dimension,2606.17064,,consistent,arxiv,https://arxiv.org/abs/2606.17064,,,https://arxiv.org/pdf/2606.17064,,,,arXiv (Cornell University),1703,1703,"High performance computers produce extreme-scale data sets that require sampling or compression if they are to be used to their full potential. Existing data compression techniques typically exploit features such as sparsity in the data, homogeneity in the data, or {\it a priori} knowledge of what subsets of data are of most interest. Fluid dynamics data in general do not exhibit these features and so are attractive test beds for generic compression techniques that are objective, robust, and tuneable with respect to information lost due to compression. Presented here is a method based on tensor networks, specifically matrix product states or tensor trains, that meets these requirements. The method is demonstrated for compression in one-dimension and is extensible to higher dimensionality. Lossless compression is demonstrated for random Fourier series for sufficiently high bond dimension of the tensor network, with the memory required to store the tensor network scaling directly proportional to the bond dimension. The lossy compression exhibited at lower bond dimension can be well within the relative error of many fluid simulations. The compression algorithm is tested for the time evolution of Burger's equation with excellent results. We additionally demonstrate the capability to perform computations in the compressed form through a tensor network periodic convolution that can be orders of magnitude faster than using fast Fourier transforms and the convolution theorem. In addition to being an attractive method for working with data sets generated by existing computers, the tensor network methods utilised are directly translatable to the emerging paradigm of quantum computing."
618,Trainability of IQP Quantum Circuit Born Machines Under Gaussian Initialization,2606.10179,,consistent,arxiv,https://arxiv.org/abs/2606.10179,,,https://arxiv.org/pdf/2606.10179,,,,arXiv (Cornell University),1221,1221,"Quantum Circuit Born Machines (QCBMs) offer a natural approach to generative machine learning by leveraging the Born rule. Recent work has provided a method to classically train QCBMs with Instantaneous Quantum Polynomial (IQP) circuits via the Maximum Mean Discrepancy (MMD) loss. Despite the assumed intractability of sampling from IQP circuits classically, their expectation values can be computed classically, enabling training of these IQP QCBMs. However, quantum machine learning (QML) models have various other challenges, including trainability issues caused by exponential concentration or barren plateaus. While these issues have been explored for parameters sampled from a uniform distribution, little work has been done to rigorously treat the use of arbitrary Gaussian initialization schemes. This work leverages Stein's lemma and Lipschitz concentration bounds for Gaussian random variables to provide an analytical lower bound of the variance of the gradient and a probabilistic concentration bound of the deviation of the gradient from its mean. It discusses strategies to either avoid or encourage exponential concentration, as well as the conditions under which barren plateaus are more likely to occur."
619,Transform-Based Multilinear Algebra via Tensor Decomposition,2608.23366,,consistent,arxiv,https://arxiv.org/abs/2608.23366,,,https://arxiv.org/pdf/2608.23366,,,,arXiv (Cornell University),1246,1246,"Transform-based tensor products, including the T-product and its more general form, namely the higher-order tensor-tensor product, have become fundamental tools for multilinear data analysis in applications such as image processing, signal reconstruction, and robotics. While invertible transforms enable tensor computations to be carried out via matrix operations in the transform domain, the resulting storage and computational costs remain prohibitive for high-dimensional, higher-order tensors. To address this challenge, we integrate low-rank tensor decomposition techniques, specifically tensor train decomposition (TTD) and hierarchical Tucker decomposition (HTD), into transform-based multilinear algebra to improve computational and memory efficiency. In particular, we develop TTD- and HTD-based formulations for the T-product and its associated key algebra, such as block diagonalization and tensor singular value decomposition, by operating directly on the factor matrices or tensors of the decompositions. The framework is further generalized to the higher-order tensor-tensor product and applied to multilinear model order reduction problems. We demonstrate the effectiveness and efficiency of our framework with numerical examples."
620,Who can compete with quantum computers? Lecture notes on quantum inspired tensor networks computational techniques,2601.03035,10.21468/SciPostPhysLectNotes.133,consistent,arxiv,https://arxiv.org/abs/2601.03035,https://doi.org/10.21468/SciPostPhysLectNotes.133,scipost.org,https://arxiv.org/pdf/2601.03035,,,SciPost Phys. Lect. Notes 133 (2026),,1477,1477,"This is a set of lectures on tensor networks with a strong emphasis on the core algorithms involving Matrix Product States (MPS) and Matrix Product Operators (MPO). Compared to other presentations, particular care has been given to disentangle aspects of tensor networks from the quantum many-body problem: MPO/MPS algorithms are presented as a way to deal with linear algebra on extremely (exponentially) large matrices and vectors, regardless of any particular application. The lectures include well-known algorithms to find eigenvectors of MPOs (the celebrated DMRG), solve linear problems, and recent learning algorithms that allow one to map a known function into an MPS (the Tensor Cross Interpolation, or TCI, algorithm). The lectures end with a discussion of how to represent functions and perform calculus with tensor networks using the ""quantics"" representation. They include the detailed analytical construction of important MPOs such as those for differentiation, indefinite integration, convolution, and the quantum Fourier transform. Three concrete applications are discussed in detail: the simulation of a quantum computer (either exactly or with compression), the simulation of a quantum annealer, and techniques to solve partial differential equations (e.g. Poisson, diffusion, or Gross-Pitaevskii) within the ""quantics"" representation. The lectures have been designed to be accessible to a first-year PhD student and include detailed proofs of all statements."
621,Tensorizing Engram: Sharing Latents Across N-Gram Embeddings is Beneficial in LLMs,2606.08347,,consistent,arxiv,https://arxiv.org/abs/2606.08347,,,https://arxiv.org/pdf/2606.08347,,,,,960,960,"Modern language models represent text using discrete token-level embeddings, which forces recurring multi-token patterns to be learned implicitly across Transformer layers. Both Over-tokenized Transformers and Engram attempt to address this limitation by explicitly incorporating multi-token (n-gram) memories. However, they rely on separate hash tables for each n-gram order, which introduces hash collisions and prevents nested n-grams from sharing the underlying latent structures. To address these issues, we propose Tensorized Engram (TN-gram), a compact memory module that represents tensorized n-gram embeddings through shared factors in the Canonical Polyadic (CP) form. TN-gram learns shared token-position factors together with order-absorption vectors to encode the embeddings of different n-gram order. Comprehensive experiments demonstrate that TN-gram matches or even outperforms Engram-style n-gram modules while requiring much fewer parameters."
261,MorphTE: Injecting Morphology in Tensorized Embeddings,2210.15379,,consistent,arxiv,https://arxiv.org/abs/2210.15379,,,https://arxiv.org/pdf/2210.15379,,,,,1271,1271,"In the era of deep learning, word embeddings are essential when dealing with text tasks. However, storing and accessing these embeddings requires a large amount of space. This is not conducive to the deployment of these models on resource-limited devices. Combining the powerful compression capability of tensor products, we propose a word embedding compression method with morphological augmentation, Morphologically-enhanced Tensorized Embeddings (MorphTE). A word consists of one or more morphemes, the smallest units that bear meaning or have a grammatical function. MorphTE represents a word embedding as an entangled form of its morpheme vectors via the tensor product, which injects prior semantic and grammatical knowledge into the learning of embeddings. Furthermore, the dimensionality of the morpheme vector and the number of morphemes are much smaller than those of words, which greatly reduces the parameters of the word embeddings. We conduct experiments on tasks such as machine translation and question answering. Experimental results on four translation datasets of different languages show that MorphTE can compress word embedding parameters by about 20 times without performance loss and significantly outperforms related embedding compression methods."
404,CoMERA: Computing- and Memory-Efficient Training via Rank-Adaptive Tensor Optimization,2405.14377,,consistent,arxiv,https://arxiv.org/abs/2405.14377,,,https://arxiv.org/pdf/2405.14377,https://github.com/ziyangjoy/CoMERA,,,,1495,1495,"Training large AI models such as LLMs and DLRMs costs massive GPUs and computing time. The high training cost has become only affordable to big tech companies, meanwhile also causing increasing concerns about the environmental impact. This paper presents CoMERA, a Computing- and Memory-Efficient training method via Rank-Adaptive tensor optimization. CoMERA achieves rank-adaptive tensor-compressed (pre)-training via a multi-objective optimization formulation and improves the training to provide both a high compression ratio and excellent accuracy in the training process. Our optimized numerical computation (e.g., optimized tensorized embedding and tensor-network contractions) and GPU implementation eliminate part of the run-time overhead in the tensorized training on GPU. This leads to, for the first time, $2-3\times$ speedup per training epoch compared with standard training. CoMERA also outperforms the recent GaLore in terms of both memory and computing efficiency. Specifically, CoMERA is $2\times$ faster per training epoch and $9\times$ more memory-efficient than GaLore on a tested six-encoder transformer with single-batch training. Our method also shows $\sim 2\times$ speedup than standard pre-training on a BERT-like code-generation LLM while achieving $4.23\times$ compression ratio in pre-training. With further HPC optimization, CoMERA may reduce the pre-training cost of many other LLMs. An implementation of CoMERA is available at https://github.com/ziyangjoy/CoMERA."
331,Efficient GPT Model Pre-training using Tensor Train Matrix Representation,2306.02697,,consistent,arxiv,https://arxiv.org/abs/2306.02697,,,https://arxiv.org/pdf/2306.02697,,,,,913,913,"Large-scale transformer models have shown remarkable performance in language modelling tasks. However, such models feature billions of parameters, leading to difficulties in their deployment and prohibitive training costs from scratch. To reduce the number of the parameters in the GPT-2 architecture, we replace the matrices of fully-connected layers with the corresponding Tensor Train Matrix~(TTM) structure. Finally, we customize forward and backward operations through the TTM-based layer for simplicity and the stableness of further training. % The resulting GPT-2-based model stores up to 40% fewer parameters, showing the perplexity comparable to the original model. On the downstream tasks, including language understanding and text summarization, the model performs similarly to the original GPT-2 model. The proposed tensorized layers could be used to efficiently pre-training other Transformer models."
514,Quantum-PEFT: Ultra parameter-efficient fine-tuning,2503.05431,,consistent,arxiv,https://arxiv.org/abs/2503.05431,,,https://arxiv.org/pdf/2503.05431,,,,,830,830,"This paper introduces Quantum-PEFT that leverages quantum computations for parameter-efficient fine-tuning (PEFT). Unlike other additive PEFT methods, such as low-rank adaptation (LoRA), Quantum-PEFT exploits an underlying full-rank yet surprisingly parameter efficient quantum unitary parameterization. With the use of Pauli parameterization, the number of trainable parameters grows only logarithmically with the ambient dimension, as opposed to linearly as in LoRA-based PEFT methods. Quantum-PEFT achieves vanishingly smaller number of trainable parameters than the lowest-rank LoRA as dimensions grow, enhancing parameter efficiency while maintaining a competitive performance. We apply Quantum-PEFT to several transfer learning benchmarks in language and vision, demonstrating significant advantages in parameter efficiency."
515,MetaTT: A Global Tensor-Train Adapter for Parameter-Efficient Fine-Tuning,2506.09105,,consistent,arxiv,https://arxiv.org/abs/2506.09105,,,https://arxiv.org/pdf/2506.09105,,,,,1194,1194,"We present MetaTT, a Tensor Train (TT) adapter framework for fine-tuning of pre-trained transformers. MetaTT enables flexible and parameter-efficient model adaptation by using a single shared TT to factorize transformer sub-modules. This factorization indexes key structural dimensions, including layer and matrix type, and can optionally incorporate heads and tasks. This design allows MetaTT's parameter count to scale with the sum, rather than the product, of the modes, resulting in a substantially more compact adapter. Our benchmarks compare MetaTT with LoRA along with recent state-of-the-art matrix and tensor decomposition based fine-tuning methods. We observe that when tested on single-task standard language modeling benchmarks, MetaTT achieves competitive parameter efficiency to accuracy tradeoff. We further demonstrate that MetaTT performs competitively when compared to state-of-the-art methods on multi-task learning. Finally, we leverage the TT decomposition to design a rank adaptive optimizer inspired by the DMRG method from many-body physics. Our results demonstrate that integrating this approach with AdamW enhances optimization performance for a specified target rank."
405,DoTA: Weight-Decomposed Tensor Adaptation for Large Language Models,2412.20891,,consistent,arxiv,https://arxiv.org/abs/2412.20891,,,https://arxiv.org/pdf/2412.20891,,,,,1314,1314,"Low-rank adaptation (LoRA) reduces the computational and memory demands of fine-tuning large language models (LLMs) by approximating updates with low-rank matrices. However, low-rank approximation in two-dimensional space fails to capture high-dimensional structures within the target matrix. Recently, tensor decomposition methods have been explored for fine-tuning LLMs, leveraging their ability to extract structured information. Yet, these approaches primarily rely on random initialization, and the impact of initialization on tensor adaptation remains underexplored. In this paper, we reveal that random initialization significantly diverges from the validation loss achieved by full fine-tuning. To address this, we propose Weight-Decomposed Tensor Adaptation (DoTA), which leverages the Matrix Product Operator (MPO) decomposition of pre-trained weights for effective initialization in fine-tuning LLMs. Additionally, we introduce QDoTA, a quantized version of DoTA designed for 4-bit quantization. Experiments on commonsense and arithmetic reasoning tasks show that DoTA outperforms random initialization methods with fewer parameters. QDoTA further reduces memory consumption and achieves comparable performance to DoTA on commonsense reasoning tasks. We will release our code to support future research."
361,QuanTA: Efficient High-Rank Fine-Tuning of LLMs with Quantum-Informed Tensor Adaptation,2406.00132,10.52202/079017-2928,consistent,arxiv,https://arxiv.org/abs/2406.00132,https://doi.org/10.52202/079017-2928,proceedings.com,https://arxiv.org/pdf/2406.00132,,,,,1075,1075,"We propose Quantum-informed Tensor Adaptation (QuanTA), a novel, easy-to-implement, fine-tuning method with no inference overhead for large-scale pre-trained language models. By leveraging quantum-inspired methods derived from quantum circuit structures, QuanTA enables efficient high-rank fine-tuning, surpassing the limitations of Low-Rank Adaptation (LoRA)--low-rank approximation may fail for complicated downstream tasks. Our approach is theoretically supported by the universality theorem and the rank representation theorem to achieve efficient high-rank adaptations. Experiments demonstrate that QuanTA significantly enhances commonsense reasoning, arithmetic reasoning, and scalability compared to traditional methods. Furthermore, QuanTA shows superior performance with fewer trainable parameters compared to other approaches and can be designed to integrate with existing fine-tuning algorithms for further improvement, providing a scalable and efficient solution for fine-tuning large language models and advancing state-of-the-art in natural language processing."
406,Tensor Train Low-rank Approximation (TT-LoRA): Democratizing AI with Accelerated LLMs,2408.01008,,consistent,arxiv,https://arxiv.org/abs/2408.01008,,,https://arxiv.org/pdf/2408.01008,,,,,1721,1721,"In recent years, Large Language Models (LLMs) have demonstrated remarkable capabilities across a wide range of natural language processing (NLP) tasks, such as question-answering, sentiment analysis, text summarization, and machine translation. However, the ever-growing complexity of LLMs demands immense computational resources, hindering the broader research and application of these models. To address this, various parameter-efficient fine-tuning strategies, such as Low-Rank Approximation (LoRA) and Adapters, have been developed. Despite their potential, these methods often face limitations in compressibility. Specifically, LoRA struggles to scale effectively with the increasing number of trainable parameters in modern large scale LLMs. Additionally, Low-Rank Economic Tensor-Train Adaptation (LoRETTA), which utilizes tensor train decomposition, has not yet achieved the level of compression necessary for fine-tuning very large scale models with limited resources. This paper introduces Tensor Train Low-Rank Approximation (TT-LoRA), a novel parameter-efficient fine-tuning (PEFT) approach that extends LoRETTA with optimized tensor train (TT) decomposition integration. By eliminating Adapters and traditional LoRA-based structures, TT-LoRA achieves greater model compression without compromising downstream task performance, along with reduced inference latency and computational overhead. We conduct an exhaustive parameter search to establish benchmarks that highlight the trade-off between model compression and performance. Our results demonstrate significant compression of LLMs while maintaining comparable performance to larger models, facilitating their deployment on resource-constraint platforms."
407,LoRETTA: Low-Rank Economic Tensor-Train Adaptation for Ultra-Low-Parameter Fine-Tuning of Large Language Models,2402.11417,,consistent,arxiv,https://arxiv.org/abs/2402.11417,,,https://arxiv.org/pdf/2402.11417,,,,,1236,1236,"Various parameter-efficient fine-tuning (PEFT) techniques have been proposed to enable computationally efficient fine-tuning while maintaining model performance. However, existing PEFT methods are still limited by the growing number of trainable parameters with the rapid deployment of Large Language Models (LLMs). To address this challenge, we present LoRETTA, an ultra-parameter-efficient framework that significantly reduces trainable parameters through tensor-train decomposition. Specifically, we propose two methods, named {LoRETTA}$_{adp}$ and {LoRETTA}$_{rep}$. The former employs tensorized adapters, offering a high-performance yet lightweight approach for the fine-tuning of LLMs. The latter emphasizes fine-tuning via weight parameterization with a set of small tensor factors. LoRETTA achieves comparable or better performance than most widely used PEFT methods with up to $100\times$ fewer parameters on the LLaMA-2-7B models. Furthermore, empirical results demonstrate that the proposed method effectively improves training efficiency, enjoys better multi-task learning performance, and enhances the anti-overfitting capability. Plug-and-play codes built upon the Huggingface framework and PEFT library will be released."
408,LoRTA: Low Rank Tensor Adaptation of Large Language Models,2410.04060,,consistent,arxiv,https://arxiv.org/abs/2410.04060,,,https://arxiv.org/pdf/2410.04060,,,,,1165,1165,"Low Rank Adaptation (LoRA) is a popular Parameter Efficient Fine Tuning (PEFT) method that effectively adapts large pre-trained models for downstream tasks. LoRA parameterizes model updates using low-rank matrices at each layer, significantly reducing the number of trainable parameters and, consequently, resource requirements during fine-tuning. However, the lower bound on the number of trainable parameters remains high due to the use of the low-rank matrix model. Recent works have addressed this limitation by proposing low rank tensor parameterizations for model updates. However, they only exploit redundancy across layers, or tensorize individual matrices using ad-hoc schemes that introduce additional hyperparameters. In this work, we propose a higher-order Candecomp/Parafac (CP) decomposition, enabling a more compact and flexible representation compared to existing matrix and tensor based PEFT methods. Our experiments on Natural Language Understanding, Instruction Tuning, Preference Optimization and Protein Folding benchmarks demonstrate that our method can achieve a reduction in the number of parameters while maintaining comparable performance."
409,LoTR: Low Tensor Rank Weight Adaptation,2402.01376,,consistent,arxiv,https://arxiv.org/abs/2402.01376,,,https://arxiv.org/pdf/2402.01376,,,,,937,937,"In this paper we generalize and extend an idea of low-rank adaptation (LoRA) of large language models (LLMs) based on Transformer architecture. Widely used LoRA-like methods of fine-tuning LLMs are based on matrix factorization of gradient update. We introduce LoTR, a novel approach for parameter-efficient fine-tuning of LLMs which represents a gradient update to parameters in a form of tensor decomposition. Low-rank adapter for each layer is constructed as a product of three matrices, and tensor structure arises from sharing left and right multipliers of this product among layers. Simultaneous compression of a sequence of layers with low-rank tensor representation allows LoTR to archive even better parameter efficiency then LoRA especially for deep models. Moreover, the core tensor does not depend on original weight dimension and can be made arbitrary small, which allows for extremely cheap and fast downstream fine-tuning."
262,KronA: Parameter Efficient Tuning with Kronecker Adapter,2212.10650,,consistent,arxiv,https://arxiv.org/abs/2212.10650,,,https://arxiv.org/pdf/2212.10650,,,,,1048,1048,"Fine-tuning a Pre-trained Language Model (PLM) on a specific downstream task has been a well-known paradigm in Natural Language Processing. However, with the ever-growing size of PLMs, training the entire model on several downstream tasks becomes very expensive and resource-hungry. Recently, different Parameter Efficient Tuning (PET) techniques are proposed to improve the efficiency of fine-tuning PLMs. One popular category of PET methods is the low-rank adaptation methods which insert learnable truncated SVD modules into the original model either sequentially or in parallel. However, low-rank decomposition suffers from limited representation power. In this work, we address this problem using the Kronecker product instead of the low-rank representation. We introduce KronA, a Kronecker product-based adapter module for efficient fine-tuning of Transformer-based PLMs. We apply the proposed methods for fine-tuning T5 on the GLUE benchmark to show that incorporating the Kronecker-based modules can outperform state-of-the-art PET methods."
516,TensorLLM: Tensorising Multi-Head Attention for Enhanced Reasoning and Compression in LLMs,2501.15674,,consistent,arxiv,https://arxiv.org/abs/2501.15674,,,https://arxiv.org/pdf/2501.15674,https://github.com/guyuxuan9/TensorLLM,,,,1239,1239,"The reasoning abilities of Large Language Models (LLMs) can be improved by structurally denoising their weights, yet existing techniques primarily focus on denoising the feed-forward network (FFN) of the transformer block, and can not efficiently utilise the Multi-head Attention (MHA) block, which is the core of transformer architectures. To address this issue, we propose a novel intuitive framework that, at its very core, performs MHA compression through a multi-head tensorisation process and the Tucker decomposition. This enables both higher-dimensional structured denoising and compression of the MHA weights, by enforcing a shared higher-dimensional subspace across the weights of the multiple attention heads. We demonstrate that this approach consistently enhances the reasoning capabilities of LLMs across multiple benchmark datasets, and for both encoder-only and decoder-only architectures, while achieving compression rates of up to $\sim 250$ times in the MHA weights, all without requiring any additional data, training, or fine-tuning. Furthermore, we show that the proposed method can be seamlessly combined with existing FFN-only-based denoising techniques to achieve further improvements in LLM reasoning performance."
517,LatentLLM: Attention-Aware Joint Tensor Compression,2505.18413,,consistent,arxiv,https://arxiv.org/abs/2505.18413,,,https://arxiv.org/pdf/2505.18413,,,,,652,652,Modern foundation models such as large language models (LLMs) and large multi-modal models (LMMs) require a massive amount of computational and memory resources. We propose a new framework to convert such LLMs/LMMs into a reduced-dimension latent structure. Our method extends a local activation-aware tensor decomposition to a global attention-aware joint tensor de-composition. Our framework can significantly improve the model accuracy over the existing model compression methods when reducing the latent dimension to realize computationally/memory-efficient LLMs/LLMs. We show the benefit on several benchmark including multi-modal reasoning tasks.
410,TQCompressor: improving tensor decomposition methods in neural networks via permutations,2401.16367,,consistent,arxiv,https://arxiv.org/abs/2401.16367,,,https://arxiv.org/pdf/2401.16367,,,,,1025,1025,"We introduce TQCompressor, a novel method for neural network model compression with improved tensor decompositions. We explore the challenges posed by the computational and storage demands of pre-trained language models in NLP tasks and propose a permutation-based enhancement to Kronecker decomposition. This enhancement makes it possible to reduce loss in model expressivity which is usually associated with factorization. We demonstrate this method applied to the GPT-2$_{small}$. The result of the compression is TQCompressedGPT-2 model, featuring 81 mln. parameters compared to 124 mln. in the GPT-2$_{small}$. We make TQCompressedGPT-2 publicly available. We further enhance the performance of the TQCompressedGPT-2 through a training strategy involving multi-step knowledge distillation, using only a 3.1% of the OpenWebText. TQCompressedGPT-2 surpasses DistilGPT-2 and KnGPT-2 in comparative evaluations, marking an advancement in the efficient and effective deployment of models in resource-constrained environments."
206,Kronecker Decomposition for GPT Compression,2110.08152,,consistent,arxiv,https://arxiv.org/abs/2110.08152,,,https://arxiv.org/pdf/2110.08152,,,,,1449,1449,"GPT is an auto-regressive Transformer-based pre-trained language model which has attracted a lot of attention in the natural language processing (NLP) domain due to its state-of-the-art performance in several downstream tasks. The success of GPT is mostly attributed to its pre-training on huge amount of data and its large number of parameters (from ~100M to billions of parameters). Despite the superior performance of GPT (especially in few-shot or zero-shot setup), this overparameterized nature of GPT can be very prohibitive for deploying this model on devices with limited computational power or memory. This problem can be mitigated using model compression techniques; however, compressing GPT models has not been investigated much in the literature. In this work, we use Kronecker decomposition to compress the linear mappings of the GPT-22 model. Our Kronecker GPT-2 model (KnGPT2) is initialized based on the Kronecker decomposed version of the GPT-2 model and then is undergone a very light pre-training on only a small portion of the training data with intermediate layer knowledge distillation (ILKD). Finally, our KnGPT2 is fine-tuned on down-stream tasks using ILKD as well. We evaluate our model on both language modeling and General Language Understanding Evaluation benchmark tasks and show that with more efficient pre-training and similar number of parameters, our KnGPT2 outperforms the existing DistilGPT2 model significantly."
622,Tucker Attention: A generalization of approximate attention mechanisms,2603.30033,,consistent,arxiv,https://arxiv.org/abs/2603.30033,,,https://arxiv.org/pdf/2603.30033,,,,,1252,1252,"The pursuit of reducing the memory footprint of the self-attention mechanism in multi-headed self attention (MHA) spawned a rich portfolio of methods, e.g., group-query attention (GQA) and multi-head latent attention (MLA). The methods leverage specialized low-rank factorizations across embedding dimensions or attention heads. From the point of view of classical low-rank approximation, these methods are unconventional and raise questions of which objects they really approximate and how to interpret the low-rank behavior of the resulting representations. To answer these questions, this work proposes a generalized view on the weight objects in the self-attention layer and a factorization strategy, which allows us to construct a parameter efficient scheme, called Tucker Attention. Tucker Attention requires an order of magnitude fewer parameters for comparable validation metrics, compared to GQA and MLA, as evaluated in LLM and ViT test cases. Additionally, Tucker Attention~encompasses GQA, MLA, MHA as special cases and is fully compatible with flash-attention and rotary position embeddings (RoPE). This generalization strategy yields insights of the actual ranks achieved by MHA, GQA, and MLA, and further enables simplifications for MLA."
411,Unlocking Data-free Low-bit Quantization with Matrix Decomposition for KV Cache Compression,2405.12591,,consistent,arxiv,https://arxiv.org/abs/2405.12591,,,https://arxiv.org/pdf/2405.12591,,,,,1372,1372,"Key-value~(KV) caching is an important technique to accelerate the inference of large language models~(LLMs), but incurs significant memory overhead. To compress the size of KV cache, existing methods often compromise precision or require extra data for calibration, limiting their practicality in LLM deployment. In this paper, we introduce \textbf{DecoQuant}, a novel data-free low-bit quantization technique based on tensor decomposition methods, to effectively compress KV cache. Our core idea is to adjust the outlier distribution of the original matrix by performing tensor decomposition, so that the quantization difficulties are migrated from the matrix to decomposed local tensors. Specially, we find that outliers mainly concentrate on small local tensors, while large tensors tend to have a narrower value range. Based on this finding, we propose to apply low-bit quantization to the large tensor, while maintaining high-precision representation for the small tensor. Furthermore, we utilize the proposed quantization method to compress the KV cache of LLMs to accelerate the inference and develop an efficient dequantization kernel tailored specifically for DecoQuant. Through extensive experiments, DecoQuant demonstrates remarkable efficiency gains, showcasing up to a $\sim$75\% reduction in memory footprint while maintaining comparable generation quality."
623,PolySAE: Modeling Feature Interactions in Sparse Autoencoders via Polynomial Decoding,2602.01322,,consistent,arxiv,https://arxiv.org/abs/2602.01322,,,https://arxiv.org/pdf/2602.01322,https://github.com/pakoromilas/PolySAE,,,,1569,1569,"Sparse autoencoders (SAEs) interpret neural network representations by decomposing activations into sparse combinations of dictionary atoms. However, SAEs assume features combine additively through linear reconstruction, an assumption that cannot capture compositional structure: linear models cannot distinguish whether ''Starbucks'' arises from the composition of ''star'' and ''coffee'' features or merely their co-occurrence. This forces SAEs to allocate monolithic features for compound concepts rather than decomposing them into interpretable constituents. We introduce PolySAE, which extends the SAE decoder with higher-order terms to model feature interactions while preserving the linear encoder essential for interpretability. Through low-rank tensor factorization on a shared projection subspace, PolySAE captures pairwise and triple feature interactions with small parameter overhead (3% on GPT2). Across four language models and three SAE variants, PolySAE achieves an average improvement of $\sim$8% in probing F1 while maintaining comparable reconstruction error, and produces 2--10$\times$ larger Wasserstein distances between class-conditional feature distributions. Critically, learned interaction weights exhibit negligible correlation with co-occurrence frequency ($r = 0.06$ vs $r = 0.82$ for SAE feature covariance), suggesting that polynomial terms capture compositional structure largely independent of surface statistics. Finally, the learned interaction directions causally steer model outputs toward the corresponding compositional semantics."
412,Bilinear MLPs enable weight-based mechanistic interpretability,2410.08417,,consistent,arxiv,https://arxiv.org/abs/2410.08417,,,https://arxiv.org/pdf/2410.08417,,,,,1255,1255,"A mechanistic understanding of how MLPs do computation in deep neural networks remains elusive. Current interpretability work can extract features from hidden activations over an input dataset but generally cannot explain how MLP weights construct features. One challenge is that element-wise nonlinearities introduce higher-order interactions and make it difficult to trace computations through the MLP layer. In this paper, we analyze bilinear MLPs, a type of Gated Linear Unit (GLU) without any element-wise nonlinearity that nevertheless achieves competitive performance. Bilinear MLPs can be fully expressed in terms of linear operations using a third-order tensor, allowing flexible analysis of the weights. Analyzing the spectra of bilinear MLP weights using eigendecomposition reveals interpretable low-rank structure across toy tasks, image classification, and language modeling. We use this understanding to craft adversarial examples, uncover overfitting, and identify small language model circuits directly from the weights alone. Our results demonstrate that bilinear layers serve as an interpretable drop-in replacement for current activation functions and that weight-based interpretability is viable for understanding deep-learning models."
413,An introduction to graphical tensor notation for mechanistic interpretability,2402.01790,,consistent,arxiv,https://arxiv.org/abs/2402.01790,,,https://arxiv.org/pdf/2402.01790,,,,,1144,1144,"Graphical tensor notation is a simple way of denoting linear operations on tensors, originating from physics. Modern deep learning consists almost entirely of operations on or between tensors, so easily understanding tensor operations is quite important for understanding these systems. This is especially true when attempting to reverse-engineer the algorithms learned by a neural network in order to understand its behavior: a field known as mechanistic interpretability. It's often easy to get confused about which operations are happening between tensors and lose sight of the overall structure, but graphical tensor notation makes it easier to parse things at a glance and see interesting equivalences. The first half of this document introduces the notation and applies it to some decompositions (SVD, CP, Tucker, and tensor network decompositions), while the second half applies it to some existing some foundational approaches for mechanistically understanding language models, loosely following ``A Mathematical Framework for Transformer Circuits'', then constructing an example ``induction head'' circuit in graphical tensor notation."
518,Ultra Memory-Efficient On-FPGA Training of Transformers via Tensor-Compressed Optimization,2501.06663,,consistent,arxiv,https://arxiv.org/abs/2501.06663,,,https://arxiv.org/pdf/2501.06663,,,,,1790,1790,"Transformer models have achieved state-of-the-art performance across a wide range of machine learning tasks. There is growing interest in training transformers on resource-constrained edge devices due to considerations such as privacy, domain adaptation, and on-device scientific machine learning. However, the significant computational and memory demands required for transformer training often exceed the capabilities of an edge device. Leveraging low-rank tensor compression, this paper presents the first on-FPGA accelerator for end-to-end transformer training. On the algorithm side, we present a bi-directional contraction flow for tensorized transformer training, significantly reducing the computational FLOPS and intra-layer memory costs compared to existing tensor operations. On the hardware side, we store all highly compressed model parameters and gradient information on chip, creating an on-chip-memory-only framework for each stage in training. This reduces off-chip communication and minimizes latency and energy costs. Additionally, we implement custom computing kernels for each training stage and employ intra-layer parallelism and pipe-lining to further enhance run-time and memory efficiency. Through experiments on transformer models within $36.7$ to $93.5$ MB using FP-32 data formats on the ATIS dataset, our tensorized FPGA accelerator could conduct single-batch end-to-end training on the AMD Alevo U50 FPGA, with a memory budget of less than $6$-MB BRAM and $22.5$-MB URAM. Compared to uncompressed training on the NVIDIA RTX 3090 GPU, our on-FPGA training achieves a memory reduction of $30\times$ to $51\times$. Our FPGA accelerator also achieves up to $3.6\times$ less energy cost per epoch compared with tensor Transformer training on an NVIDIA RTX 3090 GPU."
624,Self-Supervised Weight Templates for Scalable Vision Model Initialization,2601.19694,,consistent,arxiv,https://arxiv.org/abs/2601.19694,,,https://arxiv.org/pdf/2601.19694,,,,,1324,1324,"The increasing scale and complexity of modern model parameters underscore the importance of pre-trained models. However, deployment often demands architectures of varying sizes, exposing limitations of conventional pre-training and fine-tuning. To address this, we propose SWEET, a self-supervised framework that performs constraint-based pre-training to enable scalable initialization in vision tasks. Instead of pre-training a fixed-size model, we learn a shared weight template and size-specific weight scalers under Tucker-based factorization, which promotes modularity and supports flexible adaptation to architectures with varying depths and widths. Target models are subsequently initialized by composing and reweighting the template through lightweight weight scalers, whose parameters can be efficiently learned from minimal training data. To further enhance flexibility in width expansion, we introduce width-wise stochastic scaling, which regularizes the template along width-related dimensions and encourages robust, width-invariant representations for improved cross-width generalization. Extensive experiments on \textsc{classification}, \textsc{detection}, \textsc{segmentation} and \textsc{generation} tasks demonstrate the state-of-the-art performance of SWEET for initializing variable-sized vision models."
414,What is the Relationship between Tensor Factorizations and Circuits (and How Can We Exploit it)?,2409.07953,,consistent,arxiv,https://arxiv.org/abs/2409.07953,,,https://arxiv.org/pdf/2409.07953,,,"Transactions on Machine Learning Research, 2025",,1101,1101,"This paper establishes a rigorous connection between circuit representations and tensor factorizations, two seemingly distinct yet fundamentally related areas. By connecting these fields, we highlight a series of opportunities that can benefit both communities. Our work generalizes popular tensor factorizations within the circuit language, and unifies various circuit learning algorithms under a single, generalized hierarchical factorization framework. Specifically, we introduce a modular ""Lego block"" approach to build tensorized circuit architectures. This, in turn, allows us to systematically construct and explore various circuit and tensor factorization models while maintaining tractability. This connection not only clarifies similarities and differences in existing models, but also enables the development of a comprehensive pipeline for building and optimizing new circuit/tensor factorization architectures. We show the effectiveness of our framework through extensive empirical evaluations, and highlight new research opportunities for tensor factorizations in probabilistic modeling."
625,TN-SHAP-G: Graph-Structured Tensor Network Surrogates for Shapley Values and Interactions,2606.01540,,consistent,arxiv,https://arxiv.org/abs/2606.01540,,,https://arxiv.org/pdf/2606.01540,,,,,1050,1050,"Shapley values are a widely used tool for attributing importance and interactions among input variables in black-box models, but their computation involves a function defined over an exponentially large space of subsets. We propose TN-SHAP-G, a framework that exploits structure in graph-structured inputs to compute Shapley values and higher-order interaction indices efficiently. Given a predictor and a fixed masking scheme, TN-SHAP-G learns a compact, graph-aligned multilinear surrogate that approximates the masked-input behavior, represented as a tensor network whose topology mirrors the input graph. Once trained from a small number of oracle queries, the surrogate enables deterministic recovery of first- and higher-order Shapley indices via the multilinear extension, without additional model queries or Monte Carlo variance. Experiments on molecular benchmarks show that the learned factorization closely matches exact Shapley values on small graphs and scales efficiently to larger graphs where sampling-based methods become infeasible."
415,Interpretable Tensor Fusion,2405.04671,,consistent,arxiv,https://arxiv.org/abs/2405.04671,,,https://arxiv.org/pdf/2405.04671,,,,,1034,1034,"Conventional machine learning methods are predominantly designed to predict outcomes based on a single data type. However, practical applications may encompass data of diverse types, such as text, images, and audio. We introduce interpretable tensor fusion (InTense), a multimodal learning method for training neural networks to simultaneously learn multimodal data representations and their interpretable fusion. InTense can separately capture both linear combinations and multiplicative interactions of diverse data types, thereby disentangling higher-order interactions from the individual effects of each modality. InTense provides interpretability out of the box by assigning relevance scores to modalities and their associations. The approach is theoretically grounded and yields meaningful relevance scores on multiple synthetic and real-world datasets. Experiments on six real-world datasets show that InTense outperforms existing state-of-the-art multimodal interpretable approaches in terms of accuracy and interpretability."
113,Compact Trilinear Interaction for Visual Question Answering,1909.11874,,consistent,arxiv,https://arxiv.org/abs/1909.11874,,,https://arxiv.org/pdf/1909.11874,,,,,981,981,"In Visual Question Answering (VQA), answers have a great correlation with question meaning and visual contents. Thus, to selectively utilize image, question and answer information, we propose a novel trilinear interaction model which simultaneously learns high level associations between these three inputs. In addition, to overcome the interaction complexity, we introduce a multimodal tensor-based PARALIND decomposition which efficiently parameterizes trilinear interaction between the three inputs. Moreover, knowledge distillation is first time applied in Free-form Opened-ended VQA. It is not only for reducing the computational cost and required memory but also for transferring knowledge from trilinear interaction model to bilinear interaction model. The extensive experiments on benchmarking datasets TDIUC, VQA-2.0, and Visual7W show that the proposed compact trilinear interaction model achieves state-of-the-art results when using a single model on all three datasets."
83,Efficient Low-rank Multimodal Fusion with Modality-Specific Factors,1806.00064,,consistent,arxiv,https://arxiv.org/abs/1806.00064,,,https://arxiv.org/pdf/1806.00064,,,,,1165,1165,"Multimodal research is an emerging field of artificial intelligence, and one of the main research problems in this field is multimodal fusion. The fusion of multimodal data is the process of integrating multiple unimodal representations into one compact multimodal representation. Previous research in this field has exploited the expressiveness of tensors for multimodal representation. However, these methods often suffer from exponential increase in dimensions and in computational complexity introduced by transformation of input into tensor. In this paper, we propose the Low-rank Multimodal Fusion method, which performs multimodal fusion using low-rank tensors to improve efficiency. We evaluate our model on three different tasks: multimodal sentiment analysis, speaker trait analysis, and emotion recognition. Our model achieves competitive results on all these tasks while drastically reducing computational complexity. Additional experiments also show that our model can perform robustly for a wide range of low-rank settings, and is indeed much more efficient in both training and inference compared to other methods that utilize tensor representations."
55,MUTAN: Multimodal Tucker Fusion for Visual Question Answering,1705.06676,,consistent,arxiv,https://arxiv.org/abs/1705.06676,,,https://arxiv.org/pdf/1705.06676,,,,,791,791,"Bilinear models provide an appealing framework for mixing and merging information in Visual Question Answering (VQA) tasks. They help to learn high level associations between question meaning and visual concepts in the image, but they suffer from huge dimensionality issues. We introduce MUTAN, a multimodal tensor-based Tucker decomposition to efficiently parametrize bilinear interactions between visual and textual representations. Additionally to the Tucker framework, we design a low-rank matrix-based decomposition to explicitly constrain the interaction rank. With MUTAN, we control the complexity of the merging scheme while keeping nice interpretable fusion relations. We show how our MUTAN model generalizes some of the latest VQA architectures, providing state-of-the-art results."
56,Tensor Fusion Network for Multimodal Sentiment Analysis,1707.07250,,consistent,arxiv,https://arxiv.org/abs/1707.07250,,,https://arxiv.org/pdf/1707.07250,,,,,711,711,"Multimodal sentiment analysis is an increasingly popular research area, which extends the conventional language-based definition of sentiment analysis to a multimodal setup where other relevant modalities accompany language. In this paper, we pose the problem of multimodal sentiment analysis as modeling intra-modality and inter-modality dynamics. We introduce a novel model, termed Tensor Fusion Network, which learns both such dynamics end-to-end. The proposed approach is tailored for the volatile nature of spoken language in online videos as well as accompanying gestures and voice. In the experiments, our model outperforms state-of-the-art approaches for both multimodal and unimodal sentiment analysis."
37,Multimodal Compact Bilinear Pooling for Visual Question Answering and Visual Grounding,1606.01847,,consistent,arxiv,https://arxiv.org/abs/1606.01847,,,https://arxiv.org/pdf/1606.01847,,,,,1188,1188,"Modeling textual or visual information with vector representations trained from large language or visual datasets has been successfully explored in recent years. However, tasks such as visual question answering require combining these vector representations with each other. Approaches to multimodal pooling include element-wise product or sum, as well as concatenation of the visual and textual representations. We hypothesize that these methods are not as expressive as an outer product of the visual and textual vectors. As the outer product is typically infeasible due to its high dimensionality, we instead propose utilizing Multimodal Compact Bilinear pooling (MCB) to efficiently and expressively combine multimodal features. We extensively evaluate MCB on the visual question answering and grounding tasks. We consistently show the benefit of MCB over ablations without MCB. For visual question answering, we present an architecture which uses MCB twice, once for predicting attention over spatial features and again to combine the attended representation with the question representation. This model outperforms the state-of-the-art on the Visual7W dataset and the VQA challenge."
91,TTHRESH: Tensor Compression for Multidimensional Visual Data,1806.05952,10.1109/tvcg.2019.2904063,consistent,arxiv,https://arxiv.org/abs/1806.05952,https://doi.org/10.1109/tvcg.2019.2904063,ieeexplore.ieee.org,https://arxiv.org/pdf/1806.05952,,,IEEE Transactions on Visualization and Computer Graphics,,1052,1052,"Memory and network bandwidth are decisive bottlenecks when handling high-resolution multidimensional data sets in visualization applications, and they increasingly demand suitable data compression strategies. We introduce a novel lossy compression algorithm for multidimensional data over regular grids. It leverages the higher-order singular value decomposition (HOSVD), a generalization of the SVD to three dimensions and higher, together with bit-plane, run-length and arithmetic coding to compress the HOSVD transform coefficients. Our scheme degrades the data particularly smoothly and achieves lower mean squared error than other state-of-the-art algorithms at low-to-medium bit rates, as it is required in data archiving and management for visualization purposes. Further advantages of the proposed algorithm include very fine bit rate selection granularity and the ability to manipulate data at very small cost in the compression domain, for example to reconstruct filtered and/or subsampled versions of all (or selected parts) of the data set."
38,Deep Multi-task Representation Learning: A Tensor Factorisation Approach,1605.06391,,consistent,arxiv,https://arxiv.org/abs/1605.06391,,,https://arxiv.org/pdf/1605.06391,,,,,851,851,"Most contemporary multi-task learning methods assume linear models. This setting is considered shallow in the era of deep learning. In this paper, we present a new deep multi-task representation learning framework that learns cross-task sharing structure at every layer in a deep network. Our approach is based on generalising the matrix factorisation techniques explicitly or implicitly used by many conventional MTL algorithms to tensor factorisation, to realise automatic learning of end-to-end knowledge sharing in deep networks. This is in contrast to existing deep learning approaches that need a user-defined multi-task sharing strategy. Our approach applies to both homogeneous and heterogeneous MTL. Experiments demonstrate the efficacy of our deep multi-task representation learning in terms of both higher accuracy and fewer design choices."
332,ANTN: Bridging Autoregressive Neural Networks and Tensor Networks for Quantum Many-Body Simulation,2304.01996,,consistent,arxiv,https://arxiv.org/abs/2304.01996,,,https://arxiv.org/pdf/2304.01996,,,,,1385,1385,"Quantum many-body physics simulation has important impacts on understanding fundamental science and has applications to quantum materials design and quantum technology. However, due to the exponentially growing size of the Hilbert space with respect to the particle number, a direct simulation is intractable. While representing quantum states with tensor networks and neural networks are the two state-of-the-art methods for approximate simulations, each has its own limitations in terms of expressivity and inductive bias. To address these challenges, we develop a novel architecture, Autoregressive Neural TensorNet (ANTN), which bridges tensor networks and autoregressive neural networks. We show that Autoregressive Neural TensorNet parameterizes normalized wavefunctions, allows for exact sampling, generalizes the expressivity of tensor networks and autoregressive neural networks, and inherits a variety of symmetries from autoregressive neural networks. We demonstrate our approach on quantum state learning as well as finding the ground state of the challenging 2D $J_1$-$J_2$ Heisenberg model with different systems sizes and coupling parameters, outperforming both tensor networks and autoregressive neural networks. Our work opens up new opportunities for quantum many-body physics simulation, quantum technology design, and generative modeling in artificial intelligence."
263,A Unified Weight Initialization Paradigm for Tensorial Convolutional Neural Networks,2205.15307,,consistent,arxiv,https://arxiv.org/abs/2205.15307,,,https://arxiv.org/pdf/2205.15307,,,,,1287,1287,"Tensorial Convolutional Neural Networks (TCNNs) have attracted much research attention for their power in reducing model parameters or enhancing the generalization ability. However, exploration of TCNNs is hindered even from weight initialization methods. To be specific, general initialization methods, such as Xavier or Kaiming initialization, usually fail to generate appropriate weights for TCNNs. Meanwhile, although there are ad-hoc approaches for specific architectures (e.g., Tensor Ring Nets), they are not applicable to TCNNs with other tensor decomposition methods (e.g., CP or Tucker decomposition). To address this problem, we propose a universal weight initialization paradigm, which generalizes Xavier and Kaiming methods and can be widely applicable to arbitrary TCNNs. Specifically, we first present the Reproducing Transformation to convert the backward process in TCNNs to an equivalent convolution process. Then, based on the convolution operators in the forward and backward processes, we build a unified paradigm to control the variance of features and gradients in TCNNs. Thus, we can derive fan-in and fan-out initialization for various TCNNs. We demonstrate that our paradigm can stabilize the training of TCNNs, leading to faster convergence and better results."
114,Factorized Higher-Order CNNs with an Application to Spatio-Temporal Emotion Estimation,1906.06196,,consistent,arxiv,https://arxiv.org/abs/1906.06196,,,https://arxiv.org/pdf/1906.06196,,,,,1675,1675,"Training deep neural networks with spatio-temporal (i.e., 3D) or multidimensional convolutions of higher-order is computationally challenging due to millions of unknown parameters across dozens of layers. To alleviate this, one approach is to apply low-rank tensor decompositions to convolution kernels in order to compress the network and reduce its number of parameters. Alternatively, new convolutional blocks, such as MobileNet, can be directly designed for efficiency. In this paper, we unify these two approaches by proposing a tensor factorization framework for efficient multidimensional (separable) convolutions of higher-order. Interestingly, the proposed framework enables a novel higher-order transduction, allowing to train a network on a given domain (e.g., 2D images or N-dimensional data in general) and using transduction to generalize to higher-order data such as videos (or (N+K)-dimensional data in general), capturing for instance temporal dynamics while preserving the learnt spatial information. We apply the proposed methodology, coined CP-Higher-Order Convolution (HO-CPConv), to spatio-temporal facial emotion analysis. Most existing facial affect models focus on static imagery and discard all temporal information. This is due to the above-mentioned burden of training 3D convolutional nets and the lack of large bodies of video data annotated by experts. We address both issues with our proposed framework. Initial training is first done on static imagery before using transduction to generalize to the temporal domain. We demonstrate superior performance on three challenging large scale affect estimation datasets, AffectNet, SEWA, and AFEW-VA."
416,A Tensor Decomposition Perspective on Second-order RNNs,2406.05045,,consistent,arxiv,https://arxiv.org/abs/2406.05045,,,https://arxiv.org/pdf/2406.05045,,,,,1108,1108,"Second-order Recurrent Neural Networks (2RNNs) extend RNNs by leveraging second-order interactions for sequence modelling. These models are provably more expressive than their first-order counterparts and have connections to well-studied models from formal language theory. However, their large parameter tensor makes computations intractable. To circumvent this issue, one approach known as MIRNN consists in limiting the type of interactions used by the model. Another is to leverage tensor decomposition to diminish the parameter count. In this work, we study the model resulting from parameterizing 2RNNs using the CP decomposition, which we call CPRNN. Intuitively, the rank of the decomposition should reduce expressivity. We analyze how rank and hidden size affect model capacity and show the relationships between RNNs, 2RNNs, MIRNNs, and CPRNNs based on these parameters. We support these results empirically with experiments on the Penn Treebank dataset which demonstrate that, with a fixed parameter budget, CPRNNs outperforms RNNs, 2RNNs, and MIRNNs with the right choice of rank and hidden size."
207,Towards Extremely Compact RNNs for Video Recognition with Fully Decomposed Hierarchical Tucker Structure,2104.05758,,consistent,arxiv,https://arxiv.org/abs/2104.05758,,,https://arxiv.org/pdf/2104.05758,,,,,1632,1632,"Recurrent Neural Networks (RNNs) have been widely used in sequence analysis and modeling. However, when processing high-dimensional data, RNNs typically require very large model sizes, thereby bringing a series of deployment challenges. Although various prior works have been proposed to reduce the RNN model sizes, executing RNN models in resource-restricted environments is still a very challenging problem. In this paper, we propose to develop extremely compact RNN models with fully decomposed hierarchical Tucker (FDHT) structure. The HT decomposition does not only provide much higher storage cost reduction than the other tensor decomposition approaches but also brings better accuracy performance improvement for the compact RNN models. Meanwhile, unlike the existing tensor decomposition-based methods that can only decompose the input-to-hidden layer of RNNs, our proposed fully decomposition approach enables the comprehensive compression for the entire RNN models with maintaining very high accuracy. Our experimental results on several popular video recognition datasets show that our proposed fully decomposed hierarchical tucker-based LSTM (FDHT-LSTM) is extremely compact and highly efficient. To the best of our knowledge, FDHT-LSTM, for the first time, consistently achieves very high accuracy with only few thousand parameters (3,132 to 8,808) on different datasets. Compared with the state-of-the-art compressed RNN models, such as TT-LSTM, TR-LSTM and BT-LSTM, our FDHT-LSTM simultaneously enjoys both order-of-magnitude (3,985x to 10,711x) fewer parameters and significant accuracy improvement (0.6% to 12.7%)."
57,Kronecker Recurrent Units,1705.10142,,consistent,arxiv,https://arxiv.org/abs/1705.10142,,,https://arxiv.org/pdf/1705.10142,,,,,1142,1142,"Our work addresses two important issues with recurrent neural networks: (1) they are over-parameterized, and (2) the recurrence matrix is ill-conditioned. The former increases the sample complexity of learning and the training time. The latter causes the vanishing and exploding gradient problem. We present a flexible recurrent neural network model called Kronecker Recurrent Units (KRU). KRU achieves parameter efficiency in RNNs through a Kronecker factored recurrent matrix. It overcomes the ill-conditioning of the recurrent matrix by enforcing soft unitary constraints on the factors. Thanks to the small dimensionality of the factors, maintaining these constraints is computationally efficient. Our experimental results on seven standard data-sets reveal that KRU can reduce the number of parameters by three orders of magnitude in the recurrent weight matrix compared to the existing recurrent models, without trading the statistical performance. These results in particular show that while there are advantages in having a high dimensional recurrent space, the capacity of the recurrent part of the model can be dramatically reduced."
333,Reusing Pretrained Models by Multi-linear Operators for Efficient Training,2310.10699,,consistent,arxiv,https://arxiv.org/abs/2310.10699,,,https://arxiv.org/pdf/2310.10699,,,,,1187,1187,"Training large models from scratch usually costs a substantial amount of resources. Towards this problem, recent studies such as bert2BERT and LiGO have reused small pretrained models to initialize a large model (termed the ``target model''), leading to a considerable acceleration in training. Despite the successes of these previous studies, they grew pretrained models by mapping partial weights only, ignoring potential correlations across the entire model. As we show in this paper, there are inter- and intra-interactions among the weights of both the pretrained and the target models. As a result, the partial mapping may not capture the complete information and lead to inadequate growth. In this paper, we propose a method that linearly correlates each weight of the target model to all the weights of the pretrained model to further enhance acceleration ability. We utilize multi-linear operators to reduce computational and spacial complexity, enabling acceptable resource requirements. Experiments demonstrate that our method can save 76\% computational costs on DeiT-base transferred from DeiT-small, which outperforms bert2BERT by +12.0\% and LiGO by +20.7\%, respectively."
264,Exploring Extreme Parameter Compression for Pre-trained Language Models,2205.10036,,consistent,arxiv,https://arxiv.org/abs/2205.10036,,,https://arxiv.org/pdf/2205.10036,https://github.com/twinkle0331/Xcompression,,,,1205,1205,"Recent work explored the potential of large-scale Transformer-based pre-trained models, especially Pre-trained Language Models (PLMs) in natural language processing. This raises many concerns from various perspectives, e.g., financial costs and carbon emissions. Compressing PLMs like BERT with negligible performance loss for faster inference and cheaper deployment has attracted much attention. In this work, we aim to explore larger compression ratios for PLMs, among which tensor decomposition is a potential but under-investigated one. Two decomposition and reconstruction protocols are further proposed to improve the effectiveness and efficiency during compression. Our compressed BERT with ${1}/{7}$ parameters in Transformer layers performs on-par with, sometimes slightly better than the original BERT in GLUE benchmark. A tiny version achieves $96.7\%$ performance of BERT-base with $ {1}/{48} $ encoder parameters (i.e., less than 2M parameters excluding the embedding layer) and $2.7 \times$ faster on inference. To show that the proposed method is orthogonal to existing compression methods like knowledge distillation, we also explore the benefit of the proposed method on a distilled BERT."
265,High-Order Pooling for Graph Neural Networks with Tensor Decomposition,2205.11691,,consistent,arxiv,https://arxiv.org/abs/2205.11691,,,https://arxiv.org/pdf/2205.11691,,,,,1121,1121,"Graph Neural Networks (GNNs) are attracting growing attention due to their effectiveness and flexibility in modeling a variety of graph-structured data. Exiting GNN architectures usually adopt simple pooling operations (eg. sum, average, max) when aggregating messages from a local neighborhood for updating node representation or pooling node representations from the entire graph to compute the graph representation. Though simple and effective, these linear operations do not model high-order non-linear interactions among nodes. We propose the Tensorized Graph Neural Network (tGNN), a highly expressive GNN architecture relying on tensor decomposition to model high-order non-linear node interactions. tGNN leverages the symmetric CP decomposition to efficiently parameterize permutation-invariant multilinear maps for modeling node interactions. Theoretical and empirical analysis on both node and graph classification tasks show the superiority of tGNN over competitive baselines. In particular, tGNN achieves the most solid results on two OGB node classification datasets and one OGB graph classification dataset."
266,Nimble GNN Embedding with Tensor-Train Decomposition,2206.10581,,consistent,arxiv,https://arxiv.org/abs/2206.10581,,,https://arxiv.org/pdf/2206.10581,,,,,1021,1021,"This paper describes a new method for representing embedding tables of graph neural networks (GNNs) more compactly via tensor-train (TT) decomposition. We consider the scenario where (a) the graph data that lack node features, thereby requiring the learning of embeddings during training; and (b) we wish to exploit GPU platforms, where smaller tables are needed to reduce host-to-GPU communication even for large-memory GPUs. The use of TT enables a compact parameterization of the embedding, rendering it small enough to fit entirely on modern GPUs even for massive graphs. When combined with judicious schemes for initialization and hierarchical graph partitioning, this approach can reduce the size of node embedding vectors by 1,659 times to 81,362 times on large publicly available benchmark datasets, achieving comparable or better accuracy and significant speedups on multi-GPU systems. In some cases, our model without explicit node features on input can even match the accuracy of models that use node features."
39,Convolutional Rectifier Networks as Generalized Tensor Decompositions,1603.00162,,consistent,arxiv,https://arxiv.org/abs/1603.00162,,,https://arxiv.org/pdf/1603.00162,,,"Proceedings of The 33rd International Conference on Machine Learning, pp. 955-963, 2016",,1613,1613,"Convolutional rectifier networks, i.e. convolutional neural networks with rectified linear activation and max or average pooling, are the cornerstone of modern deep learning. However, despite their wide use and success, our theoretical understanding of the expressive properties that drive these networks is partial at best. On the other hand, we have a much firmer grasp of these issues in the world of arithmetic circuits. Specifically, it is known that convolutional arithmetic circuits possess the property of ""complete depth efficiency"", meaning that besides a negligible set, all functions that can be implemented by a deep network of polynomial size, require exponential size in order to be implemented (or even approximated) by a shallow network. In this paper we describe a construction based on generalized tensor decompositions, that transforms convolutional arithmetic circuits into convolutional rectifier networks. We then use mathematical tools available from the world of arithmetic circuits to prove new results. First, we show that convolutional rectifier networks are universal with max pooling but not with average pooling. Second, and more importantly, we show that depth efficiency is weaker with convolutional rectifier networks than it is with convolutional arithmetic circuits. This leads us to believe that developing effective methods for training convolutional arithmetic circuits, thereby fulfilling their expressive potential, may give rise to a deep learning architecture that is provably superior to convolutional rectifier networks but has so far been overlooked by practitioners."
31,On the Expressive Power of Deep Learning: A Tensor Analysis,1509.05009,,consistent,arxiv,https://arxiv.org/abs/1509.05009,,,https://arxiv.org/pdf/1509.05009,,,"29th Annual Conference on Learning Theory, pp. 698-728, 2016",,1439,1439,"It has long been conjectured that hypotheses spaces suitable for data that is compositional in nature, such as text or images, may be more efficiently represented with deep hierarchical networks than with shallow ones. Despite the vast empirical evidence supporting this belief, theoretical justifications to date are limited. In particular, they do not account for the locality, sharing and pooling constructs of convolutional networks, the most successful deep learning architecture to date. In this work we derive a deep network architecture based on arithmetic circuits that inherently employs locality, sharing and pooling. An equivalence between the networks and hierarchical tensor factorizations is established. We show that a shallow network corresponds to CP (rank-1) decomposition, whereas a deep network corresponds to Hierarchical Tucker decomposition. Using tools from measure theory and matrix algebra, we prove that besides a negligible set, all functions that can be implemented by a deep network of polynomial size, require exponential size in order to be realized (or even approximated) by a shallow network. Since log-space computation transforms our networks into SimNets, the result applies directly to a deep learning architecture demonstrating promising empirical performance. The construction and theory developed in this paper shed new light on various practices and ideas employed by the deep learning community."
156,Tensor Methods in Computer Vision and Deep Learning,2107.03436,10.1109/jproc.2021.3074329,consistent,arxiv,https://arxiv.org/abs/2107.03436,https://doi.org/10.1109/jproc.2021.3074329,ieeexplore.ieee.org,https://arxiv.org/pdf/2107.03436,,,Proceedings of the IEEE,,1570,1570,"Tensors, or multidimensional arrays, are data structures that can naturally represent visual data of multiple dimensions. Inherently able to efficiently capture structured, latent semantic spaces and high-order interactions, tensors have a long history of applications in a wide span of computer vision problems. With the advent of the deep learning paradigm shift in computer vision, tensors have become even more fundamental. Indeed, essential ingredients in modern deep learning architectures, such as convolutions and attention mechanisms, can readily be considered as tensor mappings. In effect, tensor methods are increasingly finding significant applications in deep learning, including the design of memory and compute efficient network architectures, improving robustness to random noise and adversarial attacks, and aiding the theoretical understanding of deep networks. This article provides an in-depth and practical review of tensors and tensor methods in the context of representation learning and deep learning, with a particular focus on visual data analysis and computer vision applications. Concretely, besides fundamental work in tensor-based visual data analysis methods, we focus on recent developments that have brought on a gradual increase in tensor methods, especially in deep learning architectures and their implications in computer vision applications. To further enable the newcomer to grasp such concepts quickly, we provide companion Python notebooks, covering key aspects of this article and implementing them, step-by-step with TensorLy."
267,Permutation Search of Tensor Network Structures via Local Sampling,2206.06597,,consistent,arxiv,https://arxiv.org/abs/2206.06597,,,https://arxiv.org/pdf/2206.06597,,,,,1238,1238,"Recent works put much effort into tensor network structure search (TN-SS), aiming to select suitable tensor network (TN) structures, involving the TN-ranks, formats, and so on, for the decomposition or learning tasks. In this paper, we consider a practical variant of TN-SS, dubbed TN permutation search (TN-PS), in which we search for good mappings from tensor modes onto TN vertices (core tensors) for compact TN representations. We conduct a theoretical investigation of TN-PS and propose a practically-efficient algorithm to resolve the problem. Theoretically, we prove the counting and metric properties of search spaces of TN-PS, analyzing for the first time the impact of TN structures on these unique properties. Numerically, we propose a novel meta-heuristic algorithm, in which the searching is done by randomly sampling in a neighborhood established in our theory, and then recurrently updating the neighborhood until convergence. Numerical results demonstrate that the new algorithm can reduce the required model size of TNs in extensive benchmarks, implying the improvement in the expressive power of TNs. Furthermore, the computational cost for the new algorithm is significantly less than that in~\cite{li2020evolutionary}."
268,Position: Tensor Networks are a Valuable Asset for Green AI,2205.12961,,consistent,arxiv,https://arxiv.org/abs/2205.12961,,,https://arxiv.org/pdf/2205.12961,,,,,1229,1229,"For the first time, this position paper introduces a fundamental link between tensor networks (TNs) and Green AI, highlighting their synergistic potential to enhance both the inclusivity and sustainability of AI research. We argue that TNs are valuable for Green AI due to their strong mathematical backbone and inherent logarithmic compression potential. We undertake a comprehensive review of the ongoing discussions on Green AI, emphasizing the importance of sustainability and inclusivity in AI research to demonstrate the significance of establishing the link between Green AI and TNs. To support our position, we first provide a comprehensive overview of efficiency metrics proposed in Green AI literature and then evaluate examples of TNs in the fields of kernel machines and deep learning using the proposed efficiency metrics. This position paper aims to incentivize meaningful, constructive discussions by bridging fundamental principles of Green AI and TNs. We advocate for researchers to seriously evaluate the integration of TNs into their research projects, and in alignment with the link established in this paper, we support prior calls encouraging researchers to treat Green AI principles as a research priority."
269,Optimizing Tensor Network Contraction Using Reinforcement Learning,2204.09052,,consistent,arxiv,https://arxiv.org/abs/2204.09052,,,https://arxiv.org/pdf/2204.09052,,,,,1028,1028,"Quantum Computing (QC) stands to revolutionize computing, but is currently still limited. To develop and test quantum algorithms today, quantum circuits are often simulated on classical computers. Simulating a complex quantum circuit requires computing the contraction of a large network of tensors. The order (path) of contraction can have a drastic effect on the computing cost, but finding an efficient order is a challenging combinatorial optimization problem. We propose a Reinforcement Learning (RL) approach combined with Graph Neural Networks (GNN) to address the contraction ordering problem. The problem is extremely challenging due to the huge search space, the heavy-tailed reward distribution, and the challenging credit assignment. We show how a carefully implemented RL-agent that uses a GNN as the basic policy construct can address these challenges and obtain significant improvements over state-of-the-art techniques in three varieties of circuits, including the largest scale networks used in contemporary QC."
519,Tensorization of neural networks for improved privacy and interpretability,2501.06300,10.21468/SciPostPhysCore.8.4.095,consistent,arxiv,https://arxiv.org/abs/2501.06300,https://doi.org/10.21468/SciPostPhysCore.8.4.095,scipost.org,https://arxiv.org/pdf/2501.06300,https://github.com/joserapa98/tensorization-nns,,"SciPost Phys. Core 8, 095 (2025)",,1119,1119,"We present a tensorization algorithm for constructing tensor train/matrix product state (MPS) representations of functions, drawing on sketching and cross interpolation ideas. The method only requires black-box access to the target function and a small set of sample points defining the domain of interest. Thus, it is particularly well-suited for machine learning models, where the domain of interest is naturally defined by the training dataset. We show that this approach can be used to enhance the privacy and interpretability of neural network models. Specifically, we apply our decomposition to (i) obfuscate neural networks whose parameters encode patterns tied to the training data distribution, and (ii) estimate topological phases of matter that are easily accessible from the MPS representation. Additionally, we show that this tensorization can serve as an efficient initialization method for optimizing MPS in general settings, and that, for model compression, our algorithm achieves a superior trade-off between memory and time complexity compared to conventional tensorization methods of neural networks."
462,Tensor Network for Anomaly Detection in the Latent Space of Proton Collision Events at the LHC,2506.00102,10.1088/2632-2153/ae0243,consistent,arxiv,https://arxiv.org/abs/2506.00102,https://doi.org/10.1088/2632-2153/ae0243,iopscience.iop.org,https://arxiv.org/pdf/2506.00102,,,Machine Learning Science and Technology,,789,789,"Abstract The pursuit of discovering new phenomena at the Large Hadron Collider (LHC) requires constant innovation in algorithms and technologies. Tensor networks are mathematical models at the intersection of classical and quantum machine learning, which present a promising and efficient alternative for tackling these challenges. In this study, we propose a tensor network-based strategy for anomaly detection at the LHC and demonstrate its superior performance in identifying new phenomena compared to established quantum methods. Our model is a parameterized matrix product state with an isometric feature map, processing a latent representation of simulated LHC data generated by an autoencoder. Our results highlight the potential of tensor networks to enhance new-physics discovery."
119,Generalized Canonical Polyadic Tensor Decomposition,1808.07452,10.1137/18m1203626,consistent,arxiv,https://arxiv.org/abs/1808.07452,https://doi.org/10.1137/18m1203626,epubs.siam.org,https://arxiv.org/pdf/1808.07452,,,SIAM Review,,887,887,"Tensor decomposition is a fundamental unsupervised machine learning method in data science, with applications including network analysis and sensor data processing. This work develops a generalized canonical polyadic (GCP) low-rank tensor decomposition that allows other loss functions besides squared error. For instance, we can use logistic loss or Kullback--Leibler divergence, enabling tensor decomposition for binary or count data. We present a variety of statistically motivated loss functions for various scenarios. We provide a generalized framework for computing gradients and handling missing data that enables the use of standard optimization methods for fitting the model. We demonstrate the flexibility of the GCP decomposition on several real-world examples including interactions in a social network, neural activity in a mouse, and monthly rainfall measurements in India."
32,Geometric Structures in Tensor Representations (Final Release),1505.03027,,consistent,arxiv,https://arxiv.org/abs/1505.03027,,,https://arxiv.org/pdf/1505.03027,,,,,1868,1868,"The main goal of this paper is to study the geometric structures associated with the representation of tensors in subspace based formats. To do this we use a property of the so-called minimal subspaces which allows us to describe the tensor representation by means of a rooted tree. By using the tree structure and the dimensions of the associated minimal subspaces, we introduce, in the underlying algebraic tensor space, the set of tensors in a tree-based format with either bounded or fixed tree-based rank. This class contains the Tucker format and the Hierarchical Tucker format (including the Tensor Train format). In particular, we show that the set of tensors in the tree-based format with bounded (respectively, fixed) tree-based rank of an algebraic tensor product of normed vector spaces is an analytic Banach manifold. Indeed, the manifold geometry for the set of tensors with fixed tree-based rank is induced by a fibre bundle structure and the manifold geometry for the set of tensors with bounded tree-based rank is given by a finite union of connected components. In order to describe the relationship between these manifolds and the natural ambient space, we introduce the definition of topological tensor spaces in the tree-based format. We prove under natural conditions that any tensor of the topological tensor space under consideration admits best approximations in the manifold of tensors in the tree-based format with bounded tree-based rank. In this framework, we also show that the tangent (Banach) space at a given tensor is a complemented subspace in the natural ambient tensor Banach space and hence the set of tensors in the tree-based format with bounded (respectively, fixed) tree-based rank is an immersed submanifold. This fact allows us to extend the Dirac-Frenkel variational principle in the framework of topological tensor spaces."
58,Tensor Networks in a Nutshell,1708.00006,,consistent,arxiv,https://arxiv.org/abs/1708.00006,,,https://arxiv.org/pdf/1708.00006,,,,,891,891,"Tensor network methods are taking a central role in modern quantum physics and beyond. They can provide an efficient approximation to certain classes of quantum states, and the associated graphical language makes it easy to describe and pictorially reason about quantum circuits, channels, protocols, open systems and more. Our goal is to explain tensor networks and some associated methods as quickly and as painlessly as possible. Beginning with the key definitions, the graphical tensor network language is presented through examples. We then provide an introduction to matrix product states. We conclude the tutorial with tensor contractions evaluating combinatorial counting problems. The first one counts the number of solutions for Boolean formulae, whereas the second is Penrose's tensor contraction algorithm, returning the number of $3$-edge-colorings of $3$-regular planar graphs."
238,Hypoformer: Hybrid Decomposition Transformer for Edge-friendly Neural Machine Translation,,10.18653/v1/2022.emnlp-main.475,consistent,openalex,,https://doi.org/10.18653/v1/2022.emnlp-main.475,aclanthology.org,,,,,,728,728,"Transformer has been demonstrated effective in Neural Machine Translation (NMT).However, it is memory-consuming and time-consuming in edge devices, resulting in some difficulties for real-time feedback.To compress and accelerate Transformer, we propose a Hybrid Tensor-Train (HTT) decomposition, which retains full rank and meanwhile reduces operations and parameters.A Transformer using HTT, named Hypoformer, consistently and notably outperforms the recent lightweight SOTA methods on three standard translation tasks under different parameter and speed scales.In extreme low resource scenarios, Hypoformer has a 7.1 point absolute improvement in BLEU and 1.27× speedup than the vanilla Transformer on the IWSLT'14 De-En task."
440,Coupled Tensor Decomposition for Compact Network Representation,,10.1109/tnnls.2025.3609797,consistent,openalex,,https://doi.org/10.1109/tnnls.2025.3609797,ieeexplore.ieee.org,,,,IEEE Transactions on Neural Networks and Learning Systems,IEEE Transactions on Neural Networks and Learning Systems,1173,1173,"In this article, we introduce an approach called coupled filters decomposition, which builds on the key observation that redundancy exists among filters in a convolutional layer, meaning that similar filters can produce partially overlapping outputs. Leveraging this insight, we propose a joint decomposition of filters using coupled tensor decompositions, specifically coupled canonical polyadic decomposition (CPD), which enables the sharing of a common factor matrix across similar filters. This joint factorization not only reduces the number of parameters but also lowers computational complexity by eliminating redundant computations. To further improve efficiency, we first cluster the filters before decomposition. The grouping relies on a custom metric based on the subspace spanned by the shared-mode factor. Within each group, the coupling constraint is less restrictive. Extensive experiments across various architectures, datasets, and tasks validate the effectiveness of our method, demonstrating its competitive performance compared to state-of-the-art model compression techniques. Our code is available for research purposes at https://codec-ai.github.io/."
293,NeuKron: Constant-Size Lossy Compression of Sparse Reorderable Matrices and Tensors,,10.1145/3543507.3583226,consistent,openalex,,https://doi.org/10.1145/3543507.3583226,dl.acm.org,,,,,,1480,1480,"Many real-world data are naturally represented as a sparse reorderable matrix, whose rows and columns can be arbitrarily ordered (e.g., the adjacency matrix of a bipartite graph). Storing a sparse matrix in conventional ways requires an amount of space linear in the number of non-zeros, and lossy compression of sparse matrices (e.g., Truncated SVD) typically requires an amount of space linear in the number of rows and columns. In this work, we propose NeuKron for compressing a sparse reorderable matrix into a constant-size space. NeuKron generalizes Kronecker products using a recurrent neural network with a constant number of parameters. NeuKron updates the parameters so that a given matrix is approximated by the product and reorders the rows and columns of the matrix to facilitate the approximation. The updates take time linear in the number of non-zeros in the input matrix, and the approximation of each entry can be retrieved in logarithmic time. We also extend NeuKron to compress sparse reorderable tensors (e.g. multi-layer graphs), which generalize matrices. Through experiments on ten real-world datasets, we show that NeuKron is (a) Compact: requiring up to five orders of magnitude less space than its best competitor with similar approximation errors, (b) Accurate: giving up to 10 × smaller approximation error than its best competitors with similar size outputs, and (c) Scalable: successfully compressing a matrix with over 230 million non-zero entries."
212,Multi-View Tensor Graph Neural Networks Through Reinforced Aggregation,,10.1109/tkde.2022.3142179,consistent,openalex,,https://doi.org/10.1109/tkde.2022.3142179,ieeexplore.ieee.org,,,,IEEE Transactions on Knowledge and Data Engineering,IEEE Transactions on Knowledge and Data Engineering,1537,1537,"Graph Neural Networks (GNNs) have yielded fruitful results in learning multi-view graph data. However, it is challenging for existing GNNs to capture the potential correlation information (PCI) among the graph structure features of multiple views. It is also challenging to adaptively identify valuable neighbors for node feature fusion in different views. To this end, we propose a novelReinforcedTensorGraphNeuralNetwork (RTGNN) framework to more effectively perform multi-view graph representation learning through reinforcing inter- and intra-graph aggregation. Specifically, RTGNN first uses tensor decomposition to extract the graph structure features (GSFs) of each view in the common feature space. These GSFs contain the PCI of multiple views and alleviate fusion conflicts that may be caused by differences between view feature spaces in cross-view feature fusion. Since fusing the features of all neighbor nodes may harm the features of the center node, we filter the irrelevant neighbors to improve the performance of intra-graph aggregation in each view. Concretely, a reinforcement learning (RL)-guided scheme is developed to automatically calculate the optimal filtering threshold for each view, avoiding tedious manual updates and infeasible back propagation updates. Experimental results and analysis on five datasets show that RTGNN surpasses the best multi-view graph representation baselines and achieves the maximum 14.26% performance improvement in terms of F1. The code link ishttps://github.com/RingBDStack/RTGNN."
278,Density Matrix Renormalization Group with Tensor Processing Units,,10.1103/prxquantum.4.010317,consistent,openalex,,https://doi.org/10.1103/prxquantum.4.010317,link.aps.org,,,,PRX Quantum,PRX Quantum,234,234,"A novel architecture is used to boost the density-matrix renormalization group, an important and widely used algorithm, impressively pushing the boundary of the current state of the art by at least an order of magnitude in complexity."
626,Renormalization Group Guided Tensor Network Structure Search,,10.1609/aaai.v40i31.39840,consistent,openalex,,https://doi.org/10.1609/aaai.v40i31.39840,ojs.aaai.org,,,,Proceedings of the AAAI Conference on Artificial Intelligence,Proceedings of the AAAI Conference on Artificial Intelligence,1624,1624,"Tensor network structure search (TN-SS) aims to automatically discover optimal network topologies and rank configurations for efficient tensor decomposition in high-dimensional data representation. Despite recent advances, existing TN-SS methods face significant limitations in computational tractability, structure adaptivity, and optimization robustness across diverse tensor characteristics. They struggle with three key challenges: single-scale optimization missing multi-scale structures, discrete search spaces hindering smooth structure evolution, and separated structure-parameter optimization causing computational inefficiency. We propose RGTN (Renormalization Group guided Tensor Network search), a physics-inspired framework transforming TN-SS via multi-scale renormalization group flows. Unlike fixed-scale discrete search methods, RGTN uses dynamic scale-transformation for continuous structure evolution across resolutions. Its core innovation includes learnable edge gates for optimization-stage topology modification and intelligent proposals based on physical quantities like node tension measuring local stress, and edge information flow quantifying connectivity importance. Starting from low-complexity coarse scales and refining to finer ones, RGTN finds compact structures while escaping local minima via scale-induced perturbations. Extensive experiments on light field data, high-order synthetic tensors, and video completion tasks show RGTN achieves state-of-the-art compression ratios and runs 4-600 times faster than existing methods, validating the effectiveness of our physics-inspired approach."
90,Tensor Ring Decomposition with Rank Minimization on Latent Space: An Efficient Approach for Tensor Completion,,10.1609/aaai.v33i01.33019151,consistent,openalex,,https://doi.org/10.1609/aaai.v33i01.33019151,ojs.aaai.org,,,,Proceedings of the AAAI Conference on Artificial Intelligence,Proceedings of the AAAI Conference on Artificial Intelligence,1278,1278,"In tensor completion tasks, the traditional low-rank tensor decomposition models suffer from the laborious model selection problem due to their high model sensitivity. In particular, for tensor ring (TR) decomposition, the number of model possibilities grows exponentially with the tensor order, which makes it rather challenging to find the optimal TR decomposition. In this paper, by exploiting the low-rank structure of the TR latent space, we propose a novel tensor completion method which is robust to model selection. In contrast to imposing the low-rank constraint on the data space, we introduce nuclear norm regularization on the latent TR factors, resulting in the optimization step using singular value decomposition (SVD) being performed at a much smaller scale. By leveraging the alternating direction method of multipliers (ADMM) scheme, the latent TR factors with optimal rank and the recovered tensor can be obtained simultaneously. Our proposed algorithm is shown to effectively alleviate the burden of TR-rank selection, thereby greatly reducing the computational cost. The extensive experimental results on both synthetic and real-world data demonstrate the superior performance and efficiency of the proposed approach against the state-of-the-art algorithms."
346,Hyperoptimized Approximate Contraction of Tensor Networks with Arbitrary Geometry,,10.1103/physrevx.14.011009,consistent,openalex,,https://doi.org/10.1103/physrevx.14.011009,link.aps.org,,,,Physical Review X,Physical Review X,962,962,"Tensor network contraction is central to problems ranging from many-body physics to computer science. We describe how to approximate tensor network contraction through bond compression on arbitrary graphs. In particular, we introduce a hyperoptimization over the compression and contraction strategy itself to minimize error and cost. We demonstrate that our protocol outperforms both handcrafted contraction strategies in the literature as well as recently proposed general contraction algorithms on a variety of synthetic and physical problems on regular lattices and random regular graphs. We further showcase the power of the approach by demonstrating approximate contraction of tensor networks for frustrated three-dimensional lattice partition functions, dimer counting on random regular graphs, and to access the hardness transition of random tensor network models, in graphs with many thousands of tensors. Published by the American Physical Society 2024"
